2026-01-11T12:17:08.342Z - JWT Callback {"tokenSub":"cmk9bgl6a000012jn39z40tqg","event":"Session","hasAccount":false}
2026-01-11T12:17:11.522Z - JWT Callback {"tokenSub":"cmk9bgl6a000012jn39z40tqg","event":"Session","hasAccount":false}
2026-01-11T12:17:11.527Z - JWT Callback {"tokenSub":"cmk9bgl6a000012jn39z40tqg","event":"Session","hasAccount":false}
2026-01-11T12:17:11.594Z - JWT Callback {"tokenSub":"cmk9bgl6a000012jn39z40tqg","event":"Session","hasAccount":false}
2026-01-11T12:17:11.678Z - JWT Callback {"tokenSub":"cmk9bgl6a000012jn39z40tqg","event":"Session","hasAccount":false}
2026-01-11T12:17:16.389Z - JWT Callback {"tokenSub":"cmk9bgl6a000012jn39z40tqg","event":"Session","hasAccount":false}
2026-01-11T12:17:52.499Z - JWT Callback {"tokenSub":"cmk9bgl6a000012jn39z40tqg","event":"Session","hasAccount":false}
2026-01-11T12:17:53.072Z - JWT Callback {"tokenSub":"cmk9bgl6a000012jn39z40tqg","event":"Session","hasAccount":false}
2026-01-11T15:08:41.512Z - JWT Callback {"tokenSub":"cmk7e2c1r0001oqeum9zh3c1u","event":"Session","hasAccount":false}
2026-01-11T15:13:03.190Z - JWT Callback {"tokenSub":"cmk7e2c1r0001oqeum9zh3c1u","event":"Session","hasAccount":false}
2026-01-11T15:13:43.431Z - JWT Callback {"tokenSub":"cmk7e2c1r0001oqeum9zh3c1u","event":"Session","hasAccount":false}
2026-01-11T15:13:45.540Z - JWT Callback {"tokenSub":"cmk7e2c1r0001oqeum9zh3c1u","event":"Session","hasAccount":false}
2026-01-11T15:13:46.599Z - JWT Callback {"tokenSub":"cmk7e2c1r0001oqeum9zh3c1u","event":"Session","hasAccount":false}
2026-01-11T15:13:49.166Z - JWT Callback {"tokenSub":"cmk7e2c1r0001oqeum9zh3c1u","event":"Session","hasAccount":false}
2026-01-11T15:14:21.544Z - JWT Callback {"tokenSub":"cmk7e2c1r0001oqeum9zh3c1u","event":"Session","hasAccount":false}
2026-01-11T15:14:22.121Z - JWT Callback {"tokenSub":"cmk7e2c1r0001oqeum9zh3c1u","event":"Session","hasAccount":false}
2026-01-11T15:14:22.564Z - JWT Callback {"tokenSub":"cmk7e2c1r0001oqeum9zh3c1u","event":"Session","hasAccount":false}
2026-01-11T15:14:22.623Z - JWT Callback {"tokenSub":"cmk7e2c1r0001oqeum9zh3c1u","event":"Session","hasAccount":false}
2026-01-11T15:14:37.325Z - JWT Callback {"tokenSub":"cmk7e2c1r0001oqeum9zh3c1u","event":"Session","hasAccount":false}
2026-01-11T15:14:44.177Z - JWT Callback {"tokenSub":"cmk7e2c1r0001oqeum9zh3c1u","event":"Session","hasAccount":false}
2026-01-11T15:14:45.593Z - JWT Callback {"tokenSub":"cmk7e2c1r0001oqeum9zh3c1u","event":"Session","hasAccount":false}
2026-01-11T15:18:57.334Z - SignIn Callback {"userEmail":"jasonroycompany@gmail.com","provider":"google"}
2026-01-11T15:18:59.310Z - JWT Callback {"tokenSub":"cmk7e2c1r0001oqeum9zh3c1u","event":"SignIn","hasAccount":true}
2026-01-11T15:19:08.561Z - JWT Callback {"tokenSub":"cmk7e2c1r0001oqeum9zh3c1u","event":"Session","hasAccount":false}
2026-01-11T15:19:09.924Z - JWT Callback {"tokenSub":"cmk7e2c1r0001oqeum9zh3c1u","event":"Session","hasAccount":false}
2026-01-11T15:19:13.623Z - JWT Callback {"tokenSub":"cmk7e2c1r0001oqeum9zh3c1u","event":"Session","hasAccount":false}
2026-01-11T15:19:25.415Z - SignIn Callback {"userEmail":"jasonroycompany@gmail.com","provider":"google"}
2026-01-11T15:19:25.427Z - JWT Callback {"tokenSub":"cmk7e2c1r0001oqeum9zh3c1u","event":"SignIn","hasAccount":true}
2026-01-11T15:19:25.583Z - JWT Callback {"tokenSub":"cmk7e2c1r0001oqeum9zh3c1u","event":"Session","hasAccount":false}
2026-01-11T15:19:25.967Z - JWT Callback {"tokenSub":"cmk7e2c1r0001oqeum9zh3c1u","event":"Session","hasAccount":false}
2026-01-11T15:19:47.106Z - JWT Callback {"tokenSub":"cmk7e2c1r0001oqeum9zh3c1u","event":"Session","hasAccount":false}
2026-01-11T15:19:55.334Z - JWT Callback {"tokenSub":"cmk7e2c1r0001oqeum9zh3c1u","event":"Session","hasAccount":false}
2026-01-11T15:19:57.013Z - JWT Callback {"tokenSub":"cmk7e2c1r0001oqeum9zh3c1u","event":"Session","hasAccount":false}
2026-01-11T15:26:24.524Z - JWT Callback {"tokenSub":"cmk7e2c1r0001oqeum9zh3c1u","event":"Session","hasAccount":false}
2026-01-11T15:26:43.211Z - SignIn Callback {"userEmail":"jasonroycompany@gmail.com","provider":"google"}
2026-01-11T15:26:43.224Z - JWT Callback {"tokenSub":"cmk7e2c1r0001oqeum9zh3c1u","event":"SignIn","hasAccount":true}
2026-01-11T15:26:43.553Z - JWT Callback {"tokenSub":"cmk7e2c1r0001oqeum9zh3c1u","event":"Session","hasAccount":false}
2026-01-11T15:26:43.966Z - JWT Callback {"tokenSub":"cmk7e2c1r0001oqeum9zh3c1u","event":"Session","hasAccount":false}
2026-01-11T15:28:46.772Z - JWT Callback {"tokenSub":"cmk7e2c1r0001oqeum9zh3c1u","event":"Session","hasAccount":false}
2026-01-11T15:28:46.824Z - JWT Callback {"tokenSub":"cmk7e2c1r0001oqeum9zh3c1u","event":"Session","hasAccount":false}
2026-01-11T15:29:15.060Z - JWT Callback {"tokenSub":"cmk7e2c1r0001oqeum9zh3c1u","event":"Session","hasAccount":false}
2026-01-11T15:33:13.997Z - SignIn Callback {"userEmail":"jasonroycompany@gmail.com","provider":"google"}
2026-01-11T15:33:14.008Z - JWT Callback {"tokenSub":"cmk7e2c1r0001oqeum9zh3c1u","event":"SignIn","hasAccount":true}
2026-01-11T15:33:16.707Z - JWT Callback {"tokenSub":"cmk7e2c1r0001oqeum9zh3c1u","event":"Session","hasAccount":false}
2026-01-11T15:33:17.262Z - JWT Callback {"tokenSub":"cmk7e2c1r0001oqeum9zh3c1u","event":"Session","hasAccount":false}
2026-01-11T15:33:23.993Z - JWT Callback {"tokenSub":"cmk7e2c1r0001oqeum9zh3c1u","event":"Session","hasAccount":false}
2026-01-11T15:33:33.596Z - JWT Callback {"tokenSub":"cmk7e2c1r0001oqeum9zh3c1u","event":"Session","hasAccount":false}
2026-01-11T15:33:42.905Z - JWT Callback {"tokenSub":"cmk7e2c1r0001oqeum9zh3c1u","event":"Session","hasAccount":false}
2026-01-11T15:34:03.491Z - JWT Callback {"tokenSub":"cmk7e2c1r0001oqeum9zh3c1u","event":"Session","hasAccount":false}
2026-01-11T15:34:52.482Z - JWT Callback {"tokenSub":"cmk7e2c1r0001oqeum9zh3c1u","event":"Session","hasAccount":false}
2026-01-11T15:34:54.810Z - JWT Callback {"tokenSub":"cmk7e2c1r0001oqeum9zh3c1u","event":"Session","hasAccount":false}
2026-01-11T15:34:55.290Z - JWT Callback {"tokenSub":"cmk7e2c1r0001oqeum9zh3c1u","event":"Session","hasAccount":false}
2026-01-11T15:34:55.342Z - JWT Callback {"tokenSub":"cmk7e2c1r0001oqeum9zh3c1u","event":"Session","hasAccount":false}
2026-01-11T15:37:07.621Z - JWT Callback {"tokenSub":"cmk7e2c1r0001oqeum9zh3c1u","event":"Session","hasAccount":false}
2026-01-11T15:37:31.992Z - JWT Callback {"tokenSub":"cmk7e2c1r0001oqeum9zh3c1u","event":"Session","hasAccount":false}
2026-01-11T15:38:26.082Z - JWT Callback {"tokenSub":"cmk7e2c1r0001oqeum9zh3c1u","event":"Session","hasAccount":false}
2026-01-11T15:40:05.536Z - JWT Callback {"tokenSub":"cmk7e2c1r0001oqeum9zh3c1u","event":"Session","hasAccount":false}
2026-01-11T15:40:07.639Z - JWT Callback {"tokenSub":"cmk7e2c1r0001oqeum9zh3c1u","event":"Session","hasAccount":false}
2026-01-11T15:40:08.181Z - JWT Callback {"tokenSub":"cmk7e2c1r0001oqeum9zh3c1u","event":"Session","hasAccount":false}
2026-01-11T15:40:10.013Z - JWT Callback {"tokenSub":"cmk7e2c1r0001oqeum9zh3c1u","event":"Session","hasAccount":false}
2026-01-11T15:40:12.865Z - JWT Callback {"tokenSub":"cmk7e2c1r0001oqeum9zh3c1u","event":"Session","hasAccount":false}
2026-01-11T15:40:49.911Z - JWT Callback {"tokenSub":"cmk7e2c1r0001oqeum9zh3c1u","event":"Session","hasAccount":false}
2026-01-11T15:40:51.257Z - JWT Callback {"tokenSub":"cmk7e2c1r0001oqeum9zh3c1u","event":"Session","hasAccount":false}
2026-01-11T15:40:51.884Z - JWT Callback {"tokenSub":"cmk7e2c1r0001oqeum9zh3c1u","event":"Session","hasAccount":false}
2026-01-11T15:40:51.902Z - JWT Callback {"tokenSub":"cmk7e2c1r0001oqeum9zh3c1u","event":"Session","hasAccount":false}
2026-01-11T15:41:50.305Z - JWT Callback {"tokenSub":"cmk7e2c1r0001oqeum9zh3c1u","event":"Session","hasAccount":false}
2026-01-11T15:44:07.232Z - JWT Callback {"tokenSub":"cmk7e2c1r0001oqeum9zh3c1u","event":"Session","hasAccount":false}
2026-01-11T15:44:09.050Z - JWT Callback {"tokenSub":"cmk7e2c1r0001oqeum9zh3c1u","event":"Session","hasAccount":false}
2026-01-11T15:44:09.587Z - JWT Callback {"tokenSub":"cmk7e2c1r0001oqeum9zh3c1u","event":"Session","hasAccount":false}
2026-01-11T15:44:12.436Z - JWT Callback {"tokenSub":"cmk7e2c1r0001oqeum9zh3c1u","event":"Session","hasAccount":false}
2026-01-11T15:45:59.867Z - JWT Callback {"tokenSub":"cmk7e2c1r0001oqeum9zh3c1u","event":"Session","hasAccount":false}
2026-01-11T15:46:01.810Z - JWT Callback {"tokenSub":"cmk7e2c1r0001oqeum9zh3c1u","event":"Session","hasAccount":false}
2026-01-11T15:46:02.229Z - JWT Callback {"tokenSub":"cmk7e2c1r0001oqeum9zh3c1u","event":"Session","hasAccount":false}
2026-01-11T15:46:02.296Z - JWT Callback {"tokenSub":"cmk7e2c1r0001oqeum9zh3c1u","event":"Session","hasAccount":false}
2026-01-11T15:47:19.489Z - JWT Callback {"tokenSub":"cmk7e2c1r0001oqeum9zh3c1u","event":"Session","hasAccount":false}
2026-01-11T16:49:15.038Z - SignIn Callback {"userEmail":"jasonroycompany@gmail.com","provider":"credentials"}
2026-01-11T16:49:15.048Z - JWT Callback {"tokenSub":"cmk7e2c1r0001oqeum9zh3c1u","event":"SignIn","hasAccount":true}
2026-01-11T16:49:15.152Z - JWT Callback {"tokenSub":"cmk7e2c1r0001oqeum9zh3c1u","event":"Session","hasAccount":false}
2026-01-11T16:49:18.121Z - JWT Callback {"tokenSub":"cmk7e2c1r0001oqeum9zh3c1u","event":"Session","hasAccount":false}
2026-01-11T16:49:18.244Z - JWT Callback {"tokenSub":"cmk7e2c1r0001oqeum9zh3c1u","event":"Session","hasAccount":false}
2026-01-11T16:49:18.325Z - JWT Callback {"tokenSub":"cmk7e2c1r0001oqeum9zh3c1u","event":"Session","hasAccount":false}
2026-01-11T16:49:46.993Z - JWT Callback {"tokenSub":"cmk7e2c1r0001oqeum9zh3c1u","event":"Session","hasAccount":false}
2026-01-11T16:50:01.298Z - JWT Callback {"tokenSub":"cmk7e2c1r0001oqeum9zh3c1u","event":"Session","hasAccount":false}
2026-01-11T16:50:03.555Z - JWT Callback {"tokenSub":"cmk7e2c1r0001oqeum9zh3c1u","event":"Session","hasAccount":false}
2026-01-11T16:50:25.564Z - JWT Callback {"tokenSub":"cmk7e2c1r0001oqeum9zh3c1u","event":"Session","hasAccount":false}
2026-01-11T16:50:26.195Z - JWT Callback {"tokenSub":"cmk7e2c1r0001oqeum9zh3c1u","event":"Session","hasAccount":false}
2026-01-11T16:50:27.283Z - JWT Callback {"tokenSub":"cmk7e2c1r0001oqeum9zh3c1u","event":"Session","hasAccount":false}
2026-01-11T16:50:49.208Z - JWT Callback {"tokenSub":"cmk7e2c1r0001oqeum9zh3c1u","event":"Session","hasAccount":false}
2026-01-11T16:51:03.620Z - SignIn Callback {"userEmail":"jasonroycompany@gmail.com","provider":"google"}
2026-01-11T16:51:03.636Z - JWT Callback {"tokenSub":"cmk7e2c1r0001oqeum9zh3c1u","event":"SignIn","hasAccount":true}
2026-01-11T16:51:03.875Z - JWT Callback {"tokenSub":"cmk7e2c1r0001oqeum9zh3c1u","event":"Session","hasAccount":false}
2026-01-11T16:51:04.324Z - JWT Callback {"tokenSub":"cmk7e2c1r0001oqeum9zh3c1u","event":"Session","hasAccount":false}
2026-01-11T16:51:04.383Z - JWT Callback {"tokenSub":"cmk7e2c1r0001oqeum9zh3c1u","event":"Session","hasAccount":false}
2026-01-11T16:51:25.049Z - JWT Callback {"tokenSub":"cmk7e2c1r0001oqeum9zh3c1u","event":"Session","hasAccount":false}
2026-01-11T16:51:26.465Z - JWT Callback {"tokenSub":"cmk7e2c1r0001oqeum9zh3c1u","event":"Session","hasAccount":false}
2026-01-11T16:52:09.509Z - JWT Callback {"tokenSub":"cmk7e2c1r0001oqeum9zh3c1u","event":"Session","hasAccount":false}
2026-01-11T16:52:10.230Z - JWT Callback {"tokenSub":"cmk7e2c1r0001oqeum9zh3c1u","event":"Session","hasAccount":false}
2026-01-11T16:52:10.678Z - JWT Callback {"tokenSub":"cmk7e2c1r0001oqeum9zh3c1u","event":"Session","hasAccount":false}
2026-01-11T16:52:10.688Z - JWT Callback {"tokenSub":"cmk7e2c1r0001oqeum9zh3c1u","event":"Session","hasAccount":false}
2026-01-11T16:52:16.234Z - JWT Callback {"tokenSub":"cmk7e2c1r0001oqeum9zh3c1u","event":"Session","hasAccount":false}
2026-01-11T16:52:16.784Z - JWT Callback {"tokenSub":"cmk7e2c1r0001oqeum9zh3c1u","event":"Session","hasAccount":false}
2026-01-11T16:52:21.374Z - JWT Callback {"tokenSub":"cmk7e2c1r0001oqeum9zh3c1u","event":"Session","hasAccount":false}
2026-01-11T16:52:21.857Z - JWT Callback {"tokenSub":"cmk7e2c1r0001oqeum9zh3c1u","event":"Session","hasAccount":false}
2026-01-11T16:57:50.608Z - JWT Callback {"tokenSub":"cmk7e2c1r0001oqeum9zh3c1u","event":"Session","hasAccount":false}
2026-01-11T16:57:52.876Z - JWT Callback {"tokenSub":"cmk7e2c1r0001oqeum9zh3c1u","event":"Session","hasAccount":false}
2026-01-11T16:57:53.353Z - JWT Callback {"tokenSub":"cmk7e2c1r0001oqeum9zh3c1u","event":"Session","hasAccount":false}
2026-01-11T16:57:53.419Z - JWT Callback {"tokenSub":"cmk7e2c1r0001oqeum9zh3c1u","event":"Session","hasAccount":false}
2026-01-11T16:58:00.729Z - JWT Callback {"tokenSub":"cmk7e2c1r0001oqeum9zh3c1u","event":"Session","hasAccount":false}
2026-01-11T16:58:01.093Z - JWT Callback {"tokenSub":"cmk7e2c1r0001oqeum9zh3c1u","event":"Session","hasAccount":false}
2026-01-11T16:58:01.185Z - JWT Callback {"tokenSub":"cmk7e2c1r0001oqeum9zh3c1u","event":"Session","hasAccount":false}
2026-01-11T16:58:03.262Z - JWT Callback {"tokenSub":"cmk7e2c1r0001oqeum9zh3c1u","event":"Session","hasAccount":false}
2026-01-11T16:58:03.645Z - JWT Callback {"tokenSub":"cmk7e2c1r0001oqeum9zh3c1u","event":"Session","hasAccount":false}
2026-01-11T16:59:09.329Z - JWT Callback {"tokenSub":"cmk7e2c1r0001oqeum9zh3c1u","event":"Session","hasAccount":false}
2026-01-11T16:59:19.994Z - JWT Callback {"tokenSub":"cmk7e2c1r0001oqeum9zh3c1u","event":"Session","hasAccount":false}
2026-01-11T16:59:20.497Z - JWT Callback {"tokenSub":"cmk7e2c1r0001oqeum9zh3c1u","event":"Session","hasAccount":false}
2026-01-11T16:59:20.576Z - JWT Callback {"tokenSub":"cmk7e2c1r0001oqeum9zh3c1u","event":"Session","hasAccount":false}
2026-01-11T16:59:22.728Z - JWT Callback {"tokenSub":"cmk7e2c1r0001oqeum9zh3c1u","event":"Session","hasAccount":false}
2026-01-11T16:59:23.068Z - JWT Callback {"tokenSub":"cmk7e2c1r0001oqeum9zh3c1u","event":"Session","hasAccount":false}
2026-01-11T16:59:27.344Z - JWT Callback {"tokenSub":"cmk7e2c1r0001oqeum9zh3c1u","event":"Session","hasAccount":false}
2026-01-11T16:59:27.703Z - JWT Callback {"tokenSub":"cmk7e2c1r0001oqeum9zh3c1u","event":"Session","hasAccount":false}
2026-01-11T17:00:48.623Z - JWT Callback {"tokenSub":"cmk7e2c1r0001oqeum9zh3c1u","event":"Session","hasAccount":false}
2026-01-11T17:00:49.153Z - JWT Callback {"tokenSub":"cmk7e2c1r0001oqeum9zh3c1u","event":"Session","hasAccount":false}
2026-01-11T17:06:57.077Z - JWT Callback {"tokenSub":"cmk7e2c1r0001oqeum9zh3c1u","event":"Session","hasAccount":false}
2026-01-11T17:06:57.745Z - JWT Callback {"tokenSub":"cmk7e2c1r0001oqeum9zh3c1u","event":"Session","hasAccount":false}
2026-01-11T17:07:44.628Z - JWT Callback {"tokenSub":"cmk7e2c1r0001oqeum9zh3c1u","event":"Session","hasAccount":false}
2026-01-11T17:07:45.101Z - JWT Callback {"tokenSub":"cmk7e2c1r0001oqeum9zh3c1u","event":"Session","hasAccount":false}
2026-01-11T17:09:33.687Z - JWT Callback {"tokenSub":"cmk7e2c1r0001oqeum9zh3c1u","event":"Session","hasAccount":false}
2026-01-11T17:09:36.198Z - JWT Callback {"tokenSub":"cmk7e2c1r0001oqeum9zh3c1u","event":"Session","hasAccount":false}
2026-01-11T17:09:36.648Z - JWT Callback {"tokenSub":"cmk7e2c1r0001oqeum9zh3c1u","event":"Session","hasAccount":false}
2026-01-11T17:09:36.722Z - JWT Callback {"tokenSub":"cmk7e2c1r0001oqeum9zh3c1u","event":"Session","hasAccount":false}
2026-01-11T17:09:59.533Z - JWT Callback {"tokenSub":"cmk7e2c1r0001oqeum9zh3c1u","event":"Session","hasAccount":false}
2026-01-11T17:10:00.143Z - JWT Callback {"tokenSub":"cmk7e2c1r0001oqeum9zh3c1u","event":"Session","hasAccount":false}
2026-01-11T17:10:00.541Z - JWT Callback {"tokenSub":"cmk7e2c1r0001oqeum9zh3c1u","event":"Session","hasAccount":false}
2026-01-11T17:10:00.610Z - JWT Callback {"tokenSub":"cmk7e2c1r0001oqeum9zh3c1u","event":"Session","hasAccount":false}
2026-01-11T17:11:49.651Z - JWT Callback {"tokenSub":"cmk7e2c1r0001oqeum9zh3c1u","event":"Session","hasAccount":false}
2026-01-11T17:11:50.104Z - JWT Callback {"tokenSub":"cmk7e2c1r0001oqeum9zh3c1u","event":"Session","hasAccount":false}
2026-01-11T17:12:32.784Z - JWT Callback {"tokenSub":"cmk7e2c1r0001oqeum9zh3c1u","event":"Session","hasAccount":false}
2026-01-11T17:12:36.203Z - JWT Callback {"tokenSub":"cmk7e2c1r0001oqeum9zh3c1u","event":"Session","hasAccount":false}
2026-01-11T17:12:39.928Z - JWT Callback {"tokenSub":"cmk7e2c1r0001oqeum9zh3c1u","event":"Session","hasAccount":false}
2026-01-11T17:12:39.937Z - JWT Callback {"tokenSub":"cmk7e2c1r0001oqeum9zh3c1u","event":"Session","hasAccount":false}
2026-01-11T17:12:43.270Z - JWT Callback {"tokenSub":"cmk7e2c1r0001oqeum9zh3c1u","event":"Session","hasAccount":false}
2026-01-11T17:12:43.635Z - JWT Callback {"tokenSub":"cmk7e2c1r0001oqeum9zh3c1u","event":"Session","hasAccount":false}
2026-01-11T17:14:33.870Z - JWT Callback {"tokenSub":"cmk7e2c1r0001oqeum9zh3c1u","event":"Session","hasAccount":false}
2026-01-11T17:15:44.638Z - JWT Callback {"tokenSub":"cmk7e2c1r0001oqeum9zh3c1u","event":"Session","hasAccount":false}
2026-01-11T17:15:46.521Z - JWT Callback {"tokenSub":"cmk7e2c1r0001oqeum9zh3c1u","event":"Session","hasAccount":false}
2026-01-11T17:15:47.499Z - JWT Callback {"tokenSub":"cmk7e2c1r0001oqeum9zh3c1u","event":"Session","hasAccount":false}
2026-01-11T17:15:48.920Z - JWT Callback {"tokenSub":"cmk7e2c1r0001oqeum9zh3c1u","event":"Session","hasAccount":false}
2026-01-11T17:15:49.250Z - JWT Callback {"tokenSub":"cmk7e2c1r0001oqeum9zh3c1u","event":"Session","hasAccount":false}
2026-01-11T17:15:49.323Z - JWT Callback {"tokenSub":"cmk7e2c1r0001oqeum9zh3c1u","event":"Session","hasAccount":false}
2026-01-11T17:15:50.538Z - JWT Callback {"tokenSub":"cmk7e2c1r0001oqeum9zh3c1u","event":"Session","hasAccount":false}
2026-01-11T17:15:50.874Z - JWT Callback {"tokenSub":"cmk7e2c1r0001oqeum9zh3c1u","event":"Session","hasAccount":false}
2026-01-11T17:15:50.941Z - JWT Callback {"tokenSub":"cmk7e2c1r0001oqeum9zh3c1u","event":"Session","hasAccount":false}
2026-01-11T17:15:52.273Z - JWT Callback {"tokenSub":"cmk7e2c1r0001oqeum9zh3c1u","event":"Session","hasAccount":false}
2026-01-11T17:15:52.647Z - JWT Callback {"tokenSub":"cmk7e2c1r0001oqeum9zh3c1u","event":"Session","hasAccount":false}
2026-01-11T17:15:52.657Z - JWT Callback {"tokenSub":"cmk7e2c1r0001oqeum9zh3c1u","event":"Session","hasAccount":false}
2026-01-11T17:15:53.546Z - JWT Callback {"tokenSub":"cmk7e2c1r0001oqeum9zh3c1u","event":"Session","hasAccount":false}
2026-01-11T17:15:53.888Z - JWT Callback {"tokenSub":"cmk7e2c1r0001oqeum9zh3c1u","event":"Session","hasAccount":false}
2026-01-11T17:15:53.937Z - JWT Callback {"tokenSub":"cmk7e2c1r0001oqeum9zh3c1u","event":"Session","hasAccount":false}
2026-01-11T17:18:29.983Z - JWT Callback {"tokenSub":"cmk7e2c1r0001oqeum9zh3c1u","event":"Session","hasAccount":false}
2026-01-11T17:18:30.547Z - JWT Callback {"tokenSub":"cmk7e2c1r0001oqeum9zh3c1u","event":"Session","hasAccount":false}
2026-01-11T17:18:30.552Z - JWT Callback {"tokenSub":"cmk7e2c1r0001oqeum9zh3c1u","event":"Session","hasAccount":false}
2026-01-11T17:18:37.886Z - JWT Callback {"tokenSub":"cmk7e2c1r0001oqeum9zh3c1u","event":"Session","hasAccount":false}
2026-01-11T17:18:48.669Z - JWT Callback {"tokenSub":"cmk7e2c1r0001oqeum9zh3c1u","event":"Session","hasAccount":false}
2026-01-11T17:18:49.210Z - JWT Callback {"tokenSub":"cmk7e2c1r0001oqeum9zh3c1u","event":"Session","hasAccount":false}
2026-01-11T17:18:50.843Z - JWT Callback {"tokenSub":"cmk7e2c1r0001oqeum9zh3c1u","event":"Session","hasAccount":false}
2026-01-11T17:18:51.266Z - JWT Callback {"tokenSub":"cmk7e2c1r0001oqeum9zh3c1u","event":"Session","hasAccount":false}
2026-01-11T17:21:11.911Z - JWT Callback {"tokenSub":"cmk7e2c1r0001oqeum9zh3c1u","event":"Session","hasAccount":false}
2026-01-11T17:21:12.362Z - JWT Callback {"tokenSub":"cmk7e2c1r0001oqeum9zh3c1u","event":"Session","hasAccount":false}
2026-01-11T17:21:14.044Z - JWT Callback {"tokenSub":"cmk7e2c1r0001oqeum9zh3c1u","event":"Session","hasAccount":false}
2026-01-11T17:21:14.485Z - JWT Callback {"tokenSub":"cmk7e2c1r0001oqeum9zh3c1u","event":"Session","hasAccount":false}
2026-01-11T17:21:17.387Z - JWT Callback {"tokenSub":"cmk7e2c1r0001oqeum9zh3c1u","event":"Session","hasAccount":false}
2026-01-11T17:21:17.713Z - JWT Callback {"tokenSub":"cmk7e2c1r0001oqeum9zh3c1u","event":"Session","hasAccount":false}
2026-01-11T17:21:20.081Z - JWT Callback {"tokenSub":"cmk7e2c1r0001oqeum9zh3c1u","event":"Session","hasAccount":false}
2026-01-11T17:21:20.420Z - JWT Callback {"tokenSub":"cmk7e2c1r0001oqeum9zh3c1u","event":"Session","hasAccount":false}
2026-01-11T17:22:16.801Z - JWT Callback {"tokenSub":"cmk7e2c1r0001oqeum9zh3c1u","event":"Session","hasAccount":false}
2026-01-11T17:25:50.083Z - JWT Callback {"tokenSub":"cmk7e2c1r0001oqeum9zh3c1u","event":"Session","hasAccount":false}
2026-01-11T17:25:57.704Z - JWT Callback {"tokenSub":"cmk7e2c1r0001oqeum9zh3c1u","event":"Session","hasAccount":false}
2026-01-11T17:26:00.303Z - JWT Callback {"tokenSub":"cmk7e2c1r0001oqeum9zh3c1u","event":"Session","hasAccount":false}
2026-01-11T17:26:00.719Z - JWT Callback {"tokenSub":"cmk7e2c1r0001oqeum9zh3c1u","event":"Session","hasAccount":false}
2026-01-11T17:26:00.768Z - JWT Callback {"tokenSub":"cmk7e2c1r0001oqeum9zh3c1u","event":"Session","hasAccount":false}
2026-01-11T17:26:02.935Z - JWT Callback {"tokenSub":"cmk7e2c1r0001oqeum9zh3c1u","event":"Session","hasAccount":false}
2026-01-11T17:26:03.327Z - JWT Callback {"tokenSub":"cmk7e2c1r0001oqeum9zh3c1u","event":"Session","hasAccount":false}
2026-01-11T17:26:03.380Z - JWT Callback {"tokenSub":"cmk7e2c1r0001oqeum9zh3c1u","event":"Session","hasAccount":false}
2026-01-11T17:26:47.154Z - JWT Callback {"tokenSub":"cmk7e2c1r0001oqeum9zh3c1u","event":"Session","hasAccount":false}
2026-01-11T17:27:12.737Z - JWT Callback {"tokenSub":"cmk7e2c1r0001oqeum9zh3c1u","event":"Session","hasAccount":false}
2026-01-11T17:27:17.750Z - JWT Callback {"tokenSub":"cmk7e2c1r0001oqeum9zh3c1u","event":"Session","hasAccount":false}
2026-01-11T17:27:18.281Z - JWT Callback {"tokenSub":"cmk7e2c1r0001oqeum9zh3c1u","event":"Session","hasAccount":false}
2026-01-11T17:27:20.972Z - JWT Callback {"tokenSub":"cmk7e2c1r0001oqeum9zh3c1u","event":"Session","hasAccount":false}
2026-01-11T17:27:21.578Z - JWT Callback {"tokenSub":"cmk7e2c1r0001oqeum9zh3c1u","event":"Session","hasAccount":false}
2026-01-11T17:31:25.528Z - JWT Callback {"tokenSub":"cmk7e2c1r0001oqeum9zh3c1u","event":"Session","hasAccount":false}
2026-01-11T17:32:10.191Z - JWT Callback {"tokenSub":"cmk7e2c1r0001oqeum9zh3c1u","event":"Session","hasAccount":false}
2026-01-11T17:32:11.334Z - JWT Callback {"tokenSub":"cmk7e2c1r0001oqeum9zh3c1u","event":"Session","hasAccount":false}
2026-01-11T17:32:12.275Z - JWT Callback {"tokenSub":"cmk7e2c1r0001oqeum9zh3c1u","event":"Session","hasAccount":false}
2026-01-11T17:32:30.745Z - JWT Callback {"tokenSub":"cmk7e2c1r0001oqeum9zh3c1u","event":"Session","hasAccount":false}
2026-01-11T17:33:25.395Z - JWT Callback {"tokenSub":"cmk7e2c1r0001oqeum9zh3c1u","event":"Session","hasAccount":false}
2026-01-11T17:33:25.928Z - JWT Callback {"tokenSub":"cmk7e2c1r0001oqeum9zh3c1u","event":"Session","hasAccount":false}
2026-01-11T17:33:27.595Z - JWT Callback {"tokenSub":"cmk7e2c1r0001oqeum9zh3c1u","event":"Session","hasAccount":false}
2026-01-11T17:33:27.940Z - JWT Callback {"tokenSub":"cmk7e2c1r0001oqeum9zh3c1u","event":"Session","hasAccount":false}
2026-01-11T17:33:39.961Z - JWT Callback {"tokenSub":"cmk7e2c1r0001oqeum9zh3c1u","event":"Session","hasAccount":false}
2026-01-11T17:33:40.321Z - JWT Callback {"tokenSub":"cmk7e2c1r0001oqeum9zh3c1u","event":"Session","hasAccount":false}
2026-01-11T17:33:40.385Z - JWT Callback {"tokenSub":"cmk7e2c1r0001oqeum9zh3c1u","event":"Session","hasAccount":false}
2026-01-11T17:33:46.099Z - JWT Callback {"tokenSub":"cmk7e2c1r0001oqeum9zh3c1u","event":"Session","hasAccount":false}
2026-01-11T17:33:46.638Z - JWT Callback {"tokenSub":"cmk7e2c1r0001oqeum9zh3c1u","event":"Session","hasAccount":false}
2026-01-11T17:33:52.049Z - JWT Callback {"tokenSub":"cmk7e2c1r0001oqeum9zh3c1u","event":"Session","hasAccount":false}
2026-01-11T17:33:52.391Z - JWT Callback {"tokenSub":"cmk7e2c1r0001oqeum9zh3c1u","event":"Session","hasAccount":false}
2026-01-11T17:33:52.444Z - JWT Callback {"tokenSub":"cmk7e2c1r0001oqeum9zh3c1u","event":"Session","hasAccount":false}
2026-01-11T17:33:56.485Z - JWT Callback {"tokenSub":"cmk7e2c1r0001oqeum9zh3c1u","event":"Session","hasAccount":false}
2026-01-11T17:33:56.817Z - JWT Callback {"tokenSub":"cmk7e2c1r0001oqeum9zh3c1u","event":"Session","hasAccount":false}
2026-01-11T17:33:58.987Z - JWT Callback {"tokenSub":"cmk7e2c1r0001oqeum9zh3c1u","event":"Session","hasAccount":false}
2026-01-11T17:33:59.322Z - JWT Callback {"tokenSub":"cmk7e2c1r0001oqeum9zh3c1u","event":"Session","hasAccount":false}
2026-01-11T17:33:59.369Z - JWT Callback {"tokenSub":"cmk7e2c1r0001oqeum9zh3c1u","event":"Session","hasAccount":false}
2026-01-11T17:34:03.143Z - JWT Callback {"tokenSub":"cmk7e2c1r0001oqeum9zh3c1u","event":"Session","hasAccount":false}
2026-01-11T17:34:03.473Z - JWT Callback {"tokenSub":"cmk7e2c1r0001oqeum9zh3c1u","event":"Session","hasAccount":false}
2026-01-11T17:36:08.159Z - JWT Callback {"tokenSub":"cmk7e2c1r0001oqeum9zh3c1u","event":"Session","hasAccount":false}
2026-01-11T17:36:35.704Z - JWT Callback {"tokenSub":"cmk7e2c1r0001oqeum9zh3c1u","event":"Session","hasAccount":false}
2026-01-11T17:36:37.792Z - JWT Callback {"tokenSub":"cmk7e2c1r0001oqeum9zh3c1u","event":"Session","hasAccount":false}
2026-01-11T17:36:38.447Z - JWT Callback {"tokenSub":"cmk7e2c1r0001oqeum9zh3c1u","event":"Session","hasAccount":false}
2026-01-11T17:36:38.458Z - JWT Callback {"tokenSub":"cmk7e2c1r0001oqeum9zh3c1u","event":"Session","hasAccount":false}
2026-01-11T17:36:47.215Z - JWT Callback {"tokenSub":"cmk7e2c1r0001oqeum9zh3c1u","event":"Session","hasAccount":false}
2026-01-11T17:36:47.618Z - JWT Callback {"tokenSub":"cmk7e2c1r0001oqeum9zh3c1u","event":"Session","hasAccount":false}
2026-01-11T17:36:47.668Z - JWT Callback {"tokenSub":"cmk7e2c1r0001oqeum9zh3c1u","event":"Session","hasAccount":false}
2026-01-11T17:38:24.535Z - JWT Callback {"tokenSub":"cmk7e2c1r0001oqeum9zh3c1u","event":"Session","hasAccount":false}
2026-01-11T17:39:42.168Z - JWT Callback {"tokenSub":"cmk7e2c1r0001oqeum9zh3c1u","event":"Session","hasAccount":false}
2026-01-11T17:40:43.158Z - JWT Callback {"tokenSub":"cmk7e2c1r0001oqeum9zh3c1u","event":"Session","hasAccount":false}
2026-01-11T17:42:08.170Z - JWT Callback {"tokenSub":"cmk7e2c1r0001oqeum9zh3c1u","event":"Session","hasAccount":false}
2026-01-11T17:45:15.824Z - JWT Callback {"tokenSub":"cmk7e2c1r0001oqeum9zh3c1u","event":"Session","hasAccount":false}
2026-01-11T17:47:36.960Z - JWT Callback {"tokenSub":"cmk7e2c1r0001oqeum9zh3c1u","event":"Session","hasAccount":false}
2026-01-11T17:48:00.889Z - JWT Callback {"tokenSub":"cmk7e2c1r0001oqeum9zh3c1u","event":"Session","hasAccount":false}
2026-01-11T17:48:02.691Z - JWT Callback {"tokenSub":"cmk7e2c1r0001oqeum9zh3c1u","event":"Session","hasAccount":false}
2026-01-11T17:48:36.885Z - JWT Callback {"tokenSub":"cmk7e2c1r0001oqeum9zh3c1u","event":"Session","hasAccount":false}
2026-01-11T17:48:40.730Z - JWT Callback {"tokenSub":"cmk7e2c1r0001oqeum9zh3c1u","event":"Session","hasAccount":false}
2026-01-11T17:48:41.799Z - JWT Callback {"tokenSub":"cmk7e2c1r0001oqeum9zh3c1u","event":"Session","hasAccount":false}
2026-01-11T17:48:53.041Z - JWT Callback {"tokenSub":"cmk7e2c1r0001oqeum9zh3c1u","event":"Session","hasAccount":false}
2026-01-11T17:48:53.719Z - JWT Callback {"tokenSub":"cmk7e2c1r0001oqeum9zh3c1u","event":"Session","hasAccount":false}
2026-01-11T17:49:08.924Z - JWT Callback {"tokenSub":"cmk7e2c1r0001oqeum9zh3c1u","event":"Session","hasAccount":false}
2026-01-11T17:49:12.367Z - JWT Callback {"tokenSub":"cmk7e2c1r0001oqeum9zh3c1u","event":"Session","hasAccount":false}
2026-01-11T17:49:12.929Z - JWT Callback {"tokenSub":"cmk7e2c1r0001oqeum9zh3c1u","event":"Session","hasAccount":false}
2026-01-11T17:51:16.762Z - JWT Callback {"tokenSub":"cmk7e2c1r0001oqeum9zh3c1u","event":"Session","hasAccount":false}
2026-01-11T17:51:22.410Z - JWT Callback {"tokenSub":"cmk7e2c1r0001oqeum9zh3c1u","event":"Session","hasAccount":false}
2026-01-11T17:51:23.163Z - JWT Callback {"tokenSub":"cmk7e2c1r0001oqeum9zh3c1u","event":"Session","hasAccount":false}
2026-01-11T17:51:23.215Z - JWT Callback {"tokenSub":"cmk7e2c1r0001oqeum9zh3c1u","event":"Session","hasAccount":false}
2026-01-11T17:52:16.568Z - JWT Callback {"tokenSub":"cmk7e2c1r0001oqeum9zh3c1u","event":"Session","hasAccount":false}
2026-01-11T17:55:48.859Z - JWT Callback {"tokenSub":"cmk7e2c1r0001oqeum9zh3c1u","event":"Session","hasAccount":false}
2026-01-11T17:56:13.772Z - JWT Callback {"tokenSub":"cmk7e2c1r0001oqeum9zh3c1u","event":"Session","hasAccount":false}
2026-01-11T17:56:42.616Z - JWT Callback {"tokenSub":"cmk7e2c1r0001oqeum9zh3c1u","event":"Session","hasAccount":false}
2026-01-11T17:56:43.014Z - JWT Callback {"tokenSub":"cmk7e2c1r0001oqeum9zh3c1u","event":"Session","hasAccount":false}
2026-01-11T17:56:43.078Z - JWT Callback {"tokenSub":"cmk7e2c1r0001oqeum9zh3c1u","event":"Session","hasAccount":false}
2026-01-11T17:59:31.432Z - JWT Callback {"tokenSub":"cmk7e2c1r0001oqeum9zh3c1u","event":"Session","hasAccount":false}
2026-01-11T17:59:43.099Z - JWT Callback {"tokenSub":"cmk7e2c1r0001oqeum9zh3c1u","event":"Session","hasAccount":false}
2026-01-11T17:59:43.730Z - JWT Callback {"tokenSub":"cmk7e2c1r0001oqeum9zh3c1u","event":"Session","hasAccount":false}
2026-01-11T18:00:11.025Z - JWT Callback {"tokenSub":"cmk7e2c1r0001oqeum9zh3c1u","event":"Session","hasAccount":false}
2026-01-11T18:00:13.203Z - JWT Callback {"tokenSub":"cmk7e2c1r0001oqeum9zh3c1u","event":"Session","hasAccount":false}
2026-01-11T18:00:13.581Z - JWT Callback {"tokenSub":"cmk7e2c1r0001oqeum9zh3c1u","event":"Session","hasAccount":false}
2026-01-11T18:00:13.652Z - JWT Callback {"tokenSub":"cmk7e2c1r0001oqeum9zh3c1u","event":"Session","hasAccount":false}
2026-01-11T18:00:16.121Z - JWT Callback {"tokenSub":"cmk7e2c1r0001oqeum9zh3c1u","event":"Session","hasAccount":false}
2026-01-11T18:00:16.441Z - JWT Callback {"tokenSub":"cmk7e2c1r0001oqeum9zh3c1u","event":"Session","hasAccount":false}
2026-01-11T18:02:10.373Z - JWT Callback {"tokenSub":"cmk7e2c1r0001oqeum9zh3c1u","event":"Session","hasAccount":false}
2026-01-11T18:02:41.084Z - JWT Callback {"tokenSub":"cmk7e2c1r0001oqeum9zh3c1u","event":"Session","hasAccount":false}
2026-01-11T18:02:43.488Z - JWT Callback {"tokenSub":"cmk7e2c1r0001oqeum9zh3c1u","event":"Session","hasAccount":false}
2026-01-11T18:02:43.972Z - JWT Callback {"tokenSub":"cmk7e2c1r0001oqeum9zh3c1u","event":"Session","hasAccount":false}
2026-01-11T18:02:43.982Z - JWT Callback {"tokenSub":"cmk7e2c1r0001oqeum9zh3c1u","event":"Session","hasAccount":false}
2026-01-11T18:04:41.317Z - JWT Callback {"tokenSub":"cmk7e2c1r0001oqeum9zh3c1u","event":"Session","hasAccount":false}
2026-01-11T18:06:01.566Z - JWT Callback {"tokenSub":"cmk7e2c1r0001oqeum9zh3c1u","event":"Session","hasAccount":false}
2026-01-11T18:06:02.035Z - JWT Callback {"tokenSub":"cmk7e2c1r0001oqeum9zh3c1u","event":"Session","hasAccount":false}
2026-01-11T18:06:02.075Z - JWT Callback {"tokenSub":"cmk7e2c1r0001oqeum9zh3c1u","event":"Session","hasAccount":false}
2026-01-11T18:07:23.323Z - JWT Callback {"tokenSub":"cmk7e2c1r0001oqeum9zh3c1u","event":"Session","hasAccount":false}
2026-01-11T18:08:14.102Z - JWT Callback {"tokenSub":"cmk7e2c1r0001oqeum9zh3c1u","event":"Session","hasAccount":false}
2026-01-11T18:08:14.481Z - JWT Callback {"tokenSub":"cmk7e2c1r0001oqeum9zh3c1u","event":"Session","hasAccount":false}
2026-01-11T18:08:14.951Z - JWT Callback {"tokenSub":"cmk7e2c1r0001oqeum9zh3c1u","event":"Session","hasAccount":false}
2026-01-11T18:08:19.534Z - JWT Callback {"tokenSub":"cmk7e2c1r0001oqeum9zh3c1u","event":"Session","hasAccount":false}
2026-01-11T18:08:19.748Z - JWT Callback {"tokenSub":"cmk7e2c1r0001oqeum9zh3c1u","event":"Session","hasAccount":false}
2026-01-11T18:11:00.323Z - JWT Callback {"tokenSub":"cmk7e2c1r0001oqeum9zh3c1u","event":"Session","hasAccount":false}
2026-01-11T18:11:00.551Z - JWT Callback {"tokenSub":"cmk7e2c1r0001oqeum9zh3c1u","event":"Session","hasAccount":false}
2026-01-11T18:11:00.664Z - JWT Callback {"tokenSub":"cmk7e2c1r0001oqeum9zh3c1u","event":"Session","hasAccount":false}
2026-01-11T18:11:01.708Z - JWT Callback {"tokenSub":"cmk7e2c1r0001oqeum9zh3c1u","event":"Session","hasAccount":false}
2026-01-11T18:11:01.717Z - JWT Callback {"tokenSub":"cmk7e2c1r0001oqeum9zh3c1u","event":"Session","hasAccount":false}
2026-01-11T18:11:10.213Z - JWT Callback {"tokenSub":"cmk7e2c1r0001oqeum9zh3c1u","event":"Session","hasAccount":false}
2026-01-11T18:11:56.006Z - JWT Callback {"tokenSub":"cmk7e2c1r0001oqeum9zh3c1u","event":"Session","hasAccount":false}
2026-01-11T18:11:56.430Z - JWT Callback {"tokenSub":"cmk7e2c1r0001oqeum9zh3c1u","event":"Session","hasAccount":false}
2026-01-11T18:11:56.492Z - JWT Callback {"tokenSub":"cmk7e2c1r0001oqeum9zh3c1u","event":"Session","hasAccount":false}
2026-01-11T18:12:15.388Z - JWT Callback {"tokenSub":"cmk7e2c1r0001oqeum9zh3c1u","event":"Session","hasAccount":false}
2026-01-11T18:12:16.266Z - JWT Callback {"tokenSub":"cmk7e2c1r0001oqeum9zh3c1u","event":"Session","hasAccount":false}
2026-01-11T18:12:16.738Z - JWT Callback {"tokenSub":"cmk7e2c1r0001oqeum9zh3c1u","event":"Session","hasAccount":false}
2026-01-11T18:12:16.782Z - JWT Callback {"tokenSub":"cmk7e2c1r0001oqeum9zh3c1u","event":"Session","hasAccount":false}
2026-01-11T18:12:46.778Z - JWT Callback {"tokenSub":"cmk7e2c1r0001oqeum9zh3c1u","event":"Session","hasAccount":false}
2026-01-11T18:12:57.393Z - JWT Callback {"tokenSub":"cmk7e2c1r0001oqeum9zh3c1u","event":"Session","hasAccount":false}
2026-01-11T18:12:58.546Z - JWT Callback {"tokenSub":"cmk7e2c1r0001oqeum9zh3c1u","event":"Session","hasAccount":false}
2026-01-11T18:13:11.136Z - JWT Callback {"tokenSub":"cmk7e2c1r0001oqeum9zh3c1u","event":"Session","hasAccount":false}
2026-01-11T18:13:11.510Z - JWT Callback {"tokenSub":"cmk7e2c1r0001oqeum9zh3c1u","event":"Session","hasAccount":false}
2026-01-11T18:13:11.568Z - JWT Callback {"tokenSub":"cmk7e2c1r0001oqeum9zh3c1u","event":"Session","hasAccount":false}
2026-01-11T18:13:17.107Z - JWT Callback {"tokenSub":"cmk7e2c1r0001oqeum9zh3c1u","event":"Session","hasAccount":false}
2026-01-11T18:13:17.715Z - JWT Callback {"tokenSub":"cmk7e2c1r0001oqeum9zh3c1u","event":"Session","hasAccount":false}
2026-01-11T18:13:45.213Z - JWT Callback {"tokenSub":"cmk7e2c1r0001oqeum9zh3c1u","event":"Session","hasAccount":false}
2026-01-11T18:13:53.787Z - JWT Callback {"tokenSub":"cmk7e2c1r0001oqeum9zh3c1u","event":"Session","hasAccount":false}
2026-01-11T18:13:54.538Z - JWT Callback {"tokenSub":"cmk7e2c1r0001oqeum9zh3c1u","event":"Session","hasAccount":false}
2026-01-11T18:14:02.167Z - JWT Callback {"tokenSub":"cmk7e2c1r0001oqeum9zh3c1u","event":"Session","hasAccount":false}
2026-01-11T18:14:02.684Z - JWT Callback {"tokenSub":"cmk7e2c1r0001oqeum9zh3c1u","event":"Session","hasAccount":false}
2026-01-11T18:14:09.896Z - JWT Callback {"tokenSub":"cmk7e2c1r0001oqeum9zh3c1u","event":"Session","hasAccount":false}
2026-01-11T18:14:10.395Z - JWT Callback {"tokenSub":"cmk7e2c1r0001oqeum9zh3c1u","event":"Session","hasAccount":false}
2026-01-11T18:14:10.455Z - JWT Callback {"tokenSub":"cmk7e2c1r0001oqeum9zh3c1u","event":"Session","hasAccount":false}
2026-01-11T18:14:15.772Z - JWT Callback {"tokenSub":"cmk7e2c1r0001oqeum9zh3c1u","event":"Session","hasAccount":false}
2026-01-11T18:14:16.189Z - JWT Callback {"tokenSub":"cmk7e2c1r0001oqeum9zh3c1u","event":"Session","hasAccount":false}
2026-01-11T18:15:00.715Z - JWT Callback {"tokenSub":"cmk7e2c1r0001oqeum9zh3c1u","event":"Session","hasAccount":false}
2026-01-11T18:15:26.783Z - JWT Callback {"tokenSub":"cmk7e2c1r0001oqeum9zh3c1u","event":"Session","hasAccount":false}
2026-01-11T18:16:23.232Z - JWT Callback {"tokenSub":"cmk7e2c1r0001oqeum9zh3c1u","event":"Session","hasAccount":false}
2026-01-11T18:16:28.905Z - JWT Callback {"tokenSub":"cmk7e2c1r0001oqeum9zh3c1u","event":"Session","hasAccount":false}
2026-01-11T18:16:34.365Z - JWT Callback {"tokenSub":"cmk7e2c1r0001oqeum9zh3c1u","event":"Session","hasAccount":false}
2026-01-11T18:17:17.128Z - JWT Callback {"tokenSub":"cmk7e2c1r0001oqeum9zh3c1u","event":"Session","hasAccount":false}
2026-01-11T18:17:34.486Z - JWT Callback {"tokenSub":"cmk7e2c1r0001oqeum9zh3c1u","event":"Session","hasAccount":false}
2026-01-11T18:18:06.740Z - JWT Callback {"tokenSub":"cmk7e2c1r0001oqeum9zh3c1u","event":"Session","hasAccount":false}
2026-01-11T18:18:24.964Z - JWT Callback {"tokenSub":"cmk7e2c1r0001oqeum9zh3c1u","event":"Session","hasAccount":false}
2026-01-11T18:19:09.625Z - JWT Callback {"tokenSub":"cmk7e2c1r0001oqeum9zh3c1u","event":"Session","hasAccount":false}
2026-01-11T18:19:50.109Z - JWT Callback {"tokenSub":"cmk7e2c1r0001oqeum9zh3c1u","event":"Session","hasAccount":false}
2026-01-11T18:19:52.344Z - JWT Callback {"tokenSub":"cmk7e2c1r0001oqeum9zh3c1u","event":"Session","hasAccount":false}
2026-01-11T18:20:29.932Z - JWT Callback {"tokenSub":"cmk7e2c1r0001oqeum9zh3c1u","event":"Session","hasAccount":false}
2026-01-11T18:20:31.507Z - JWT Callback {"tokenSub":"cmk7e2c1r0001oqeum9zh3c1u","event":"Session","hasAccount":false}
2026-01-11T18:20:31.603Z - JWT Callback {"tokenSub":"cmk7e2c1r0001oqeum9zh3c1u","event":"Session","hasAccount":false}
2026-01-11T18:21:35.645Z - JWT Callback {"tokenSub":"cmk7e2c1r0001oqeum9zh3c1u","event":"Session","hasAccount":false}
2026-01-11T18:23:25.532Z - JWT Callback {"tokenSub":"cmk7e2c1r0001oqeum9zh3c1u","event":"Session","hasAccount":false}
2026-01-11T18:24:23.541Z - JWT Callback {"tokenSub":"cmk7e2c1r0001oqeum9zh3c1u","event":"Session","hasAccount":false}
2026-01-11T18:24:41.859Z - JWT Callback {"tokenSub":"cmk7e2c1r0001oqeum9zh3c1u","event":"Session","hasAccount":false}
2026-01-11T18:24:47.542Z - JWT Callback {"tokenSub":"cmk7e2c1r0001oqeum9zh3c1u","event":"Session","hasAccount":false}
2026-01-11T18:31:59.367Z - JWT Callback {"tokenSub":"cmk7e2c1r0001oqeum9zh3c1u","event":"Session","hasAccount":false}
2026-01-11T18:32:23.536Z - JWT Callback {"tokenSub":"cmk7e2c1r0001oqeum9zh3c1u","event":"Session","hasAccount":false}
2026-01-11T18:32:27.662Z - JWT Callback {"tokenSub":"cmk7e2c1r0001oqeum9zh3c1u","event":"Session","hasAccount":false}
2026-01-11T18:32:28.216Z - JWT Callback {"tokenSub":"cmk7e2c1r0001oqeum9zh3c1u","event":"Session","hasAccount":false}
2026-01-11T18:32:28.228Z - JWT Callback {"tokenSub":"cmk7e2c1r0001oqeum9zh3c1u","event":"Session","hasAccount":false}
2026-01-11T18:36:46.267Z - JWT Callback {"tokenSub":"cmk7e2c1r0001oqeum9zh3c1u","event":"Session","hasAccount":false}
2026-01-11T18:36:47.939Z - JWT Callback {"tokenSub":"cmk7e2c1r0001oqeum9zh3c1u","event":"Session","hasAccount":false}
2026-01-11T18:37:14.061Z - JWT Callback {"tokenSub":"cmk7e2c1r0001oqeum9zh3c1u","event":"Session","hasAccount":false}
2026-01-11T18:37:24.136Z - JWT Callback {"tokenSub":"cmk7e2c1r0001oqeum9zh3c1u","event":"Session","hasAccount":false}
2026-01-11T18:37:25.874Z - JWT Callback {"tokenSub":"cmk7e2c1r0001oqeum9zh3c1u","event":"Session","hasAccount":false}
2026-01-11T18:37:25.967Z - JWT Callback {"tokenSub":"cmk7e2c1r0001oqeum9zh3c1u","event":"Session","hasAccount":false}
2026-01-11T18:38:10.363Z - JWT Callback {"tokenSub":"cmk7e2c1r0001oqeum9zh3c1u","event":"Session","hasAccount":false}
2026-01-11T18:38:28.262Z - JWT Callback {"tokenSub":"cmk7e2c1r0001oqeum9zh3c1u","event":"Session","hasAccount":false}
2026-01-11T18:39:12.494Z - JWT Callback {"tokenSub":"cmk7e2c1r0001oqeum9zh3c1u","event":"Session","hasAccount":false}
2026-01-11T18:39:20.979Z - JWT Callback {"tokenSub":"cmk7e2c1r0001oqeum9zh3c1u","event":"Session","hasAccount":false}
2026-01-11T18:40:01.950Z - JWT Callback {"tokenSub":"cmk7e2c1r0001oqeum9zh3c1u","event":"Session","hasAccount":false}
2026-01-11T18:40:05.668Z - JWT Callback {"tokenSub":"cmk7e2c1r0001oqeum9zh3c1u","event":"Session","hasAccount":false}
2026-01-11T18:40:48.995Z - JWT Callback {"tokenSub":"cmk7e2c1r0001oqeum9zh3c1u","event":"Session","hasAccount":false}
2026-01-11T18:41:38.445Z - JWT Callback {"tokenSub":"cmk7e2c1r0001oqeum9zh3c1u","event":"Session","hasAccount":false}
2026-01-11T18:41:41.314Z - JWT Callback {"tokenSub":"cmk7e2c1r0001oqeum9zh3c1u","event":"Session","hasAccount":false}
2026-01-11T18:41:55.684Z - JWT Callback {"tokenSub":"cmk7e2c1r0001oqeum9zh3c1u","event":"Session","hasAccount":false}
2026-01-11T18:41:59.213Z - JWT Callback {"tokenSub":"cmk7e2c1r0001oqeum9zh3c1u","event":"Session","hasAccount":false}
2026-01-11T18:42:06.071Z - JWT Callback {"tokenSub":"cmk7e2c1r0001oqeum9zh3c1u","event":"Session","hasAccount":false}
2026-01-11T18:42:14.932Z - JWT Callback {"tokenSub":"cmk7e2c1r0001oqeum9zh3c1u","event":"Session","hasAccount":false}
2026-01-11T18:42:23.418Z - JWT Callback {"tokenSub":"cmk7e2c1r0001oqeum9zh3c1u","event":"Session","hasAccount":false}
2026-01-11T18:42:32.047Z - JWT Callback {"tokenSub":"cmk7e2c1r0001oqeum9zh3c1u","event":"Session","hasAccount":false}
2026-01-11T18:42:41.217Z - JWT Callback {"tokenSub":"cmk7e2c1r0001oqeum9zh3c1u","event":"Session","hasAccount":false}
2026-01-11T18:42:43.132Z - JWT Callback {"tokenSub":"cmk7e2c1r0001oqeum9zh3c1u","event":"Session","hasAccount":false}
2026-01-11T18:42:50.231Z - JWT Callback {"tokenSub":"cmk7e2c1r0001oqeum9zh3c1u","event":"Session","hasAccount":false}
2026-01-11T18:42:58.617Z - JWT Callback {"tokenSub":"cmk7e2c1r0001oqeum9zh3c1u","event":"Session","hasAccount":false}
2026-01-11T18:43:07.276Z - JWT Callback {"tokenSub":"cmk7e2c1r0001oqeum9zh3c1u","event":"Session","hasAccount":false}
2026-01-11T18:43:15.743Z - JWT Callback {"tokenSub":"cmk7e2c1r0001oqeum9zh3c1u","event":"Session","hasAccount":false}
2026-01-11T18:43:24.725Z - JWT Callback {"tokenSub":"cmk7e2c1r0001oqeum9zh3c1u","event":"Session","hasAccount":false}
2026-01-11T18:43:33.278Z - JWT Callback {"tokenSub":"cmk7e2c1r0001oqeum9zh3c1u","event":"Session","hasAccount":false}
2026-01-11T18:43:42.177Z - JWT Callback {"tokenSub":"cmk7e2c1r0001oqeum9zh3c1u","event":"Session","hasAccount":false}
2026-01-11T18:43:46.102Z - JWT Callback {"tokenSub":"cmk7e2c1r0001oqeum9zh3c1u","event":"Session","hasAccount":false}
2026-01-11T18:46:27.827Z - JWT Callback {"tokenSub":"cmk7e2c1r0001oqeum9zh3c1u","event":"Session","hasAccount":false}
2026-01-11T18:46:27.835Z - JWT Callback {"tokenSub":"cmk7e2c1r0001oqeum9zh3c1u","event":"Session","hasAccount":false}
2026-01-11T18:46:36.546Z - JWT Callback {"tokenSub":"cmk7e2c1r0001oqeum9zh3c1u","event":"Session","hasAccount":false}
2026-01-11T18:46:44.930Z - JWT Callback {"tokenSub":"cmk7e2c1r0001oqeum9zh3c1u","event":"Session","hasAccount":false}
2026-01-11T18:46:53.908Z - JWT Callback {"tokenSub":"cmk7e2c1r0001oqeum9zh3c1u","event":"Session","hasAccount":false}
2026-01-11T18:47:00.341Z - JWT Callback {"tokenSub":"cmk7e2c1r0001oqeum9zh3c1u","event":"Session","hasAccount":false}
2026-01-11T18:47:04.272Z - JWT Callback {"tokenSub":"cmk7e2c1r0001oqeum9zh3c1u","event":"Session","hasAccount":false}
2026-01-11T18:47:16.685Z - JWT Callback {"tokenSub":"cmk7e2c1r0001oqeum9zh3c1u","event":"Session","hasAccount":false}
2026-01-11T18:47:18.565Z - JWT Callback {"tokenSub":"cmk7e2c1r0001oqeum9zh3c1u","event":"Session","hasAccount":false}
2026-01-11T18:47:18.923Z - JWT Callback {"tokenSub":"cmk7e2c1r0001oqeum9zh3c1u","event":"Session","hasAccount":false}
2026-01-11T18:47:18.954Z - JWT Callback {"tokenSub":"cmk7e2c1r0001oqeum9zh3c1u","event":"Session","hasAccount":false}
2026-01-11T18:47:20.069Z - JWT Callback {"tokenSub":"cmk7e2c1r0001oqeum9zh3c1u","event":"Session","hasAccount":false}
2026-01-11T18:47:20.113Z - JWT Callback {"tokenSub":"cmk7e2c1r0001oqeum9zh3c1u","event":"Session","hasAccount":false}
2026-01-11T18:48:42.263Z - JWT Callback {"tokenSub":"cmk7e2c1r0001oqeum9zh3c1u","event":"Session","hasAccount":false}
2026-01-11T18:50:23.131Z - JWT Callback {"tokenSub":"cmk7e2c1r0001oqeum9zh3c1u","event":"Session","hasAccount":false}
2026-01-11T18:52:42.982Z - JWT Callback {"tokenSub":"cmk7e2c1r0001oqeum9zh3c1u","event":"Session","hasAccount":false}
2026-01-11T18:54:33.162Z - JWT Callback {"tokenSub":"cmk7e2c1r0001oqeum9zh3c1u","event":"Session","hasAccount":false}
2026-01-11T18:54:39.996Z - JWT Callback {"tokenSub":"cmk7e2c1r0001oqeum9zh3c1u","event":"Session","hasAccount":false}
2026-01-11T18:54:41.396Z - JWT Callback {"tokenSub":"cmk7e2c1r0001oqeum9zh3c1u","event":"Session","hasAccount":false}
2026-01-11T18:54:41.508Z - JWT Callback {"tokenSub":"cmk7e2c1r0001oqeum9zh3c1u","event":"Session","hasAccount":false}
2026-01-11T18:54:56.075Z - JWT Callback {"tokenSub":"cmk7e2c1r0001oqeum9zh3c1u","event":"Session","hasAccount":false}
2026-01-11T18:54:58.947Z - JWT Callback {"tokenSub":"cmk7e2c1r0001oqeum9zh3c1u","event":"Session","hasAccount":false}
2026-01-11T18:54:59.497Z - JWT Callback {"tokenSub":"cmk7e2c1r0001oqeum9zh3c1u","event":"Session","hasAccount":false}
2026-01-11T18:55:02.471Z - JWT Callback {"tokenSub":"cmk7e2c1r0001oqeum9zh3c1u","event":"Session","hasAccount":false}
2026-01-11T18:55:02.903Z - JWT Callback {"tokenSub":"cmk7e2c1r0001oqeum9zh3c1u","event":"Session","hasAccount":false}
2026-01-11T18:56:18.605Z - JWT Callback {"tokenSub":"cmk7e2c1r0001oqeum9zh3c1u","event":"Session","hasAccount":false}
2026-01-11T18:56:36.732Z - JWT Callback {"tokenSub":"cmk7e2c1r0001oqeum9zh3c1u","event":"Session","hasAccount":false}
2026-01-11T18:56:41.193Z - JWT Callback {"tokenSub":"cmk7e2c1r0001oqeum9zh3c1u","event":"Session","hasAccount":false}
2026-01-11T18:56:44.775Z - JWT Callback {"tokenSub":"cmk7e2c1r0001oqeum9zh3c1u","event":"Session","hasAccount":false}
2026-01-11T18:57:28.978Z - JWT Callback {"tokenSub":"cmk7e2c1r0001oqeum9zh3c1u","event":"Session","hasAccount":false}
2026-01-11T18:58:34.455Z - JWT Callback {"tokenSub":"cmk7e2c1r0001oqeum9zh3c1u","event":"Session","hasAccount":false}
2026-01-11T18:58:34.544Z - JWT Callback {"tokenSub":"cmk7e2c1r0001oqeum9zh3c1u","event":"Session","hasAccount":false}
2026-01-11T18:58:34.616Z - JWT Callback {"tokenSub":"cmk7e2c1r0001oqeum9zh3c1u","event":"Session","hasAccount":false}
2026-01-11T18:58:35.576Z - JWT Callback {"tokenSub":"cmk7e2c1r0001oqeum9zh3c1u","event":"Session","hasAccount":false}
2026-01-11T18:58:35.581Z - JWT Callback {"tokenSub":"cmk7e2c1r0001oqeum9zh3c1u","event":"Session","hasAccount":false}
2026-01-11T18:58:49.900Z - JWT Callback {"tokenSub":"cmk7e2c1r0001oqeum9zh3c1u","event":"Session","hasAccount":false}
2026-01-11T19:00:01.499Z - JWT Callback {"tokenSub":"cmk7e2c1r0001oqeum9zh3c1u","event":"Session","hasAccount":false}
2026-01-11T19:00:01.506Z - JWT Callback {"tokenSub":"cmk7e2c1r0001oqeum9zh3c1u","event":"Session","hasAccount":false}
2026-01-11T19:00:01.531Z - JWT Callback {"tokenSub":"cmk7e2c1r0001oqeum9zh3c1u","event":"Session","hasAccount":false}
2026-01-11T19:00:02.255Z - JWT Callback {"tokenSub":"cmk7e2c1r0001oqeum9zh3c1u","event":"Session","hasAccount":false}
2026-01-11T19:00:02.337Z - JWT Callback {"tokenSub":"cmk7e2c1r0001oqeum9zh3c1u","event":"Session","hasAccount":false}
2026-01-11T19:00:21.689Z - JWT Callback {"tokenSub":"cmk7e2c1r0001oqeum9zh3c1u","event":"Session","hasAccount":false}
2026-01-11T19:01:19.748Z - JWT Callback {"tokenSub":"cmk7e2c1r0001oqeum9zh3c1u","event":"Session","hasAccount":false}
2026-01-11T19:01:42.254Z - JWT Callback {"tokenSub":"cmk7e2c1r0001oqeum9zh3c1u","event":"Session","hasAccount":false}
2026-01-11T19:02:59.818Z - JWT Callback {"tokenSub":"cmk7e2c1r0001oqeum9zh3c1u","event":"Session","hasAccount":false}
2026-01-11T19:02:59.924Z - JWT Callback {"tokenSub":"cmk7e2c1r0001oqeum9zh3c1u","event":"Session","hasAccount":false}
2026-01-11T19:03:00.000Z - JWT Callback {"tokenSub":"cmk7e2c1r0001oqeum9zh3c1u","event":"Session","hasAccount":false}
2026-01-11T19:03:00.661Z - JWT Callback {"tokenSub":"cmk7e2c1r0001oqeum9zh3c1u","event":"Session","hasAccount":false}
2026-01-11T19:03:00.669Z - JWT Callback {"tokenSub":"cmk7e2c1r0001oqeum9zh3c1u","event":"Session","hasAccount":false}
2026-01-11T19:12:02.329Z - JWT Callback {"tokenSub":"cmk7e2c1r0001oqeum9zh3c1u","event":"Session","hasAccount":false}
2026-01-11T19:12:03.321Z - JWT Callback {"tokenSub":"cmk7e2c1r0001oqeum9zh3c1u","event":"Session","hasAccount":false}
2026-01-11T19:12:03.347Z - JWT Callback {"tokenSub":"cmk7e2c1r0001oqeum9zh3c1u","event":"Session","hasAccount":false}
2026-01-11T19:16:51.454Z - JWT Callback {"tokenSub":"cmk7e2c1r0001oqeum9zh3c1u","event":"Session","hasAccount":false}
2026-01-11T19:19:07.510Z - JWT Callback {"tokenSub":"cmk7e2c1r0001oqeum9zh3c1u","event":"Session","hasAccount":false}
2026-01-11T19:20:00.991Z - JWT Callback {"tokenSub":"cmk7e2c1r0001oqeum9zh3c1u","event":"Session","hasAccount":false}
2026-01-11T19:20:47.522Z - JWT Callback {"tokenSub":"cmk7e2c1r0001oqeum9zh3c1u","event":"Session","hasAccount":false}
2026-01-11T19:21:32.141Z - JWT Callback {"tokenSub":"cmk7e2c1r0001oqeum9zh3c1u","event":"Session","hasAccount":false}
2026-01-11T19:21:36.929Z - JWT Callback {"tokenSub":"cmk7e2c1r0001oqeum9zh3c1u","event":"Session","hasAccount":false}
2026-01-11T19:21:37.078Z - JWT Callback {"tokenSub":"cmk7e2c1r0001oqeum9zh3c1u","event":"Session","hasAccount":false}
2026-01-11T19:21:44.144Z - JWT Callback {"tokenSub":"cmk7e2c1r0001oqeum9zh3c1u","event":"Session","hasAccount":false}
2026-01-11T19:21:44.946Z - JWT Callback {"tokenSub":"cmk7e2c1r0001oqeum9zh3c1u","event":"Session","hasAccount":false}
2026-01-11T19:21:45.062Z - JWT Callback {"tokenSub":"cmk7e2c1r0001oqeum9zh3c1u","event":"Session","hasAccount":false}
2026-01-11T19:22:27.468Z - JWT Callback {"tokenSub":"cmk7e2c1r0001oqeum9zh3c1u","event":"Session","hasAccount":false}
2026-01-11T19:22:28.326Z - JWT Callback {"tokenSub":"cmk7e2c1r0001oqeum9zh3c1u","event":"Session","hasAccount":false}
2026-01-11T19:22:28.785Z - JWT Callback {"tokenSub":"cmk7e2c1r0001oqeum9zh3c1u","event":"Session","hasAccount":false}
2026-01-11T19:22:30.277Z - JWT Callback {"tokenSub":"cmk7e2c1r0001oqeum9zh3c1u","event":"Session","hasAccount":false}
2026-01-11T19:22:30.395Z - JWT Callback {"tokenSub":"cmk7e2c1r0001oqeum9zh3c1u","event":"Session","hasAccount":false}
2026-01-11T19:24:02.304Z - JWT Callback {"tokenSub":"cmk7e2c1r0001oqeum9zh3c1u","event":"Session","hasAccount":false}
2026-01-11T19:24:11.436Z - JWT Callback {"tokenSub":"cmk7e2c1r0001oqeum9zh3c1u","event":"Session","hasAccount":false}
2026-01-11T19:24:45.474Z - JWT Callback {"tokenSub":"cmk7e2c1r0001oqeum9zh3c1u","event":"Session","hasAccount":false}
2026-01-11T19:24:45.642Z - JWT Callback {"tokenSub":"cmk7e2c1r0001oqeum9zh3c1u","event":"Session","hasAccount":false}
2026-01-11T19:24:45.801Z - JWT Callback {"tokenSub":"cmk7e2c1r0001oqeum9zh3c1u","event":"Session","hasAccount":false}
2026-01-11T19:24:45.880Z - JWT Callback {"tokenSub":"cmk7e2c1r0001oqeum9zh3c1u","event":"Session","hasAccount":false}
2026-01-11T19:24:45.936Z - JWT Callback {"tokenSub":"cmk7e2c1r0001oqeum9zh3c1u","event":"Session","hasAccount":false}
2026-01-11T19:24:46.001Z - JWT Callback {"tokenSub":"cmk7e2c1r0001oqeum9zh3c1u","event":"Session","hasAccount":false}
2026-01-11T19:24:46.045Z - JWT Callback {"tokenSub":"cmk7e2c1r0001oqeum9zh3c1u","event":"Session","hasAccount":false}
2026-01-11T19:24:46.101Z - JWT Callback {"tokenSub":"cmk7e2c1r0001oqeum9zh3c1u","event":"Session","hasAccount":false}
2026-01-11T19:24:46.164Z - JWT Callback {"tokenSub":"cmk7e2c1r0001oqeum9zh3c1u","event":"Session","hasAccount":false}
2026-01-11T19:24:46.244Z - JWT Callback {"tokenSub":"cmk7e2c1r0001oqeum9zh3c1u","event":"Session","hasAccount":false}
2026-01-11T19:24:46.303Z - JWT Callback {"tokenSub":"cmk7e2c1r0001oqeum9zh3c1u","event":"Session","hasAccount":false}
2026-01-11T19:24:46.372Z - JWT Callback {"tokenSub":"cmk7e2c1r0001oqeum9zh3c1u","event":"Session","hasAccount":false}
2026-01-11T19:24:46.428Z - JWT Callback {"tokenSub":"cmk7e2c1r0001oqeum9zh3c1u","event":"Session","hasAccount":false}
2026-01-11T19:24:46.472Z - JWT Callback {"tokenSub":"cmk7e2c1r0001oqeum9zh3c1u","event":"Session","hasAccount":false}
2026-01-11T19:24:46.517Z - JWT Callback {"tokenSub":"cmk7e2c1r0001oqeum9zh3c1u","event":"Session","hasAccount":false}
2026-01-11T19:24:46.563Z - JWT Callback {"tokenSub":"cmk7e2c1r0001oqeum9zh3c1u","event":"Session","hasAccount":false}
2026-01-11T19:24:46.611Z - JWT Callback {"tokenSub":"cmk7e2c1r0001oqeum9zh3c1u","event":"Session","hasAccount":false}
2026-01-11T19:24:46.650Z - JWT Callback {"tokenSub":"cmk7e2c1r0001oqeum9zh3c1u","event":"Session","hasAccount":false}
2026-01-11T19:24:46.714Z - JWT Callback {"tokenSub":"cmk7e2c1r0001oqeum9zh3c1u","event":"Session","hasAccount":false}
2026-01-11T19:24:46.780Z - JWT Callback {"tokenSub":"cmk7e2c1r0001oqeum9zh3c1u","event":"Session","hasAccount":false}
2026-01-11T19:24:46.831Z - JWT Callback {"tokenSub":"cmk7e2c1r0001oqeum9zh3c1u","event":"Session","hasAccount":false}
2026-01-11T19:24:46.907Z - JWT Callback {"tokenSub":"cmk7e2c1r0001oqeum9zh3c1u","event":"Session","hasAccount":false}
2026-01-11T19:24:46.988Z - JWT Callback {"tokenSub":"cmk7e2c1r0001oqeum9zh3c1u","event":"Session","hasAccount":false}
2026-01-11T19:24:47.043Z - JWT Callback {"tokenSub":"cmk7e2c1r0001oqeum9zh3c1u","event":"Session","hasAccount":false}
2026-01-11T19:24:47.094Z - JWT Callback {"tokenSub":"cmk7e2c1r0001oqeum9zh3c1u","event":"Session","hasAccount":false}
2026-01-11T19:24:47.150Z - JWT Callback {"tokenSub":"cmk7e2c1r0001oqeum9zh3c1u","event":"Session","hasAccount":false}
2026-01-11T19:24:47.210Z - JWT Callback {"tokenSub":"cmk7e2c1r0001oqeum9zh3c1u","event":"Session","hasAccount":false}
2026-01-11T19:24:47.265Z - JWT Callback {"tokenSub":"cmk7e2c1r0001oqeum9zh3c1u","event":"Session","hasAccount":false}
2026-01-11T19:24:47.310Z - JWT Callback {"tokenSub":"cmk7e2c1r0001oqeum9zh3c1u","event":"Session","hasAccount":false}
2026-01-11T19:24:47.354Z - JWT Callback {"tokenSub":"cmk7e2c1r0001oqeum9zh3c1u","event":"Session","hasAccount":false}
2026-01-11T19:24:47.415Z - JWT Callback {"tokenSub":"cmk7e2c1r0001oqeum9zh3c1u","event":"Session","hasAccount":false}
2026-01-11T19:24:47.467Z - JWT Callback {"tokenSub":"cmk7e2c1r0001oqeum9zh3c1u","event":"Session","hasAccount":false}
2026-01-11T19:24:47.523Z - JWT Callback {"tokenSub":"cmk7e2c1r0001oqeum9zh3c1u","event":"Session","hasAccount":false}
2026-01-11T19:24:47.606Z - JWT Callback {"tokenSub":"cmk7e2c1r0001oqeum9zh3c1u","event":"Session","hasAccount":false}
2026-01-11T19:24:47.673Z - JWT Callback {"tokenSub":"cmk7e2c1r0001oqeum9zh3c1u","event":"Session","hasAccount":false}
2026-01-11T19:24:47.751Z - JWT Callback {"tokenSub":"cmk7e2c1r0001oqeum9zh3c1u","event":"Session","hasAccount":false}
2026-01-11T19:24:47.825Z - JWT Callback {"tokenSub":"cmk7e2c1r0001oqeum9zh3c1u","event":"Session","hasAccount":false}
2026-01-11T19:24:47.879Z - JWT Callback {"tokenSub":"cmk7e2c1r0001oqeum9zh3c1u","event":"Session","hasAccount":false}
2026-01-11T19:24:47.932Z - JWT Callback {"tokenSub":"cmk7e2c1r0001oqeum9zh3c1u","event":"Session","hasAccount":false}
2026-01-11T19:24:47.973Z - JWT Callback {"tokenSub":"cmk7e2c1r0001oqeum9zh3c1u","event":"Session","hasAccount":false}
2026-01-11T19:24:48.030Z - JWT Callback {"tokenSub":"cmk7e2c1r0001oqeum9zh3c1u","event":"Session","hasAccount":false}
2026-01-11T19:24:48.076Z - JWT Callback {"tokenSub":"cmk7e2c1r0001oqeum9zh3c1u","event":"Session","hasAccount":false}
2026-01-11T19:24:48.127Z - JWT Callback {"tokenSub":"cmk7e2c1r0001oqeum9zh3c1u","event":"Session","hasAccount":false}
2026-01-11T19:24:48.185Z - JWT Callback {"tokenSub":"cmk7e2c1r0001oqeum9zh3c1u","event":"Session","hasAccount":false}
2026-01-11T19:24:48.239Z - JWT Callback {"tokenSub":"cmk7e2c1r0001oqeum9zh3c1u","event":"Session","hasAccount":false}
2026-01-11T19:24:48.291Z - JWT Callback {"tokenSub":"cmk7e2c1r0001oqeum9zh3c1u","event":"Session","hasAccount":false}
2026-01-11T19:25:20.124Z - JWT Callback {"tokenSub":"cmk7e2c1r0001oqeum9zh3c1u","event":"Session","hasAccount":false}
2026-01-11T19:25:20.488Z - JWT Callback {"tokenSub":"cmk7e2c1r0001oqeum9zh3c1u","event":"Session","hasAccount":false}
2026-01-11T19:25:21.139Z - JWT Callback {"tokenSub":"cmk7e2c1r0001oqeum9zh3c1u","event":"Session","hasAccount":false}
2026-01-11T19:26:29.515Z - JWT Callback {"tokenSub":"cmk7e2c1r0001oqeum9zh3c1u","event":"Session","hasAccount":false}
2026-01-11T19:26:30.592Z - JWT Callback {"tokenSub":"cmk7e2c1r0001oqeum9zh3c1u","event":"Session","hasAccount":false}
2026-01-11T19:27:52.600Z - JWT Callback {"tokenSub":"cmk7e2c1r0001oqeum9zh3c1u","event":"Session","hasAccount":false}
2026-01-11T19:27:53.089Z - JWT Callback {"tokenSub":"cmk7e2c1r0001oqeum9zh3c1u","event":"Session","hasAccount":false}
2026-01-11T19:27:53.155Z - JWT Callback {"tokenSub":"cmk7e2c1r0001oqeum9zh3c1u","event":"Session","hasAccount":false}
2026-01-11T19:28:28.010Z - JWT Callback {"tokenSub":"cmk7e2c1r0001oqeum9zh3c1u","event":"Session","hasAccount":false}
2026-01-11T19:28:44.286Z - JWT Callback {"tokenSub":"cmk7e2c1r0001oqeum9zh3c1u","event":"Session","hasAccount":false}
2026-01-11T19:29:12.722Z - JWT Callback {"tokenSub":"cmk7e2c1r0001oqeum9zh3c1u","event":"Session","hasAccount":false}
2026-01-11T19:29:56.222Z - JWT Callback {"tokenSub":"cmk7e2c1r0001oqeum9zh3c1u","event":"Session","hasAccount":false}
2026-01-11T19:30:24.096Z - JWT Callback {"tokenSub":"cmk7e2c1r0001oqeum9zh3c1u","event":"Session","hasAccount":false}
2026-01-11T19:30:31.943Z - JWT Callback {"tokenSub":"cmk7e2c1r0001oqeum9zh3c1u","event":"Session","hasAccount":false}
2026-01-11T19:30:57.062Z - JWT Callback {"tokenSub":"cmk7e2c1r0001oqeum9zh3c1u","event":"Session","hasAccount":false}
2026-01-11T19:32:10.766Z - JWT Callback {"tokenSub":"cmk7e2c1r0001oqeum9zh3c1u","event":"Session","hasAccount":false}
2026-01-11T19:32:11.166Z - JWT Callback {"tokenSub":"cmk7e2c1r0001oqeum9zh3c1u","event":"Session","hasAccount":false}
2026-01-11T19:32:11.231Z - JWT Callback {"tokenSub":"cmk7e2c1r0001oqeum9zh3c1u","event":"Session","hasAccount":false}
2026-01-11T19:33:55.181Z - JWT Callback {"tokenSub":"cmk7e2c1r0001oqeum9zh3c1u","event":"Session","hasAccount":false}
2026-01-11T19:34:07.906Z - JWT Callback {"tokenSub":"cmk7e2c1r0001oqeum9zh3c1u","event":"Session","hasAccount":false}
2026-01-11T19:34:08.366Z - JWT Callback {"tokenSub":"cmk7e2c1r0001oqeum9zh3c1u","event":"Session","hasAccount":false}
2026-01-11T19:34:08.425Z - JWT Callback {"tokenSub":"cmk7e2c1r0001oqeum9zh3c1u","event":"Session","hasAccount":false}
2026-01-11T19:36:18.553Z - JWT Callback {"tokenSub":"cmk7e2c1r0001oqeum9zh3c1u","event":"Session","hasAccount":false}
2026-01-11T19:36:18.953Z - JWT Callback {"tokenSub":"cmk7e2c1r0001oqeum9zh3c1u","event":"Session","hasAccount":false}
2026-01-11T19:36:19.018Z - JWT Callback {"tokenSub":"cmk7e2c1r0001oqeum9zh3c1u","event":"Session","hasAccount":false}
2026-01-11T19:36:21.508Z - JWT Callback {"tokenSub":"cmk7e2c1r0001oqeum9zh3c1u","event":"Session","hasAccount":false}
2026-01-11T19:36:21.871Z - JWT Callback {"tokenSub":"cmk7e2c1r0001oqeum9zh3c1u","event":"Session","hasAccount":false}
2026-01-11T19:36:21.916Z - JWT Callback {"tokenSub":"cmk7e2c1r0001oqeum9zh3c1u","event":"Session","hasAccount":false}
2026-01-11T19:36:24.118Z - JWT Callback {"tokenSub":"cmk7e2c1r0001oqeum9zh3c1u","event":"Session","hasAccount":false}
2026-01-11T19:36:24.553Z - JWT Callback {"tokenSub":"cmk7e2c1r0001oqeum9zh3c1u","event":"Session","hasAccount":false}
2026-01-11T19:36:24.566Z - JWT Callback {"tokenSub":"cmk7e2c1r0001oqeum9zh3c1u","event":"Session","hasAccount":false}
2026-01-11T19:36:26.328Z - JWT Callback {"tokenSub":"cmk7e2c1r0001oqeum9zh3c1u","event":"Session","hasAccount":false}
2026-01-11T19:36:26.745Z - JWT Callback {"tokenSub":"cmk7e2c1r0001oqeum9zh3c1u","event":"Session","hasAccount":false}
2026-01-11T19:36:26.785Z - JWT Callback {"tokenSub":"cmk7e2c1r0001oqeum9zh3c1u","event":"Session","hasAccount":false}
2026-01-11T19:36:28.756Z - JWT Callback {"tokenSub":"cmk7e2c1r0001oqeum9zh3c1u","event":"Session","hasAccount":false}
2026-01-11T19:36:29.151Z - JWT Callback {"tokenSub":"cmk7e2c1r0001oqeum9zh3c1u","event":"Session","hasAccount":false}
2026-01-11T19:36:29.222Z - JWT Callback {"tokenSub":"cmk7e2c1r0001oqeum9zh3c1u","event":"Session","hasAccount":false}
2026-01-11T19:36:30.679Z - JWT Callback {"tokenSub":"cmk7e2c1r0001oqeum9zh3c1u","event":"Session","hasAccount":false}
2026-01-11T19:36:31.119Z - JWT Callback {"tokenSub":"cmk7e2c1r0001oqeum9zh3c1u","event":"Session","hasAccount":false}
2026-01-11T19:36:31.128Z - JWT Callback {"tokenSub":"cmk7e2c1r0001oqeum9zh3c1u","event":"Session","hasAccount":false}
2026-01-11T19:36:32.656Z - JWT Callback {"tokenSub":"cmk7e2c1r0001oqeum9zh3c1u","event":"Session","hasAccount":false}
2026-01-11T19:36:33.045Z - JWT Callback {"tokenSub":"cmk7e2c1r0001oqeum9zh3c1u","event":"Session","hasAccount":false}
2026-01-11T19:36:33.100Z - JWT Callback {"tokenSub":"cmk7e2c1r0001oqeum9zh3c1u","event":"Session","hasAccount":false}
2026-01-11T19:36:38.268Z - JWT Callback {"tokenSub":"cmk7e2c1r0001oqeum9zh3c1u","event":"Session","hasAccount":false}
2026-01-11T19:36:39.371Z - JWT Callback {"tokenSub":"cmk7e2c1r0001oqeum9zh3c1u","event":"Session","hasAccount":false}
2026-01-11T19:36:41.359Z - JWT Callback {"tokenSub":"cmk7e2c1r0001oqeum9zh3c1u","event":"Session","hasAccount":false}
2026-01-11T19:36:41.408Z - JWT Callback {"tokenSub":"cmk7e2c1r0001oqeum9zh3c1u","event":"Session","hasAccount":false}
2026-01-11T19:40:40.552Z - JWT Callback {"tokenSub":"cmk7e2c1r0001oqeum9zh3c1u","event":"Session","hasAccount":false}
2026-01-11T19:40:47.919Z - JWT Callback {"tokenSub":"cmk7e2c1r0001oqeum9zh3c1u","event":"Session","hasAccount":false}
2026-01-11T19:40:48.440Z - JWT Callback {"tokenSub":"cmk7e2c1r0001oqeum9zh3c1u","event":"Session","hasAccount":false}
2026-01-11T19:40:48.515Z - JWT Callback {"tokenSub":"cmk7e2c1r0001oqeum9zh3c1u","event":"Session","hasAccount":false}
2026-01-11T19:43:58.555Z - JWT Callback {"tokenSub":"cmk7e2c1r0001oqeum9zh3c1u","event":"Session","hasAccount":false}
2026-01-11T19:44:27.244Z - JWT Callback {"tokenSub":"cmk7e2c1r0001oqeum9zh3c1u","event":"Session","hasAccount":false}
2026-01-11T19:45:01.094Z - JWT Callback {"tokenSub":"cmk7e2c1r0001oqeum9zh3c1u","event":"Session","hasAccount":false}
2026-01-11T19:45:38.327Z - JWT Callback {"tokenSub":"cmk7e2c1r0001oqeum9zh3c1u","event":"Session","hasAccount":false}
2026-01-11T19:46:50.979Z - JWT Callback {"tokenSub":"cmk7e2c1r0001oqeum9zh3c1u","event":"Session","hasAccount":false}
2026-01-11T19:47:06.906Z - JWT Callback {"tokenSub":"cmk7e2c1r0001oqeum9zh3c1u","event":"Session","hasAccount":false}
2026-01-11T19:48:46.687Z - JWT Callback {"tokenSub":"cmk7e2c1r0001oqeum9zh3c1u","event":"Session","hasAccount":false}
2026-01-11T19:50:00.400Z - JWT Callback {"tokenSub":"cmk7e2c1r0001oqeum9zh3c1u","event":"Session","hasAccount":false}
2026-01-11T19:50:17.763Z - JWT Callback {"tokenSub":"cmk7e2c1r0001oqeum9zh3c1u","event":"Session","hasAccount":false}
2026-01-11T19:50:23.548Z - JWT Callback {"tokenSub":"cmk7e2c1r0001oqeum9zh3c1u","event":"Session","hasAccount":false}
2026-01-11T19:50:24.358Z - JWT Callback {"tokenSub":"cmk7e2c1r0001oqeum9zh3c1u","event":"Session","hasAccount":false}
2026-01-11T19:50:24.366Z - JWT Callback {"tokenSub":"cmk7e2c1r0001oqeum9zh3c1u","event":"Session","hasAccount":false}
2026-01-11T19:50:56.201Z - JWT Callback {"tokenSub":"cmk7e2c1r0001oqeum9zh3c1u","event":"Session","hasAccount":false}
2026-01-11T19:50:56.647Z - JWT Callback {"tokenSub":"cmk7e2c1r0001oqeum9zh3c1u","event":"Session","hasAccount":false}
2026-01-11T19:50:56.719Z - JWT Callback {"tokenSub":"cmk7e2c1r0001oqeum9zh3c1u","event":"Session","hasAccount":false}
2026-01-11T19:50:58.785Z - JWT Callback {"tokenSub":"cmk7e2c1r0001oqeum9zh3c1u","event":"Session","hasAccount":false}
2026-01-11T19:50:59.173Z - JWT Callback {"tokenSub":"cmk7e2c1r0001oqeum9zh3c1u","event":"Session","hasAccount":false}
2026-01-11T19:50:59.226Z - JWT Callback {"tokenSub":"cmk7e2c1r0001oqeum9zh3c1u","event":"Session","hasAccount":false}
2026-01-11T19:51:00.391Z - JWT Callback {"tokenSub":"cmk7e2c1r0001oqeum9zh3c1u","event":"Session","hasAccount":false}
2026-01-11T19:51:00.828Z - JWT Callback {"tokenSub":"cmk7e2c1r0001oqeum9zh3c1u","event":"Session","hasAccount":false}
2026-01-11T19:51:00.888Z - JWT Callback {"tokenSub":"cmk7e2c1r0001oqeum9zh3c1u","event":"Session","hasAccount":false}
2026-01-11T19:51:03.685Z - JWT Callback {"tokenSub":"cmk7e2c1r0001oqeum9zh3c1u","event":"Session","hasAccount":false}
2026-01-11T19:51:04.099Z - JWT Callback {"tokenSub":"cmk7e2c1r0001oqeum9zh3c1u","event":"Session","hasAccount":false}
2026-01-11T19:51:04.158Z - JWT Callback {"tokenSub":"cmk7e2c1r0001oqeum9zh3c1u","event":"Session","hasAccount":false}
2026-01-11T19:51:05.095Z - JWT Callback {"tokenSub":"cmk7e2c1r0001oqeum9zh3c1u","event":"Session","hasAccount":false}
2026-01-11T19:51:05.496Z - JWT Callback {"tokenSub":"cmk7e2c1r0001oqeum9zh3c1u","event":"Session","hasAccount":false}
2026-01-11T19:51:05.534Z - JWT Callback {"tokenSub":"cmk7e2c1r0001oqeum9zh3c1u","event":"Session","hasAccount":false}
2026-01-11T19:51:06.357Z - JWT Callback {"tokenSub":"cmk7e2c1r0001oqeum9zh3c1u","event":"Session","hasAccount":false}
2026-01-11T19:51:06.780Z - JWT Callback {"tokenSub":"cmk7e2c1r0001oqeum9zh3c1u","event":"Session","hasAccount":false}
2026-01-11T19:51:06.831Z - JWT Callback {"tokenSub":"cmk7e2c1r0001oqeum9zh3c1u","event":"Session","hasAccount":false}
2026-01-11T19:51:43.206Z - JWT Callback {"tokenSub":"cmk7e2c1r0001oqeum9zh3c1u","event":"Session","hasAccount":false}
2026-01-11T19:52:07.993Z - JWT Callback {"tokenSub":"cmk7e2c1r0001oqeum9zh3c1u","event":"Session","hasAccount":false}
2026-01-11T19:52:08.137Z - JWT Callback {"tokenSub":"cmk7e2c1r0001oqeum9zh3c1u","event":"Session","hasAccount":false}
2026-01-11T19:52:08.431Z - JWT Callback {"tokenSub":"cmk7e2c1r0001oqeum9zh3c1u","event":"Session","hasAccount":false}
2026-01-11T19:52:08.542Z - JWT Callback {"tokenSub":"cmk7e2c1r0001oqeum9zh3c1u","event":"Session","hasAccount":false}
2026-01-11T19:56:42.239Z - JWT Callback {"tokenSub":"cmk7e2c1r0001oqeum9zh3c1u","event":"Session","hasAccount":false}
2026-01-11T19:56:50.609Z - JWT Callback {"tokenSub":"cmk7e2c1r0001oqeum9zh3c1u","event":"Session","hasAccount":false}
2026-01-11T19:56:51.106Z - JWT Callback {"tokenSub":"cmk7e2c1r0001oqeum9zh3c1u","event":"Session","hasAccount":false}
2026-01-11T19:56:51.205Z - JWT Callback {"tokenSub":"cmk7e2c1r0001oqeum9zh3c1u","event":"Session","hasAccount":false}
2026-01-11T19:57:40.014Z - JWT Callback {"tokenSub":"cmk7e2c1r0001oqeum9zh3c1u","event":"Session","hasAccount":false}
2026-01-11T19:58:46.465Z - JWT Callback {"tokenSub":"cmk7e2c1r0001oqeum9zh3c1u","event":"Session","hasAccount":false}
2026-01-11T19:58:46.603Z - JWT Callback {"tokenSub":"cmk7e2c1r0001oqeum9zh3c1u","event":"Session","hasAccount":false}
2026-01-11T19:58:46.609Z - JWT Callback {"tokenSub":"cmk7e2c1r0001oqeum9zh3c1u","event":"Session","hasAccount":false}
2026-01-11T19:58:47.421Z - JWT Callback {"tokenSub":"cmk7e2c1r0001oqeum9zh3c1u","event":"Session","hasAccount":false}
2026-01-11T19:58:47.424Z - JWT Callback {"tokenSub":"cmk7e2c1r0001oqeum9zh3c1u","event":"Session","hasAccount":false}
2026-01-11T19:59:03.053Z - JWT Callback {"tokenSub":"cmk7e2c1r0001oqeum9zh3c1u","event":"Session","hasAccount":false}
2026-01-11T20:01:59.785Z - JWT Callback {"tokenSub":"cmk7e2c1r0001oqeum9zh3c1u","event":"Session","hasAccount":false}
2026-01-11T20:02:04.792Z - JWT Callback {"tokenSub":"cmk7e2c1r0001oqeum9zh3c1u","event":"Session","hasAccount":false}
2026-01-11T20:02:05.249Z - JWT Callback {"tokenSub":"cmk7e2c1r0001oqeum9zh3c1u","event":"Session","hasAccount":false}
2026-01-11T20:02:05.304Z - JWT Callback {"tokenSub":"cmk7e2c1r0001oqeum9zh3c1u","event":"Session","hasAccount":false}
2026-01-11T20:04:12.987Z - JWT Callback {"tokenSub":"cmk7e2c1r0001oqeum9zh3c1u","event":"Session","hasAccount":false}
2026-01-11T20:04:13.048Z - JWT Callback {"tokenSub":"cmk7e2c1r0001oqeum9zh3c1u","event":"Session","hasAccount":false}
2026-01-11T20:04:13.091Z - JWT Callback {"tokenSub":"cmk7e2c1r0001oqeum9zh3c1u","event":"Session","hasAccount":false}
2026-01-11T20:04:13.701Z - JWT Callback {"tokenSub":"cmk7e2c1r0001oqeum9zh3c1u","event":"Session","hasAccount":false}
2026-01-11T20:04:13.721Z - JWT Callback {"tokenSub":"cmk7e2c1r0001oqeum9zh3c1u","event":"Session","hasAccount":false}
2026-01-11T20:04:37.553Z - JWT Callback {"tokenSub":"cmk7e2c1r0001oqeum9zh3c1u","event":"Session","hasAccount":false}
2026-01-11T20:12:15.095Z - SignIn Callback {"userEmail":"jasonroycompany@gmail.com","provider":"credentials"}
2026-01-11T20:12:15.099Z - JWT Callback {"tokenSub":"cmk7e2c1r0001oqeum9zh3c1u","event":"SignIn","hasAccount":true}
2026-01-11T20:12:15.170Z - JWT Callback {"tokenSub":"cmk7e2c1r0001oqeum9zh3c1u","event":"Session","hasAccount":false}
2026-01-11T20:12:17.005Z - JWT Callback {"tokenSub":"cmk7e2c1r0001oqeum9zh3c1u","event":"Session","hasAccount":false}
2026-01-11T20:12:17.122Z - JWT Callback {"tokenSub":"cmk7e2c1r0001oqeum9zh3c1u","event":"Session","hasAccount":false}
2026-01-11T20:12:17.323Z - JWT Callback {"tokenSub":"cmk7e2c1r0001oqeum9zh3c1u","event":"Session","hasAccount":false}
2026-01-11T20:12:17.400Z - JWT Callback {"tokenSub":"cmk7e2c1r0001oqeum9zh3c1u","event":"Session","hasAccount":false}
2026-01-11T20:12:51.229Z - JWT Callback {"tokenSub":"cmk7e2c1r0001oqeum9zh3c1u","event":"Session","hasAccount":false}
2026-01-11T20:13:45.273Z - JWT Callback {"tokenSub":"cmk7e2c1r0001oqeum9zh3c1u","event":"Session","hasAccount":false}
2026-01-11T20:15:15.011Z - JWT Callback {"tokenSub":"cmk7e2c1r0001oqeum9zh3c1u","event":"Session","hasAccount":false}
2026-01-12T16:05:59.300Z - SignIn Callback {"userEmail":"jasonroycompany@gmail.com","provider":"credentials"}
2026-01-12T16:05:59.312Z - JWT Callback {"tokenSub":"cmk7e2c1r0001oqeum9zh3c1u","event":"SignIn","hasAccount":true}
2026-01-12T16:05:59.417Z - JWT Callback {"tokenSub":"cmk7e2c1r0001oqeum9zh3c1u","event":"Session","hasAccount":false}
2026-01-12T16:06:04.054Z - JWT Callback {"tokenSub":"cmk7e2c1r0001oqeum9zh3c1u","event":"Session","hasAccount":false}
2026-01-12T16:06:04.718Z - JWT Callback {"tokenSub":"cmk7e2c1r0001oqeum9zh3c1u","event":"Session","hasAccount":false}
2026-01-12T16:06:05.701Z - JWT Callback {"tokenSub":"cmk7e2c1r0001oqeum9zh3c1u","event":"Session","hasAccount":false}
2026-01-12T16:06:06.450Z - JWT Callback {"tokenSub":"cmk7e2c1r0001oqeum9zh3c1u","event":"Session","hasAccount":false}
2026-01-12T16:08:45.854Z - SignIn Callback {"userEmail":"jasonroycompany@gmail.com","provider":"google"}
2026-01-12T16:08:45.867Z - JWT Callback {"tokenSub":"cmk7e2c1r0001oqeum9zh3c1u","event":"SignIn","hasAccount":true}
2026-01-12T16:08:46.183Z - JWT Callback {"tokenSub":"cmk7e2c1r0001oqeum9zh3c1u","event":"Session","hasAccount":false}
2026-01-12T16:08:46.806Z - JWT Callback {"tokenSub":"cmk7e2c1r0001oqeum9zh3c1u","event":"Session","hasAccount":false}
2026-01-12T16:08:46.817Z - JWT Callback {"tokenSub":"cmk7e2c1r0001oqeum9zh3c1u","event":"Session","hasAccount":false}
2026-01-12T16:08:52.722Z - JWT Callback {"tokenSub":"cmk7e2c1r0001oqeum9zh3c1u","event":"Session","hasAccount":false}
2026-01-12T16:08:53.261Z - JWT Callback {"tokenSub":"cmk7e2c1r0001oqeum9zh3c1u","event":"Session","hasAccount":false}
2026-01-12T16:08:53.307Z - JWT Callback {"tokenSub":"cmk7e2c1r0001oqeum9zh3c1u","event":"Session","hasAccount":false}
2026-01-12T16:08:55.116Z - JWT Callback {"tokenSub":"cmk7e2c1r0001oqeum9zh3c1u","event":"Session","hasAccount":false}
2026-01-12T16:08:55.551Z - JWT Callback {"tokenSub":"cmk7e2c1r0001oqeum9zh3c1u","event":"Session","hasAccount":false}
2026-01-12T16:08:55.610Z - JWT Callback {"tokenSub":"cmk7e2c1r0001oqeum9zh3c1u","event":"Session","hasAccount":false}
2026-01-12T16:10:23.469Z - JWT Callback {"tokenSub":"cmk7e2c1r0001oqeum9zh3c1u","event":"Session","hasAccount":false}
2026-01-12T16:10:25.791Z - JWT Callback {"tokenSub":"cmk7e2c1r0001oqeum9zh3c1u","event":"Session","hasAccount":false}
2026-01-12T16:10:26.902Z - JWT Callback {"tokenSub":"cmk7e2c1r0001oqeum9zh3c1u","event":"Session","hasAccount":false}
2026-01-12T16:10:29.898Z - JWT Callback {"tokenSub":"cmk7e2c1r0001oqeum9zh3c1u","event":"Session","hasAccount":false}
2026-01-12T16:10:30.000Z - JWT Callback {"tokenSub":"cmk7e2c1r0001oqeum9zh3c1u","event":"Session","hasAccount":false}
2026-01-12T16:10:58.939Z - JWT Callback {"tokenSub":"cmk7e2c1r0001oqeum9zh3c1u","event":"Session","hasAccount":false}
2026-01-12T16:10:59.089Z - JWT Callback {"tokenSub":"cmk7e2c1r0001oqeum9zh3c1u","event":"Session","hasAccount":false}
2026-01-12T16:11:20.917Z - JWT Callback {"tokenSub":"cmk7e2c1r0001oqeum9zh3c1u","event":"Session","hasAccount":false}
2026-01-12T16:11:21.013Z - JWT Callback {"tokenSub":"cmk7e2c1r0001oqeum9zh3c1u","event":"Session","hasAccount":false}
2026-01-12T16:11:26.757Z - JWT Callback {"tokenSub":"cmk7e2c1r0001oqeum9zh3c1u","event":"Session","hasAccount":false}
2026-01-12T16:11:26.853Z - JWT Callback {"tokenSub":"cmk7e2c1r0001oqeum9zh3c1u","event":"Session","hasAccount":false}
2026-01-12T16:11:27.098Z - JWT Callback {"tokenSub":"cmk7e2c1r0001oqeum9zh3c1u","event":"Session","hasAccount":false}
2026-01-12T16:11:27.151Z - JWT Callback {"tokenSub":"cmk7e2c1r0001oqeum9zh3c1u","event":"Session","hasAccount":false}
2026-01-12T16:18:27.331Z - JWT Callback {"tokenSub":"cmk7e2c1r0001oqeum9zh3c1u","event":"Session","hasAccount":false}
2026-01-12T16:18:27.414Z - JWT Callback {"tokenSub":"cmk7e2c1r0001oqeum9zh3c1u","event":"Session","hasAccount":false}
2026-01-12T16:18:36.870Z - JWT Callback {"tokenSub":"cmk7e2c1r0001oqeum9zh3c1u","event":"Session","hasAccount":false}
2026-01-12T16:18:37.467Z - JWT Callback {"tokenSub":"cmk7e2c1r0001oqeum9zh3c1u","event":"Session","hasAccount":false}
2026-01-12T16:18:37.511Z - JWT Callback {"tokenSub":"cmk7e2c1r0001oqeum9zh3c1u","event":"Session","hasAccount":false}
2026-01-12T16:18:37.558Z - JWT Callback {"tokenSub":"cmk7e2c1r0001oqeum9zh3c1u","event":"Session","hasAccount":false}
2026-01-12T16:18:44.670Z - JWT Callback {"tokenSub":"cmk7e2c1r0001oqeum9zh3c1u","event":"Session","hasAccount":false}
2026-01-12T16:18:45.099Z - JWT Callback {"tokenSub":"cmk7e2c1r0001oqeum9zh3c1u","event":"Session","hasAccount":false}
2026-01-12T16:18:45.151Z - JWT Callback {"tokenSub":"cmk7e2c1r0001oqeum9zh3c1u","event":"Session","hasAccount":false}
2026-01-12T16:18:45.203Z - JWT Callback {"tokenSub":"cmk7e2c1r0001oqeum9zh3c1u","event":"Session","hasAccount":false}
2026-01-12T16:20:59.494Z - SignIn Callback {"userEmail":"jasonroycompany@gmail.com","provider":"google"}
2026-01-12T16:20:59.643Z - JWT Callback {"tokenSub":"cmk7e2c1r0001oqeum9zh3c1u","event":"SignIn","hasAccount":true}
2026-01-12T16:21:05.718Z - JWT Callback {"tokenSub":"cmk7e2c1r0001oqeum9zh3c1u","event":"Session","hasAccount":false}
2026-01-12T16:21:15.950Z - JWT Callback {"tokenSub":"cmk7e2c1r0001oqeum9zh3c1u","event":"Session","hasAccount":false}
2026-01-12T16:21:16.449Z - JWT Callback {"tokenSub":"cmk7e2c1r0001oqeum9zh3c1u","event":"Session","hasAccount":false}
2026-01-12T16:21:20.429Z - JWT Callback {"tokenSub":"cmk7e2c1r0001oqeum9zh3c1u","event":"Session","hasAccount":false}
2026-01-12T16:22:33.614Z - JWT Callback {"tokenSub":"cmk7e2c1r0001oqeum9zh3c1u","event":"Session","hasAccount":false}
2026-01-12T16:22:33.678Z - JWT Callback {"tokenSub":"cmk7e2c1r0001oqeum9zh3c1u","event":"Session","hasAccount":false}
2026-01-12T16:22:38.784Z - JWT Callback {"tokenSub":"cmk7e2c1r0001oqeum9zh3c1u","event":"Session","hasAccount":false}
2026-01-12T16:22:39.288Z - JWT Callback {"tokenSub":"cmk7e2c1r0001oqeum9zh3c1u","event":"Session","hasAccount":false}
2026-01-12T16:22:39.336Z - JWT Callback {"tokenSub":"cmk7e2c1r0001oqeum9zh3c1u","event":"Session","hasAccount":false}
2026-01-12T16:22:39.386Z - JWT Callback {"tokenSub":"cmk7e2c1r0001oqeum9zh3c1u","event":"Session","hasAccount":false}
2026-01-12T16:23:08.963Z - SignIn Callback {"userEmail":"jasonroycompany@gmail.com","provider":"google"}
2026-01-12T16:23:08.977Z - JWT Callback {"tokenSub":"cmk7e2c1r0001oqeum9zh3c1u","event":"SignIn","hasAccount":true}
2026-01-12T16:23:09.105Z - JWT Callback {"tokenSub":"cmk7e2c1r0001oqeum9zh3c1u","event":"Session","hasAccount":false}
2026-01-12T16:23:09.567Z - JWT Callback {"tokenSub":"cmk7e2c1r0001oqeum9zh3c1u","event":"Session","hasAccount":false}
2026-01-12T16:23:09.622Z - JWT Callback {"tokenSub":"cmk7e2c1r0001oqeum9zh3c1u","event":"Session","hasAccount":false}
2026-01-12T16:23:09.710Z - JWT Callback {"tokenSub":"cmk7e2c1r0001oqeum9zh3c1u","event":"Session","hasAccount":false}
2026-01-12T16:24:45.001Z - JWT Callback {"tokenSub":"cmk7e2c1r0001oqeum9zh3c1u","event":"Session","hasAccount":false}
2026-01-12T16:24:45.048Z - JWT Callback {"tokenSub":"cmk7e2c1r0001oqeum9zh3c1u","event":"Session","hasAccount":false}
2026-01-12T16:24:52.936Z - JWT Callback {"tokenSub":"cmk7e2c1r0001oqeum9zh3c1u","event":"Session","hasAccount":false}
2026-01-12T16:24:54.155Z - JWT Callback {"tokenSub":"cmk7e2c1r0001oqeum9zh3c1u","event":"Session","hasAccount":false}
2026-01-12T16:24:54.258Z - JWT Callback {"tokenSub":"cmk7e2c1r0001oqeum9zh3c1u","event":"Session","hasAccount":false}
2026-01-12T16:24:54.410Z - JWT Callback {"tokenSub":"cmk7e2c1r0001oqeum9zh3c1u","event":"Session","hasAccount":false}
2026-01-12T16:28:00.645Z - JWT Callback {"tokenSub":"cmk7e2c1r0001oqeum9zh3c1u","event":"Session","hasAccount":false}
2026-01-12T16:28:05.494Z - JWT Callback {"tokenSub":"cmk7e2c1r0001oqeum9zh3c1u","event":"Session","hasAccount":false}
2026-01-12T16:28:05.798Z - JWT Callback {"tokenSub":"cmk7e2c1r0001oqeum9zh3c1u","event":"Session","hasAccount":false}
2026-01-12T16:28:06.335Z - JWT Callback {"tokenSub":"cmk7e2c1r0001oqeum9zh3c1u","event":"Session","hasAccount":false}
2026-01-12T16:28:06.501Z - JWT Callback {"tokenSub":"cmk7e2c1r0001oqeum9zh3c1u","event":"Session","hasAccount":false}
2026-01-12T16:29:26.056Z - JWT Callback {"tokenSub":"cmk7e2c1r0001oqeum9zh3c1u","event":"Session","hasAccount":false}
2026-01-12T16:30:06.917Z - JWT Callback {"tokenSub":"cmk7e2c1r0001oqeum9zh3c1u","event":"Session","hasAccount":false}
2026-01-12T16:30:58.661Z - JWT Callback {"tokenSub":"cmk7e2c1r0001oqeum9zh3c1u","event":"Session","hasAccount":false}
2026-01-12T16:32:53.837Z - JWT Callback {"tokenSub":"cmk7e2c1r0001oqeum9zh3c1u","event":"Session","hasAccount":false}
2026-01-12T16:32:59.614Z - JWT Callback {"tokenSub":"cmk7e2c1r0001oqeum9zh3c1u","event":"Session","hasAccount":false}
2026-01-12T16:33:01.287Z - JWT Callback {"tokenSub":"cmk7e2c1r0001oqeum9zh3c1u","event":"Session","hasAccount":false}
2026-01-12T16:33:01.349Z - JWT Callback {"tokenSub":"cmk7e2c1r0001oqeum9zh3c1u","event":"Session","hasAccount":false}
2026-01-12T16:33:19.232Z - JWT Callback {"tokenSub":"cmk7e2c1r0001oqeum9zh3c1u","event":"Session","hasAccount":false}
2026-01-12T16:34:17.225Z - JWT Callback {"tokenSub":"cmk7e2c1r0001oqeum9zh3c1u","event":"Session","hasAccount":false}
2026-01-12T16:37:30.678Z - JWT Callback {"tokenSub":"cmk7e2c1r0001oqeum9zh3c1u","event":"Session","hasAccount":false}
2026-01-12T16:37:33.098Z - JWT Callback {"tokenSub":"cmk7e2c1r0001oqeum9zh3c1u","event":"Session","hasAccount":false}
2026-01-12T16:37:33.563Z - JWT Callback {"tokenSub":"cmk7e2c1r0001oqeum9zh3c1u","event":"Session","hasAccount":false}
2026-01-12T16:37:33.618Z - JWT Callback {"tokenSub":"cmk7e2c1r0001oqeum9zh3c1u","event":"Session","hasAccount":false}
2026-01-12T16:38:28.914Z - JWT Callback {"tokenSub":"cmk7e2c1r0001oqeum9zh3c1u","event":"Session","hasAccount":false}
2026-01-12T16:38:45.668Z - JWT Callback {"tokenSub":"cmk7e2c1r0001oqeum9zh3c1u","event":"Session","hasAccount":false}
2026-01-12T16:39:43.676Z - JWT Callback {"tokenSub":"cmk7e2c1r0001oqeum9zh3c1u","event":"Session","hasAccount":false}
2026-01-12T16:40:11.584Z - JWT Callback {"tokenSub":"cmk7e2c1r0001oqeum9zh3c1u","event":"Session","hasAccount":false}
2026-01-12T16:40:36.454Z - JWT Callback {"tokenSub":"cmk7e2c1r0001oqeum9zh3c1u","event":"Session","hasAccount":false}
2026-01-12T16:40:37.935Z - JWT Callback {"tokenSub":"cmk7e2c1r0001oqeum9zh3c1u","event":"Session","hasAccount":false}
2026-01-12T16:40:50.487Z - JWT Callback {"tokenSub":"cmk7e2c1r0001oqeum9zh3c1u","event":"Session","hasAccount":false}
2026-01-12T16:40:57.287Z - JWT Callback {"tokenSub":"cmk7e2c1r0001oqeum9zh3c1u","event":"Session","hasAccount":false}
2026-01-12T16:40:57.402Z - JWT Callback {"tokenSub":"cmk7e2c1r0001oqeum9zh3c1u","event":"Session","hasAccount":false}
2026-01-12T16:41:18.264Z - JWT Callback {"tokenSub":"cmk7e2c1r0001oqeum9zh3c1u","event":"Session","hasAccount":false}
2026-01-12T16:58:21.904Z - JWT Callback {"tokenSub":"cmk7e2c1r0001oqeum9zh3c1u","event":"Session","hasAccount":false}
2026-01-12T17:00:41.057Z - JWT Callback {"tokenSub":"cmk7e2c1r0001oqeum9zh3c1u","event":"Session","hasAccount":false}
2026-01-12T17:00:47.374Z - JWT Callback {"tokenSub":"cmk7e2c1r0001oqeum9zh3c1u","event":"Session","hasAccount":false}
2026-01-12T17:00:52.725Z - JWT Callback {"tokenSub":"cmk7e2c1r0001oqeum9zh3c1u","event":"Session","hasAccount":false}
2026-01-12T17:00:53.298Z - JWT Callback {"tokenSub":"cmk7e2c1r0001oqeum9zh3c1u","event":"Session","hasAccount":false}
2026-01-13T13:47:00.552Z - JWT Callback {"tokenSub":"cmk7e2c1r0001oqeum9zh3c1u","event":"Session","hasAccount":false}
2026-01-13T13:49:51.054Z - SignIn Callback {"userEmail":"jasonroycompany@gmail.com","provider":"google"}
2026-01-13T13:49:51.058Z - SignIn Callback {"userEmail":"jasonroycompany@gmail.com","provider":"google"}
2026-01-13T13:49:51.076Z - JWT Callback {"tokenSub":"cmk7e2c1r0001oqeum9zh3c1u","event":"SignIn","hasAccount":true}
2026-01-13T13:49:51.082Z - JWT Callback {"tokenSub":"cmk7e2c1r0001oqeum9zh3c1u","event":"SignIn","hasAccount":true}
2026-01-13T13:49:52.757Z - JWT Callback {"tokenSub":"cmk7e2c1r0001oqeum9zh3c1u","event":"Session","hasAccount":false}
2026-01-13T13:49:53.667Z - JWT Callback {"tokenSub":"cmk7e2c1r0001oqeum9zh3c1u","event":"Session","hasAccount":false}
2026-01-13T13:49:53.669Z - JWT Callback {"tokenSub":"cmk7e2c1r0001oqeum9zh3c1u","event":"Session","hasAccount":false}
2026-01-13T13:50:11.383Z - JWT Callback {"tokenSub":"cmk7e2c1r0001oqeum9zh3c1u","event":"Session","hasAccount":false}
2026-01-13T13:51:00.375Z - JWT Callback {"tokenSub":"cmk7e2c1r0001oqeum9zh3c1u","event":"Session","hasAccount":false}
2026-01-13T13:51:18.022Z - JWT Callback {"tokenSub":"cmk7e2c1r0001oqeum9zh3c1u","event":"Session","hasAccount":false}
2026-01-13T13:51:20.339Z - JWT Callback {"tokenSub":"cmk7e2c1r0001oqeum9zh3c1u","event":"Session","hasAccount":false}
2026-01-13T13:51:23.346Z - JWT Callback {"tokenSub":"cmk7e2c1r0001oqeum9zh3c1u","event":"Session","hasAccount":false}
2026-01-13T13:51:23.406Z - JWT Callback {"tokenSub":"cmk7e2c1r0001oqeum9zh3c1u","event":"Session","hasAccount":false}
2026-01-13T13:51:38.951Z - JWT Callback {"tokenSub":"cmk7e2c1r0001oqeum9zh3c1u","event":"Session","hasAccount":false}
2026-01-13T13:54:29.569Z - JWT Callback {"tokenSub":"cmk7e2c1r0001oqeum9zh3c1u","event":"Session","hasAccount":false}
2026-01-13T13:55:10.315Z - JWT Callback {"tokenSub":"cmk7e2c1r0001oqeum9zh3c1u","event":"Session","hasAccount":false}
2026-01-13T13:56:55.313Z - JWT Callback {"tokenSub":"cmk7e2c1r0001oqeum9zh3c1u","event":"Session","hasAccount":false}
2026-01-13T14:01:32.949Z - JWT Callback {"tokenSub":"cmk7e2c1r0001oqeum9zh3c1u","event":"Session","hasAccount":false}
2026-01-13T14:12:15.734Z - JWT Callback {"tokenSub":"cmk7e2c1r0001oqeum9zh3c1u","event":"Session","hasAccount":false}
2026-01-13T14:12:18.564Z - JWT Callback {"tokenSub":"cmk7e2c1r0001oqeum9zh3c1u","event":"Session","hasAccount":false}
2026-01-13T14:12:19.342Z - JWT Callback {"tokenSub":"cmk7e2c1r0001oqeum9zh3c1u","event":"Session","hasAccount":false}
2026-01-13T14:12:19.350Z - JWT Callback {"tokenSub":"cmk7e2c1r0001oqeum9zh3c1u","event":"Session","hasAccount":false}
2026-01-13T14:13:03.287Z - JWT Callback {"tokenSub":"cmk7e2c1r0001oqeum9zh3c1u","event":"Session","hasAccount":false}
2026-01-13T14:13:03.698Z - JWT Callback {"tokenSub":"cmk7e2c1r0001oqeum9zh3c1u","event":"Session","hasAccount":false}
2026-01-13T14:13:03.764Z - JWT Callback {"tokenSub":"cmk7e2c1r0001oqeum9zh3c1u","event":"Session","hasAccount":false}
2026-01-13T14:16:26.723Z - JWT Callback {"tokenSub":"cmk7e2c1r0001oqeum9zh3c1u","event":"Session","hasAccount":false}
2026-01-13T14:55:16.112Z - JWT Callback {"tokenSub":"cmk7e2c1r0001oqeum9zh3c1u","event":"Session","hasAccount":false}
2026-01-13T14:58:45.147Z - JWT Callback {"tokenSub":"cmk7e2c1r0001oqeum9zh3c1u","event":"Session","hasAccount":false}
2026-01-13T15:01:00.875Z - JWT Callback {"tokenSub":"cmk7e2c1r0001oqeum9zh3c1u","event":"Session","hasAccount":false}
2026-01-13T15:01:03.478Z - JWT Callback {"tokenSub":"cmk7e2c1r0001oqeum9zh3c1u","event":"Session","hasAccount":false}
2026-01-13T15:01:03.910Z - JWT Callback {"tokenSub":"cmk7e2c1r0001oqeum9zh3c1u","event":"Session","hasAccount":false}
2026-01-13T15:01:03.924Z - JWT Callback {"tokenSub":"cmk7e2c1r0001oqeum9zh3c1u","event":"Session","hasAccount":false}
2026-01-13T15:02:39.975Z - JWT Callback {"tokenSub":"cmk7e2c1r0001oqeum9zh3c1u","event":"Session","hasAccount":false}
2026-01-13T15:02:43.086Z - JWT Callback {"tokenSub":"cmk7e2c1r0001oqeum9zh3c1u","event":"Session","hasAccount":false}
2026-01-13T15:02:43.453Z - JWT Callback {"tokenSub":"cmk7e2c1r0001oqeum9zh3c1u","event":"Session","hasAccount":false}
2026-01-13T15:02:43.511Z - JWT Callback {"tokenSub":"cmk7e2c1r0001oqeum9zh3c1u","event":"Session","hasAccount":false}
2026-01-13T15:07:28.388Z - JWT Callback {"tokenSub":"cmk7e2c1r0001oqeum9zh3c1u","event":"Session","hasAccount":false}
2026-01-13T15:26:52.525Z - SignIn Callback {"userEmail":"jasonroycompany@gmail.com","provider":"credentials"}
2026-01-13T15:26:52.527Z - JWT Callback {"tokenSub":"cmk7e2c1r0001oqeum9zh3c1u","event":"SignIn","hasAccount":true}
2026-01-13T15:26:52.603Z - JWT Callback {"tokenSub":"cmk7e2c1r0001oqeum9zh3c1u","event":"Session","hasAccount":false}
2026-01-13T15:26:53.220Z - JWT Callback {"tokenSub":"cmk7e2c1r0001oqeum9zh3c1u","event":"Session","hasAccount":false}
2026-01-13T15:26:53.344Z - JWT Callback {"tokenSub":"cmk7e2c1r0001oqeum9zh3c1u","event":"Session","hasAccount":false}
2026-01-13T15:26:53.513Z - JWT Callback {"tokenSub":"cmk7e2c1r0001oqeum9zh3c1u","event":"Session","hasAccount":false}
2026-01-13T15:26:53.564Z - JWT Callback {"tokenSub":"cmk7e2c1r0001oqeum9zh3c1u","event":"Session","hasAccount":false}
2026-01-13T16:02:40.404Z - JWT Callback {"tokenSub":"cmk7e2c1r0001oqeum9zh3c1u","event":"Session","hasAccount":false}
2026-01-13T16:41:52.358Z - SignIn Callback {"userEmail":"jasonroycompany@gmail.com","provider":"google"}
2026-01-13T16:41:52.500Z - JWT Callback {"tokenSub":"cmk7e2c1r0001oqeum9zh3c1u","event":"SignIn","hasAccount":true}
2026-01-13T16:41:53.677Z - SignIn Callback {"userEmail":"jasonroycompany@gmail.com","provider":"google"}
2026-01-13T16:41:53.879Z - JWT Callback {"tokenSub":"cmk7e2c1r0001oqeum9zh3c1u","event":"SignIn","hasAccount":true}
2026-01-13T16:42:08.819Z - JWT Callback {"tokenSub":"cmk7e2c1r0001oqeum9zh3c1u","event":"Session","hasAccount":false}
2026-01-13T16:42:13.226Z - JWT Callback {"tokenSub":"cmk7e2c1r0001oqeum9zh3c1u","event":"Session","hasAccount":false}
2026-01-13T16:42:13.382Z - JWT Callback {"tokenSub":"cmk7e2c1r0001oqeum9zh3c1u","event":"Session","hasAccount":false}
2026-01-13T16:42:24.186Z - JWT Callback {"tokenSub":"cmk7e2c1r0001oqeum9zh3c1u","event":"Session","hasAccount":false}
2026-01-13T16:44:47.348Z - JWT Callback {"tokenSub":"cmk7e2c1r0001oqeum9zh3c1u","event":"Session","hasAccount":false}
2026-01-13T16:45:33.257Z - JWT Callback {"tokenSub":"cmk7e2c1r0001oqeum9zh3c1u","event":"Session","hasAccount":false}
2026-01-13T16:46:13.399Z - JWT Callback {"tokenSub":"cmk7e2c1r0001oqeum9zh3c1u","event":"Session","hasAccount":false}
2026-01-13T16:46:16.199Z - JWT Callback {"tokenSub":"cmk7e2c1r0001oqeum9zh3c1u","event":"Session","hasAccount":false}
2026-01-13T16:46:18.230Z - JWT Callback {"tokenSub":"cmk7e2c1r0001oqeum9zh3c1u","event":"Session","hasAccount":false}
2026-01-13T16:46:18.613Z - JWT Callback {"tokenSub":"cmk7e2c1r0001oqeum9zh3c1u","event":"Session","hasAccount":false}
2026-01-13T16:46:57.148Z - JWT Callback {"tokenSub":"cmk7e2c1r0001oqeum9zh3c1u","event":"Session","hasAccount":false}
2026-01-13T16:46:57.438Z - JWT Callback {"tokenSub":"cmk7e2c1r0001oqeum9zh3c1u","event":"Session","hasAccount":false}
2026-01-13T16:46:58.335Z - JWT Callback {"tokenSub":"cmk7e2c1r0001oqeum9zh3c1u","event":"Session","hasAccount":false}
2026-01-13T16:46:58.344Z - JWT Callback {"tokenSub":"cmk7e2c1r0001oqeum9zh3c1u","event":"Session","hasAccount":false}
2026-01-13T16:46:58.768Z - JWT Callback {"tokenSub":"cmk7e2c1r0001oqeum9zh3c1u","event":"Session","hasAccount":false}
2026-01-13T16:47:18.779Z - JWT Callback {"tokenSub":"cmk7e2c1r0001oqeum9zh3c1u","event":"Session","hasAccount":false}
2026-01-13T16:47:19.127Z - JWT Callback {"tokenSub":"cmk7e2c1r0001oqeum9zh3c1u","event":"Session","hasAccount":false}
2026-01-13T16:47:19.173Z - JWT Callback {"tokenSub":"cmk7e2c1r0001oqeum9zh3c1u","event":"Session","hasAccount":false}
2026-01-13T16:48:10.357Z - JWT Callback {"tokenSub":"cmk7e2c1r0001oqeum9zh3c1u","event":"Session","hasAccount":false}
2026-01-13T16:48:43.000Z - JWT Callback {"tokenSub":"cmk7e2c1r0001oqeum9zh3c1u","event":"Session","hasAccount":false}
2026-01-13T16:52:07.218Z - JWT Callback {"tokenSub":"cmk7e2c1r0001oqeum9zh3c1u","event":"Session","hasAccount":false}
2026-01-13T16:52:07.295Z - JWT Callback {"tokenSub":"cmk7e2c1r0001oqeum9zh3c1u","event":"Session","hasAccount":false}
2026-01-13T16:52:18.418Z - JWT Callback {"tokenSub":"cmk7e2c1r0001oqeum9zh3c1u","event":"Session","hasAccount":false}
2026-01-13T16:52:40.050Z - JWT Callback {"tokenSub":"cmk7e2c1r0001oqeum9zh3c1u","event":"Session","hasAccount":false}
2026-01-13T16:52:47.105Z - JWT Callback {"tokenSub":"cmk7e2c1r0001oqeum9zh3c1u","event":"Session","hasAccount":false}
2026-01-13T16:53:00.236Z - JWT Callback {"tokenSub":"cmk7e2c1r0001oqeum9zh3c1u","event":"Session","hasAccount":false}
2026-01-13T16:53:03.194Z - JWT Callback {"tokenSub":"cmk7e2c1r0001oqeum9zh3c1u","event":"Session","hasAccount":false}
2026-01-13T16:53:03.266Z - JWT Callback {"tokenSub":"cmk7e2c1r0001oqeum9zh3c1u","event":"Session","hasAccount":false}
2026-01-13T16:53:08.011Z - JWT Callback {"tokenSub":"cmk7e2c1r0001oqeum9zh3c1u","event":"Session","hasAccount":false}
2026-01-13T16:53:12.139Z - JWT Callback {"tokenSub":"cmk7e2c1r0001oqeum9zh3c1u","event":"Session","hasAccount":false}
2026-01-13T16:53:14.802Z - JWT Callback {"tokenSub":"cmk7e2c1r0001oqeum9zh3c1u","event":"Session","hasAccount":false}
2026-01-13T16:53:17.152Z - JWT Callback {"tokenSub":"cmk7e2c1r0001oqeum9zh3c1u","event":"Session","hasAccount":false}
2026-01-13T16:53:17.228Z - JWT Callback {"tokenSub":"cmk7e2c1r0001oqeum9zh3c1u","event":"Session","hasAccount":false}
2026-01-13T16:53:24.159Z - JWT Callback {"tokenSub":"cmk7e2c1r0001oqeum9zh3c1u","event":"Session","hasAccount":false}
2026-01-13T16:53:29.575Z - JWT Callback {"tokenSub":"cmk7e2c1r0001oqeum9zh3c1u","event":"Session","hasAccount":false}
2026-01-13T16:53:29.634Z - JWT Callback {"tokenSub":"cmk7e2c1r0001oqeum9zh3c1u","event":"Session","hasAccount":false}
2026-01-13T16:53:44.646Z - JWT Callback {"tokenSub":"cmk7e2c1r0001oqeum9zh3c1u","event":"Session","hasAccount":false}
2026-01-13T16:53:45.273Z - JWT Callback {"tokenSub":"cmk7e2c1r0001oqeum9zh3c1u","event":"Session","hasAccount":false}
2026-01-13T16:53:50.303Z - JWT Callback {"tokenSub":"cmk7e2c1r0001oqeum9zh3c1u","event":"Session","hasAccount":false}
2026-01-13T16:53:50.384Z - JWT Callback {"tokenSub":"cmk7e2c1r0001oqeum9zh3c1u","event":"Session","hasAccount":false}
2026-01-13T16:54:34.034Z - JWT Callback {"tokenSub":"cmk7e2c1r0001oqeum9zh3c1u","event":"Session","hasAccount":false}
2026-01-13T16:54:45.362Z - JWT Callback {"tokenSub":"cmk7e2c1r0001oqeum9zh3c1u","event":"Session","hasAccount":false}
2026-01-13T16:54:45.411Z - JWT Callback {"tokenSub":"cmk7e2c1r0001oqeum9zh3c1u","event":"Session","hasAccount":false}
2026-01-13T16:55:52.182Z - JWT Callback {"tokenSub":"cmk7e2c1r0001oqeum9zh3c1u","event":"Session","hasAccount":false}
2026-01-13T16:55:52.656Z - JWT Callback {"tokenSub":"cmk7e2c1r0001oqeum9zh3c1u","event":"Session","hasAccount":false}
2026-01-13T16:57:43.645Z - JWT Callback {"tokenSub":"cmk7e2c1r0001oqeum9zh3c1u","event":"Session","hasAccount":false}
2026-01-13T16:57:46.398Z - JWT Callback {"tokenSub":"cmk7e2c1r0001oqeum9zh3c1u","event":"Session","hasAccount":false}
2026-01-13T16:58:35.785Z - JWT Callback {"tokenSub":"cmk7e2c1r0001oqeum9zh3c1u","event":"Session","hasAccount":false}
2026-01-13T16:58:36.239Z - JWT Callback {"tokenSub":"cmk7e2c1r0001oqeum9zh3c1u","event":"Session","hasAccount":false}
2026-01-13T16:58:57.776Z - JWT Callback {"tokenSub":"cmk7e2c1r0001oqeum9zh3c1u","event":"Session","hasAccount":false}
2026-01-13T16:59:48.517Z - JWT Callback {"tokenSub":"cmk7e2c1r0001oqeum9zh3c1u","event":"Session","hasAccount":false}
2026-01-13T16:59:59.933Z - JWT Callback {"tokenSub":"cmk7e2c1r0001oqeum9zh3c1u","event":"Session","hasAccount":false}
2026-01-13T17:00:00.763Z - JWT Callback {"tokenSub":"cmk7e2c1r0001oqeum9zh3c1u","event":"Session","hasAccount":false}
2026-01-13T17:00:00.879Z - JWT Callback {"tokenSub":"cmk7e2c1r0001oqeum9zh3c1u","event":"Session","hasAccount":false}
2026-01-13T17:00:43.803Z - JWT Callback {"tokenSub":"cmk7e2c1r0001oqeum9zh3c1u","event":"Session","hasAccount":false}
2026-01-13T17:02:29.818Z - JWT Callback {"tokenSub":"cmk7e2c1r0001oqeum9zh3c1u","event":"Session","hasAccount":false}
2026-01-13T17:02:36.065Z - JWT Callback {"tokenSub":"cmk7e2c1r0001oqeum9zh3c1u","event":"Session","hasAccount":false}
2026-01-13T17:02:36.792Z - JWT Callback {"tokenSub":"cmk7e2c1r0001oqeum9zh3c1u","event":"Session","hasAccount":false}
2026-01-13T17:03:17.702Z - JWT Callback {"tokenSub":"cmk7e2c1r0001oqeum9zh3c1u","event":"Session","hasAccount":false}
2026-01-13T17:03:33.184Z - JWT Callback {"tokenSub":"cmk7e2c1r0001oqeum9zh3c1u","event":"Session","hasAccount":false}
2026-01-13T17:03:33.830Z - JWT Callback {"tokenSub":"cmk7e2c1r0001oqeum9zh3c1u","event":"Session","hasAccount":false}
2026-01-13T17:03:34.472Z - JWT Callback {"tokenSub":"cmk7e2c1r0001oqeum9zh3c1u","event":"Session","hasAccount":false}
2026-01-13T17:03:35.119Z - JWT Callback {"tokenSub":"cmk7e2c1r0001oqeum9zh3c1u","event":"Session","hasAccount":false}
2026-01-13T17:11:38.583Z - JWT Callback {"tokenSub":"cmk7e2c1r0001oqeum9zh3c1u","event":"Session","hasAccount":false}
2026-01-13T17:11:38.649Z - JWT Callback {"tokenSub":"cmk7e2c1r0001oqeum9zh3c1u","event":"Session","hasAccount":false}
2026-01-13T17:11:38.715Z - JWT Callback {"tokenSub":"cmk7e2c1r0001oqeum9zh3c1u","event":"Session","hasAccount":false}
2026-01-13T17:11:38.774Z - JWT Callback {"tokenSub":"cmk7e2c1r0001oqeum9zh3c1u","event":"Session","hasAccount":false}
2026-01-13T17:11:38.841Z - JWT Callback {"tokenSub":"cmk7e2c1r0001oqeum9zh3c1u","event":"Session","hasAccount":false}
2026-01-13T17:11:38.901Z - JWT Callback {"tokenSub":"cmk7e2c1r0001oqeum9zh3c1u","event":"Session","hasAccount":false}
2026-01-13T17:11:38.953Z - JWT Callback {"tokenSub":"cmk7e2c1r0001oqeum9zh3c1u","event":"Session","hasAccount":false}
2026-01-13T17:11:39.014Z - JWT Callback {"tokenSub":"cmk7e2c1r0001oqeum9zh3c1u","event":"Session","hasAccount":false}
2026-01-13T17:11:39.071Z - JWT Callback {"tokenSub":"cmk7e2c1r0001oqeum9zh3c1u","event":"Session","hasAccount":false}
2026-01-13T17:11:39.127Z - JWT Callback {"tokenSub":"cmk7e2c1r0001oqeum9zh3c1u","event":"Session","hasAccount":false}
2026-01-13T17:11:39.196Z - JWT Callback {"tokenSub":"cmk7e2c1r0001oqeum9zh3c1u","event":"Session","hasAccount":false}
2026-01-13T17:11:39.248Z - JWT Callback {"tokenSub":"cmk7e2c1r0001oqeum9zh3c1u","event":"Session","hasAccount":false}
2026-01-13T17:11:39.298Z - JWT Callback {"tokenSub":"cmk7e2c1r0001oqeum9zh3c1u","event":"Session","hasAccount":false}
2026-01-13T17:11:39.368Z - JWT Callback {"tokenSub":"cmk7e2c1r0001oqeum9zh3c1u","event":"Session","hasAccount":false}
2026-01-13T17:11:39.473Z - JWT Callback {"tokenSub":"cmk7e2c1r0001oqeum9zh3c1u","event":"Session","hasAccount":false}
2026-01-13T17:11:39.587Z - JWT Callback {"tokenSub":"cmk7e2c1r0001oqeum9zh3c1u","event":"Session","hasAccount":false}
2026-01-13T17:11:39.640Z - JWT Callback {"tokenSub":"cmk7e2c1r0001oqeum9zh3c1u","event":"Session","hasAccount":false}
2026-01-13T17:11:39.690Z - JWT Callback {"tokenSub":"cmk7e2c1r0001oqeum9zh3c1u","event":"Session","hasAccount":false}
2026-01-13T17:11:39.758Z - JWT Callback {"tokenSub":"cmk7e2c1r0001oqeum9zh3c1u","event":"Session","hasAccount":false}
2026-01-13T17:11:39.828Z - JWT Callback {"tokenSub":"cmk7e2c1r0001oqeum9zh3c1u","event":"Session","hasAccount":false}
2026-01-13T17:11:39.901Z - JWT Callback {"tokenSub":"cmk7e2c1r0001oqeum9zh3c1u","event":"Session","hasAccount":false}
2026-01-13T17:11:39.993Z - JWT Callback {"tokenSub":"cmk7e2c1r0001oqeum9zh3c1u","event":"Session","hasAccount":false}
2026-01-13T17:11:40.079Z - JWT Callback {"tokenSub":"cmk7e2c1r0001oqeum9zh3c1u","event":"Session","hasAccount":false}
2026-01-13T17:11:40.164Z - JWT Callback {"tokenSub":"cmk7e2c1r0001oqeum9zh3c1u","event":"Session","hasAccount":false}
2026-01-13T17:11:40.225Z - JWT Callback {"tokenSub":"cmk7e2c1r0001oqeum9zh3c1u","event":"Session","hasAccount":false}
2026-01-13T17:11:40.277Z - JWT Callback {"tokenSub":"cmk7e2c1r0001oqeum9zh3c1u","event":"Session","hasAccount":false}
2026-01-13T17:11:40.341Z - JWT Callback {"tokenSub":"cmk7e2c1r0001oqeum9zh3c1u","event":"Session","hasAccount":false}
2026-01-13T17:11:40.390Z - JWT Callback {"tokenSub":"cmk7e2c1r0001oqeum9zh3c1u","event":"Session","hasAccount":false}
2026-01-13T17:11:40.445Z - JWT Callback {"tokenSub":"cmk7e2c1r0001oqeum9zh3c1u","event":"Session","hasAccount":false}
2026-01-13T17:11:40.509Z - JWT Callback {"tokenSub":"cmk7e2c1r0001oqeum9zh3c1u","event":"Session","hasAccount":false}
2026-01-13T17:11:40.572Z - JWT Callback {"tokenSub":"cmk7e2c1r0001oqeum9zh3c1u","event":"Session","hasAccount":false}
2026-01-13T17:11:40.635Z - JWT Callback {"tokenSub":"cmk7e2c1r0001oqeum9zh3c1u","event":"Session","hasAccount":false}
2026-01-13T17:11:40.701Z - JWT Callback {"tokenSub":"cmk7e2c1r0001oqeum9zh3c1u","event":"Session","hasAccount":false}
2026-01-13T17:11:40.773Z - JWT Callback {"tokenSub":"cmk7e2c1r0001oqeum9zh3c1u","event":"Session","hasAccount":false}
2026-01-13T17:11:40.823Z - JWT Callback {"tokenSub":"cmk7e2c1r0001oqeum9zh3c1u","event":"Session","hasAccount":false}
2026-01-13T17:11:40.875Z - JWT Callback {"tokenSub":"cmk7e2c1r0001oqeum9zh3c1u","event":"Session","hasAccount":false}
2026-01-13T17:11:40.940Z - JWT Callback {"tokenSub":"cmk7e2c1r0001oqeum9zh3c1u","event":"Session","hasAccount":false}
2026-01-13T17:11:40.996Z - JWT Callback {"tokenSub":"cmk7e2c1r0001oqeum9zh3c1u","event":"Session","hasAccount":false}
2026-01-13T17:11:41.049Z - JWT Callback {"tokenSub":"cmk7e2c1r0001oqeum9zh3c1u","event":"Session","hasAccount":false}
2026-01-13T17:11:41.100Z - JWT Callback {"tokenSub":"cmk7e2c1r0001oqeum9zh3c1u","event":"Session","hasAccount":false}
2026-01-13T17:11:41.155Z - JWT Callback {"tokenSub":"cmk7e2c1r0001oqeum9zh3c1u","event":"Session","hasAccount":false}
2026-01-13T17:11:41.215Z - JWT Callback {"tokenSub":"cmk7e2c1r0001oqeum9zh3c1u","event":"Session","hasAccount":false}
2026-01-13T17:11:41.281Z - JWT Callback {"tokenSub":"cmk7e2c1r0001oqeum9zh3c1u","event":"Session","hasAccount":false}
2026-01-13T17:11:41.340Z - JWT Callback {"tokenSub":"cmk7e2c1r0001oqeum9zh3c1u","event":"Session","hasAccount":false}
2026-01-13T17:12:47.800Z - JWT Callback {"tokenSub":"cmk7e2c1r0001oqeum9zh3c1u","event":"Session","hasAccount":false}
2026-01-13T17:12:55.842Z - JWT Callback {"tokenSub":"cmk7e2c1r0001oqeum9zh3c1u","event":"Session","hasAccount":false}
2026-01-13T17:12:56.744Z - JWT Callback {"tokenSub":"cmk7e2c1r0001oqeum9zh3c1u","event":"Session","hasAccount":false}
2026-01-13T17:13:04.808Z - JWT Callback {"tokenSub":"cmk7e2c1r0001oqeum9zh3c1u","event":"Session","hasAccount":false}
2026-01-13T17:13:13.811Z - JWT Callback {"tokenSub":"cmk7e2c1r0001oqeum9zh3c1u","event":"Session","hasAccount":false}
2026-01-13T17:13:19.468Z - JWT Callback {"tokenSub":"cmk7e2c1r0001oqeum9zh3c1u","event":"Session","hasAccount":false}
2026-01-13T17:13:24.110Z - JWT Callback {"tokenSub":"cmk7e2c1r0001oqeum9zh3c1u","event":"Session","hasAccount":false}
2026-01-13T17:13:24.681Z - JWT Callback {"tokenSub":"cmk7e2c1r0001oqeum9zh3c1u","event":"Session","hasAccount":false}
2026-01-13T17:13:58.197Z - JWT Callback {"tokenSub":"cmk7e2c1r0001oqeum9zh3c1u","event":"Session","hasAccount":false}
2026-01-13T17:13:58.930Z - JWT Callback {"tokenSub":"cmk7e2c1r0001oqeum9zh3c1u","event":"Session","hasAccount":false}
2026-01-13T17:18:24.716Z - JWT Callback {"tokenSub":"cmk7e2c1r0001oqeum9zh3c1u","event":"Session","hasAccount":false}
2026-01-13T17:18:25.649Z - JWT Callback {"tokenSub":"cmk7e2c1r0001oqeum9zh3c1u","event":"Session","hasAccount":false}
2026-01-13T17:18:26.726Z - JWT Callback {"tokenSub":"cmk7e2c1r0001oqeum9zh3c1u","event":"Session","hasAccount":false}
2026-01-13T17:18:47.914Z - JWT Callback {"tokenSub":"cmk7e2c1r0001oqeum9zh3c1u","event":"Session","hasAccount":false}
2026-01-13T17:18:49.500Z - JWT Callback {"tokenSub":"cmk7e2c1r0001oqeum9zh3c1u","event":"Session","hasAccount":false}
2026-01-13T17:18:50.279Z - JWT Callback {"tokenSub":"cmk7e2c1r0001oqeum9zh3c1u","event":"Session","hasAccount":false}
2026-01-13T17:18:56.144Z - JWT Callback {"tokenSub":"cmk7e2c1r0001oqeum9zh3c1u","event":"Session","hasAccount":false}
2026-01-13T17:18:58.109Z - JWT Callback {"tokenSub":"cmk7e2c1r0001oqeum9zh3c1u","event":"Session","hasAccount":false}
2026-01-13T17:19:52.898Z - JWT Callback {"tokenSub":"cmk7e2c1r0001oqeum9zh3c1u","event":"Session","hasAccount":false}
2026-01-13T17:19:52.915Z - JWT Callback {"tokenSub":"cmk7e2c1r0001oqeum9zh3c1u","event":"Session","hasAccount":false}
2026-01-13T17:19:53.079Z - JWT Callback {"tokenSub":"cmk7e2c1r0001oqeum9zh3c1u","event":"Session","hasAccount":false}
2026-01-13T17:19:53.864Z - JWT Callback {"tokenSub":"cmk7e2c1r0001oqeum9zh3c1u","event":"Session","hasAccount":false}
2026-01-13T17:19:53.872Z - JWT Callback {"tokenSub":"cmk7e2c1r0001oqeum9zh3c1u","event":"Session","hasAccount":false}
2026-01-13T17:20:42.531Z - JWT Callback {"tokenSub":"cmk7e2c1r0001oqeum9zh3c1u","event":"Session","hasAccount":false}
2026-01-13T17:20:43.632Z - JWT Callback {"tokenSub":"cmk7e2c1r0001oqeum9zh3c1u","event":"Session","hasAccount":false}
2026-01-13T17:20:44.337Z - JWT Callback {"tokenSub":"cmk7e2c1r0001oqeum9zh3c1u","event":"Session","hasAccount":false}
2026-01-13T17:20:44.615Z - JWT Callback {"tokenSub":"cmk7e2c1r0001oqeum9zh3c1u","event":"Session","hasAccount":false}
2026-01-13T17:21:05.465Z - JWT Callback {"tokenSub":"cmk7e2c1r0001oqeum9zh3c1u","event":"Session","hasAccount":false}
2026-01-13T17:21:05.946Z - JWT Callback {"tokenSub":"cmk7e2c1r0001oqeum9zh3c1u","event":"Session","hasAccount":false}
2026-01-13T17:21:14.257Z - JWT Callback {"tokenSub":"cmk7e2c1r0001oqeum9zh3c1u","event":"Session","hasAccount":false}
2026-01-13T17:22:19.914Z - JWT Callback {"tokenSub":"cmk7e2c1r0001oqeum9zh3c1u","event":"Session","hasAccount":false}
2026-01-13T17:22:30.177Z - JWT Callback {"tokenSub":"cmk7e2c1r0001oqeum9zh3c1u","event":"Session","hasAccount":false}
2026-01-13T17:22:30.193Z - JWT Callback {"tokenSub":"cmk7e2c1r0001oqeum9zh3c1u","event":"Session","hasAccount":false}
2026-01-13T17:22:41.774Z - JWT Callback {"tokenSub":"cmk7e2c1r0001oqeum9zh3c1u","event":"Session","hasAccount":false}
2026-01-13T17:22:50.132Z - JWT Callback {"tokenSub":"cmk7e2c1r0001oqeum9zh3c1u","event":"Session","hasAccount":false}
2026-01-13T17:22:50.580Z - JWT Callback {"tokenSub":"cmk7e2c1r0001oqeum9zh3c1u","event":"Session","hasAccount":false}
2026-01-13T17:22:56.526Z - JWT Callback {"tokenSub":"cmk7e2c1r0001oqeum9zh3c1u","event":"Session","hasAccount":false}
2026-01-13T17:23:02.610Z - JWT Callback {"tokenSub":"cmk7e2c1r0001oqeum9zh3c1u","event":"Session","hasAccount":false}
2026-01-13T17:23:02.864Z - JWT Callback {"tokenSub":"cmk7e2c1r0001oqeum9zh3c1u","event":"Session","hasAccount":false}
2026-01-13T17:23:06.241Z - JWT Callback {"tokenSub":"cmk7e2c1r0001oqeum9zh3c1u","event":"Session","hasAccount":false}
2026-01-13T17:23:06.742Z - JWT Callback {"tokenSub":"cmk7e2c1r0001oqeum9zh3c1u","event":"Session","hasAccount":false}
2026-01-13T17:24:08.212Z - JWT Callback {"tokenSub":"cmk7e2c1r0001oqeum9zh3c1u","event":"Session","hasAccount":false}
2026-01-13T17:24:08.273Z - JWT Callback {"tokenSub":"cmk7e2c1r0001oqeum9zh3c1u","event":"Session","hasAccount":false}
2026-01-13T17:24:08.397Z - JWT Callback {"tokenSub":"cmk7e2c1r0001oqeum9zh3c1u","event":"Session","hasAccount":false}
2026-01-13T17:24:08.492Z - JWT Callback {"tokenSub":"cmk7e2c1r0001oqeum9zh3c1u","event":"Session","hasAccount":false}
2026-01-13T17:24:08.616Z - JWT Callback {"tokenSub":"cmk7e2c1r0001oqeum9zh3c1u","event":"Session","hasAccount":false}
2026-01-13T17:24:08.680Z - JWT Callback {"tokenSub":"cmk7e2c1r0001oqeum9zh3c1u","event":"Session","hasAccount":false}
2026-01-13T17:24:08.738Z - JWT Callback {"tokenSub":"cmk7e2c1r0001oqeum9zh3c1u","event":"Session","hasAccount":false}
2026-01-13T17:24:08.795Z - JWT Callback {"tokenSub":"cmk7e2c1r0001oqeum9zh3c1u","event":"Session","hasAccount":false}
2026-01-13T17:24:08.849Z - JWT Callback {"tokenSub":"cmk7e2c1r0001oqeum9zh3c1u","event":"Session","hasAccount":false}
2026-01-13T17:24:08.910Z - JWT Callback {"tokenSub":"cmk7e2c1r0001oqeum9zh3c1u","event":"Session","hasAccount":false}
2026-01-13T17:24:08.964Z - JWT Callback {"tokenSub":"cmk7e2c1r0001oqeum9zh3c1u","event":"Session","hasAccount":false}
2026-01-13T17:24:09.024Z - JWT Callback {"tokenSub":"cmk7e2c1r0001oqeum9zh3c1u","event":"Session","hasAccount":false}
2026-01-13T17:24:09.088Z - JWT Callback {"tokenSub":"cmk7e2c1r0001oqeum9zh3c1u","event":"Session","hasAccount":false}
2026-01-13T17:24:09.165Z - JWT Callback {"tokenSub":"cmk7e2c1r0001oqeum9zh3c1u","event":"Session","hasAccount":false}
2026-01-13T17:24:09.250Z - JWT Callback {"tokenSub":"cmk7e2c1r0001oqeum9zh3c1u","event":"Session","hasAccount":false}
2026-01-13T17:24:09.346Z - JWT Callback {"tokenSub":"cmk7e2c1r0001oqeum9zh3c1u","event":"Session","hasAccount":false}
2026-01-13T17:24:09.782Z - JWT Callback {"tokenSub":"cmk7e2c1r0001oqeum9zh3c1u","event":"Session","hasAccount":false}
2026-01-13T17:24:09.856Z - JWT Callback {"tokenSub":"cmk7e2c1r0001oqeum9zh3c1u","event":"Session","hasAccount":false}
2026-01-13T17:24:09.938Z - JWT Callback {"tokenSub":"cmk7e2c1r0001oqeum9zh3c1u","event":"Session","hasAccount":false}
2026-01-13T17:24:10.243Z - JWT Callback {"tokenSub":"cmk7e2c1r0001oqeum9zh3c1u","event":"Session","hasAccount":false}
2026-01-13T17:24:10.725Z - JWT Callback {"tokenSub":"cmk7e2c1r0001oqeum9zh3c1u","event":"Session","hasAccount":false}
2026-01-13T17:24:10.897Z - JWT Callback {"tokenSub":"cmk7e2c1r0001oqeum9zh3c1u","event":"Session","hasAccount":false}
2026-01-13T17:24:27.283Z - JWT Callback {"tokenSub":"cmk7e2c1r0001oqeum9zh3c1u","event":"Session","hasAccount":false}
2026-01-13T17:24:28.113Z - JWT Callback {"tokenSub":"cmk7e2c1r0001oqeum9zh3c1u","event":"Session","hasAccount":false}
2026-01-13T17:24:28.128Z - JWT Callback {"tokenSub":"cmk7e2c1r0001oqeum9zh3c1u","event":"Session","hasAccount":false}
2026-01-13T17:24:49.031Z - JWT Callback {"tokenSub":"cmk7e2c1r0001oqeum9zh3c1u","event":"Session","hasAccount":false}
2026-01-13T17:24:49.107Z - JWT Callback {"tokenSub":"cmk7e2c1r0001oqeum9zh3c1u","event":"Session","hasAccount":false}
2026-01-13T17:25:17.613Z - JWT Callback {"tokenSub":"cmk7e2c1r0001oqeum9zh3c1u","event":"Session","hasAccount":false}
2026-01-13T17:25:17.995Z - JWT Callback {"tokenSub":"cmk7e2c1r0001oqeum9zh3c1u","event":"Session","hasAccount":false}
2026-01-13T17:39:10.413Z - JWT Callback {"tokenSub":"cmk7e2c1r0001oqeum9zh3c1u","event":"Session","hasAccount":false}
2026-01-13T17:39:22.472Z - JWT Callback {"tokenSub":"cmk7e2c1r0001oqeum9zh3c1u","event":"Session","hasAccount":false}
2026-01-13T17:39:23.214Z - JWT Callback {"tokenSub":"cmk7e2c1r0001oqeum9zh3c1u","event":"Session","hasAccount":false}
2026-01-13T17:57:54.574Z - JWT Callback {"tokenSub":"cmk7e2c1r0001oqeum9zh3c1u","event":"Session","hasAccount":false}
2026-01-13T17:57:54.967Z - JWT Callback {"tokenSub":"cmk7e2c1r0001oqeum9zh3c1u","event":"Session","hasAccount":false}
2026-01-13T17:57:55.009Z - JWT Callback {"tokenSub":"cmk7e2c1r0001oqeum9zh3c1u","event":"Session","hasAccount":false}
2026-01-13T18:00:14.875Z - JWT Callback {"tokenSub":"cmk7e2c1r0001oqeum9zh3c1u","event":"Session","hasAccount":false}
2026-01-13T18:00:15.080Z - JWT Callback {"tokenSub":"cmk7e2c1r0001oqeum9zh3c1u","event":"Session","hasAccount":false}
2026-01-13T18:00:15.083Z - JWT Callback {"tokenSub":"cmk7e2c1r0001oqeum9zh3c1u","event":"Session","hasAccount":false}
2026-01-13T18:00:15.171Z - JWT Callback {"tokenSub":"cmk7e2c1r0001oqeum9zh3c1u","event":"Session","hasAccount":false}
2026-01-13T18:00:15.754Z - JWT Callback {"tokenSub":"cmk7e2c1r0001oqeum9zh3c1u","event":"Session","hasAccount":false}
2026-01-13T18:00:15.762Z - JWT Callback {"tokenSub":"cmk7e2c1r0001oqeum9zh3c1u","event":"Session","hasAccount":false}
2026-01-13T18:00:39.892Z - JWT Callback {"tokenSub":"cmk7e2c1r0001oqeum9zh3c1u","event":"Session","hasAccount":false}
2026-01-13T18:00:39.951Z - JWT Callback {"tokenSub":"cmk7e2c1r0001oqeum9zh3c1u","event":"Session","hasAccount":false}
2026-01-13T18:00:39.996Z - JWT Callback {"tokenSub":"cmk7e2c1r0001oqeum9zh3c1u","event":"Session","hasAccount":false}
2026-01-13T18:00:40.042Z - JWT Callback {"tokenSub":"cmk7e2c1r0001oqeum9zh3c1u","event":"Session","hasAccount":false}
2026-01-13T18:00:40.088Z - JWT Callback {"tokenSub":"cmk7e2c1r0001oqeum9zh3c1u","event":"Session","hasAccount":false}
2026-01-13T18:00:40.134Z - JWT Callback {"tokenSub":"cmk7e2c1r0001oqeum9zh3c1u","event":"Session","hasAccount":false}
2026-01-13T18:00:40.186Z - JWT Callback {"tokenSub":"cmk7e2c1r0001oqeum9zh3c1u","event":"Session","hasAccount":false}
2026-01-13T18:00:40.238Z - JWT Callback {"tokenSub":"cmk7e2c1r0001oqeum9zh3c1u","event":"Session","hasAccount":false}
2026-01-13T18:00:40.283Z - JWT Callback {"tokenSub":"cmk7e2c1r0001oqeum9zh3c1u","event":"Session","hasAccount":false}
2026-01-13T18:00:40.329Z - JWT Callback {"tokenSub":"cmk7e2c1r0001oqeum9zh3c1u","event":"Session","hasAccount":false}
2026-01-13T18:00:40.377Z - JWT Callback {"tokenSub":"cmk7e2c1r0001oqeum9zh3c1u","event":"Session","hasAccount":false}
2026-01-13T18:00:40.452Z - JWT Callback {"tokenSub":"cmk7e2c1r0001oqeum9zh3c1u","event":"Session","hasAccount":false}
2026-01-13T18:00:40.517Z - JWT Callback {"tokenSub":"cmk7e2c1r0001oqeum9zh3c1u","event":"Session","hasAccount":false}
2026-01-13T18:00:40.557Z - JWT Callback {"tokenSub":"cmk7e2c1r0001oqeum9zh3c1u","event":"Session","hasAccount":false}
2026-01-13T18:00:40.604Z - JWT Callback {"tokenSub":"cmk7e2c1r0001oqeum9zh3c1u","event":"Session","hasAccount":false}
2026-01-13T18:00:40.639Z - JWT Callback {"tokenSub":"cmk7e2c1r0001oqeum9zh3c1u","event":"Session","hasAccount":false}
2026-01-13T18:00:40.675Z - JWT Callback {"tokenSub":"cmk7e2c1r0001oqeum9zh3c1u","event":"Session","hasAccount":false}
2026-01-13T18:00:40.719Z - JWT Callback {"tokenSub":"cmk7e2c1r0001oqeum9zh3c1u","event":"Session","hasAccount":false}
2026-01-13T18:00:40.754Z - JWT Callback {"tokenSub":"cmk7e2c1r0001oqeum9zh3c1u","event":"Session","hasAccount":false}
2026-01-13T18:00:40.789Z - JWT Callback {"tokenSub":"cmk7e2c1r0001oqeum9zh3c1u","event":"Session","hasAccount":false}
2026-01-13T18:00:40.824Z - JWT Callback {"tokenSub":"cmk7e2c1r0001oqeum9zh3c1u","event":"Session","hasAccount":false}
2026-01-13T18:00:40.859Z - JWT Callback {"tokenSub":"cmk7e2c1r0001oqeum9zh3c1u","event":"Session","hasAccount":false}
2026-01-13T18:00:40.901Z - JWT Callback {"tokenSub":"cmk7e2c1r0001oqeum9zh3c1u","event":"Session","hasAccount":false}
2026-01-13T18:00:40.939Z - JWT Callback {"tokenSub":"cmk7e2c1r0001oqeum9zh3c1u","event":"Session","hasAccount":false}
2026-01-13T18:00:40.987Z - JWT Callback {"tokenSub":"cmk7e2c1r0001oqeum9zh3c1u","event":"Session","hasAccount":false}
2026-01-13T18:00:41.024Z - JWT Callback {"tokenSub":"cmk7e2c1r0001oqeum9zh3c1u","event":"Session","hasAccount":false}
2026-01-13T18:00:41.066Z - JWT Callback {"tokenSub":"cmk7e2c1r0001oqeum9zh3c1u","event":"Session","hasAccount":false}
2026-01-13T18:00:41.111Z - JWT Callback {"tokenSub":"cmk7e2c1r0001oqeum9zh3c1u","event":"Session","hasAccount":false}
2026-01-13T18:00:41.151Z - JWT Callback {"tokenSub":"cmk7e2c1r0001oqeum9zh3c1u","event":"Session","hasAccount":false}
2026-01-13T18:00:41.198Z - JWT Callback {"tokenSub":"cmk7e2c1r0001oqeum9zh3c1u","event":"Session","hasAccount":false}
2026-01-13T18:00:41.247Z - JWT Callback {"tokenSub":"cmk7e2c1r0001oqeum9zh3c1u","event":"Session","hasAccount":false}
2026-01-13T18:00:41.309Z - JWT Callback {"tokenSub":"cmk7e2c1r0001oqeum9zh3c1u","event":"Session","hasAccount":false}
2026-01-13T18:00:41.458Z - JWT Callback {"tokenSub":"cmk7e2c1r0001oqeum9zh3c1u","event":"Session","hasAccount":false}
2026-01-13T18:00:41.600Z - JWT Callback {"tokenSub":"cmk7e2c1r0001oqeum9zh3c1u","event":"Session","hasAccount":false}
2026-01-13T18:00:41.762Z - JWT Callback {"tokenSub":"cmk7e2c1r0001oqeum9zh3c1u","event":"Session","hasAccount":false}
2026-01-13T18:00:41.837Z - JWT Callback {"tokenSub":"cmk7e2c1r0001oqeum9zh3c1u","event":"Session","hasAccount":false}
2026-01-13T18:00:41.883Z - JWT Callback {"tokenSub":"cmk7e2c1r0001oqeum9zh3c1u","event":"Session","hasAccount":false}
2026-01-13T18:00:41.922Z - JWT Callback {"tokenSub":"cmk7e2c1r0001oqeum9zh3c1u","event":"Session","hasAccount":false}
2026-01-13T18:00:41.971Z - JWT Callback {"tokenSub":"cmk7e2c1r0001oqeum9zh3c1u","event":"Session","hasAccount":false}
2026-01-13T18:00:42.029Z - JWT Callback {"tokenSub":"cmk7e2c1r0001oqeum9zh3c1u","event":"Session","hasAccount":false}
2026-01-13T18:00:42.087Z - JWT Callback {"tokenSub":"cmk7e2c1r0001oqeum9zh3c1u","event":"Session","hasAccount":false}
2026-01-13T18:00:42.149Z - JWT Callback {"tokenSub":"cmk7e2c1r0001oqeum9zh3c1u","event":"Session","hasAccount":false}
2026-01-13T18:00:42.195Z - JWT Callback {"tokenSub":"cmk7e2c1r0001oqeum9zh3c1u","event":"Session","hasAccount":false}
2026-01-13T18:00:42.249Z - JWT Callback {"tokenSub":"cmk7e2c1r0001oqeum9zh3c1u","event":"Session","hasAccount":false}
2026-01-13T18:00:42.325Z - JWT Callback {"tokenSub":"cmk7e2c1r0001oqeum9zh3c1u","event":"Session","hasAccount":false}
2026-01-13T18:00:42.376Z - JWT Callback {"tokenSub":"cmk7e2c1r0001oqeum9zh3c1u","event":"Session","hasAccount":false}
2026-01-13T18:00:42.430Z - JWT Callback {"tokenSub":"cmk7e2c1r0001oqeum9zh3c1u","event":"Session","hasAccount":false}
2026-01-13T18:00:42.479Z - JWT Callback {"tokenSub":"cmk7e2c1r0001oqeum9zh3c1u","event":"Session","hasAccount":false}
2026-01-13T18:00:42.525Z - JWT Callback {"tokenSub":"cmk7e2c1r0001oqeum9zh3c1u","event":"Session","hasAccount":false}
2026-01-13T18:00:42.560Z - JWT Callback {"tokenSub":"cmk7e2c1r0001oqeum9zh3c1u","event":"Session","hasAccount":false}
2026-01-13T18:01:36.859Z - JWT Callback {"tokenSub":"cmk7e2c1r0001oqeum9zh3c1u","event":"Session","hasAccount":false}
2026-01-13T18:04:52.538Z - JWT Callback {"tokenSub":"cmk7e2c1r0001oqeum9zh3c1u","event":"Session","hasAccount":false}
2026-01-13T18:04:52.892Z - JWT Callback {"tokenSub":"cmk7e2c1r0001oqeum9zh3c1u","event":"Session","hasAccount":false}
2026-01-13T18:04:52.977Z - JWT Callback {"tokenSub":"cmk7e2c1r0001oqeum9zh3c1u","event":"Session","hasAccount":false}
2026-01-13T18:06:20.860Z - JWT Callback {"tokenSub":"cmk7e2c1r0001oqeum9zh3c1u","event":"Session","hasAccount":false}
2026-01-13T18:06:21.186Z - JWT Callback {"tokenSub":"cmk7e2c1r0001oqeum9zh3c1u","event":"Session","hasAccount":false}
2026-01-13T18:06:21.228Z - JWT Callback {"tokenSub":"cmk7e2c1r0001oqeum9zh3c1u","event":"Session","hasAccount":false}
2026-01-13T18:09:08.983Z - JWT Callback {"tokenSub":"cmk7e2c1r0001oqeum9zh3c1u","event":"Session","hasAccount":false}
2026-01-13T18:09:09.550Z - JWT Callback {"tokenSub":"cmk7e2c1r0001oqeum9zh3c1u","event":"Session","hasAccount":false}
2026-01-13T18:09:09.601Z - JWT Callback {"tokenSub":"cmk7e2c1r0001oqeum9zh3c1u","event":"Session","hasAccount":false}
2026-01-13T18:10:39.817Z - JWT Callback {"tokenSub":"cmk7e2c1r0001oqeum9zh3c1u","event":"Session","hasAccount":false}
2026-01-13T18:10:40.156Z - JWT Callback {"tokenSub":"cmk7e2c1r0001oqeum9zh3c1u","event":"Session","hasAccount":false}
2026-01-13T18:10:40.218Z - JWT Callback {"tokenSub":"cmk7e2c1r0001oqeum9zh3c1u","event":"Session","hasAccount":false}
2026-01-13T18:19:17.551Z - JWT Callback {"tokenSub":"cmk7e2c1r0001oqeum9zh3c1u","event":"Session","hasAccount":false}
2026-01-13T18:19:22.441Z - JWT Callback {"tokenSub":"cmk7e2c1r0001oqeum9zh3c1u","event":"Session","hasAccount":false}
2026-01-13T18:19:22.900Z - JWT Callback {"tokenSub":"cmk7e2c1r0001oqeum9zh3c1u","event":"Session","hasAccount":false}
2026-01-13T18:19:22.909Z - JWT Callback {"tokenSub":"cmk7e2c1r0001oqeum9zh3c1u","event":"Session","hasAccount":false}
2026-01-13T18:23:41.986Z - JWT Callback {"tokenSub":"cmk7e2c1r0001oqeum9zh3c1u","event":"Session","hasAccount":false}
2026-01-13T18:29:49.331Z - JWT Callback {"tokenSub":"cmk7e2c1r0001oqeum9zh3c1u","event":"Session","hasAccount":false}
2026-01-13T18:29:52.577Z - JWT Callback {"tokenSub":"cmk7e2c1r0001oqeum9zh3c1u","event":"Session","hasAccount":false}
2026-01-13T18:29:52.933Z - JWT Callback {"tokenSub":"cmk7e2c1r0001oqeum9zh3c1u","event":"Session","hasAccount":false}
2026-01-13T18:29:52.975Z - JWT Callback {"tokenSub":"cmk7e2c1r0001oqeum9zh3c1u","event":"Session","hasAccount":false}
2026-01-13T18:30:00.608Z - JWT Callback {"tokenSub":"cmk7e2c1r0001oqeum9zh3c1u","event":"Session","hasAccount":false}
2026-01-13T18:30:00.855Z - JWT Callback {"tokenSub":"cmk7e2c1r0001oqeum9zh3c1u","event":"Session","hasAccount":false}
2026-01-13T18:30:00.897Z - JWT Callback {"tokenSub":"cmk7e2c1r0001oqeum9zh3c1u","event":"Session","hasAccount":false}
2026-01-13T18:30:24.780Z - JWT Callback {"tokenSub":"cmk7e2c1r0001oqeum9zh3c1u","event":"Session","hasAccount":false}
2026-01-13T18:30:38.537Z - JWT Callback {"tokenSub":"cmk7e2c1r0001oqeum9zh3c1u","event":"Session","hasAccount":false}
2026-01-13T18:30:38.824Z - JWT Callback {"tokenSub":"cmk7e2c1r0001oqeum9zh3c1u","event":"Session","hasAccount":false}
2026-01-13T18:30:38.868Z - JWT Callback {"tokenSub":"cmk7e2c1r0001oqeum9zh3c1u","event":"Session","hasAccount":false}
2026-01-13T18:32:17.132Z - JWT Callback {"tokenSub":"cmk7e2c1r0001oqeum9zh3c1u","event":"Session","hasAccount":false}
2026-01-13T18:32:20.589Z - JWT Callback {"tokenSub":"cmk7e2c1r0001oqeum9zh3c1u","event":"Session","hasAccount":false}
2026-01-13T18:32:20.949Z - JWT Callback {"tokenSub":"cmk7e2c1r0001oqeum9zh3c1u","event":"Session","hasAccount":false}
2026-01-13T18:32:20.955Z - JWT Callback {"tokenSub":"cmk7e2c1r0001oqeum9zh3c1u","event":"Session","hasAccount":false}
2026-01-13T18:33:08.290Z - JWT Callback {"tokenSub":"cmk7e2c1r0001oqeum9zh3c1u","event":"Session","hasAccount":false}
2026-01-13T18:33:17.187Z - JWT Callback {"tokenSub":"cmk7e2c1r0001oqeum9zh3c1u","event":"Session","hasAccount":false}
2026-01-13T18:33:17.189Z - JWT Callback {"tokenSub":"cmk7e2c1r0001oqeum9zh3c1u","event":"Session","hasAccount":false}
2026-01-13T18:33:23.478Z - JWT Callback {"tokenSub":"cmk7e2c1r0001oqeum9zh3c1u","event":"Session","hasAccount":false}
2026-01-13T18:33:23.615Z - JWT Callback {"tokenSub":"cmk7e2c1r0001oqeum9zh3c1u","event":"Session","hasAccount":false}
2026-01-13T18:33:29.517Z - JWT Callback {"tokenSub":"cmk7e2c1r0001oqeum9zh3c1u","event":"Session","hasAccount":false}
2026-01-13T18:33:29.737Z - JWT Callback {"tokenSub":"cmk7e2c1r0001oqeum9zh3c1u","event":"Session","hasAccount":false}
2026-01-13T18:33:35.551Z - JWT Callback {"tokenSub":"cmk7e2c1r0001oqeum9zh3c1u","event":"Session","hasAccount":false}
2026-01-13T18:33:35.830Z - JWT Callback {"tokenSub":"cmk7e2c1r0001oqeum9zh3c1u","event":"Session","hasAccount":false}
2026-01-13T18:33:41.720Z - JWT Callback {"tokenSub":"cmk7e2c1r0001oqeum9zh3c1u","event":"Session","hasAccount":false}
2026-01-13T18:33:41.920Z - JWT Callback {"tokenSub":"cmk7e2c1r0001oqeum9zh3c1u","event":"Session","hasAccount":false}
2026-01-13T18:33:47.784Z - JWT Callback {"tokenSub":"cmk7e2c1r0001oqeum9zh3c1u","event":"Session","hasAccount":false}
2026-01-13T18:33:47.955Z - JWT Callback {"tokenSub":"cmk7e2c1r0001oqeum9zh3c1u","event":"Session","hasAccount":false}
2026-01-13T18:33:53.828Z - JWT Callback {"tokenSub":"cmk7e2c1r0001oqeum9zh3c1u","event":"Session","hasAccount":false}
2026-01-13T18:33:53.966Z - JWT Callback {"tokenSub":"cmk7e2c1r0001oqeum9zh3c1u","event":"Session","hasAccount":false}
2026-01-13T18:33:59.840Z - JWT Callback {"tokenSub":"cmk7e2c1r0001oqeum9zh3c1u","event":"Session","hasAccount":false}
2026-01-13T18:33:59.984Z - JWT Callback {"tokenSub":"cmk7e2c1r0001oqeum9zh3c1u","event":"Session","hasAccount":false}
2026-01-13T18:34:06.121Z - JWT Callback {"tokenSub":"cmk7e2c1r0001oqeum9zh3c1u","event":"Session","hasAccount":false}
2026-01-13T18:34:06.374Z - JWT Callback {"tokenSub":"cmk7e2c1r0001oqeum9zh3c1u","event":"Session","hasAccount":false}
2026-01-13T18:34:12.356Z - JWT Callback {"tokenSub":"cmk7e2c1r0001oqeum9zh3c1u","event":"Session","hasAccount":false}
2026-01-13T18:34:12.674Z - JWT Callback {"tokenSub":"cmk7e2c1r0001oqeum9zh3c1u","event":"Session","hasAccount":false}
2026-01-13T18:34:18.619Z - JWT Callback {"tokenSub":"cmk7e2c1r0001oqeum9zh3c1u","event":"Session","hasAccount":false}
2026-01-13T18:34:19.593Z - JWT Callback {"tokenSub":"cmk7e2c1r0001oqeum9zh3c1u","event":"Session","hasAccount":false}
2026-01-13T18:34:24.873Z - JWT Callback {"tokenSub":"cmk7e2c1r0001oqeum9zh3c1u","event":"Session","hasAccount":false}
2026-01-13T18:34:25.938Z - JWT Callback {"tokenSub":"cmk7e2c1r0001oqeum9zh3c1u","event":"Session","hasAccount":false}
2026-01-13T18:34:31.148Z - JWT Callback {"tokenSub":"cmk7e2c1r0001oqeum9zh3c1u","event":"Session","hasAccount":false}
2026-01-13T18:34:32.238Z - JWT Callback {"tokenSub":"cmk7e2c1r0001oqeum9zh3c1u","event":"Session","hasAccount":false}
2026-01-13T18:34:37.486Z - JWT Callback {"tokenSub":"cmk7e2c1r0001oqeum9zh3c1u","event":"Session","hasAccount":false}
2026-01-13T18:34:38.522Z - JWT Callback {"tokenSub":"cmk7e2c1r0001oqeum9zh3c1u","event":"Session","hasAccount":false}
2026-01-13T18:34:43.755Z - JWT Callback {"tokenSub":"cmk7e2c1r0001oqeum9zh3c1u","event":"Session","hasAccount":false}
2026-01-13T18:34:44.889Z - JWT Callback {"tokenSub":"cmk7e2c1r0001oqeum9zh3c1u","event":"Session","hasAccount":false}
2026-01-13T18:34:49.998Z - JWT Callback {"tokenSub":"cmk7e2c1r0001oqeum9zh3c1u","event":"Session","hasAccount":false}
2026-01-13T18:34:51.091Z - JWT Callback {"tokenSub":"cmk7e2c1r0001oqeum9zh3c1u","event":"Session","hasAccount":false}
2026-01-13T18:34:56.188Z - JWT Callback {"tokenSub":"cmk7e2c1r0001oqeum9zh3c1u","event":"Session","hasAccount":false}
2026-01-13T18:34:57.329Z - JWT Callback {"tokenSub":"cmk7e2c1r0001oqeum9zh3c1u","event":"Session","hasAccount":false}
2026-01-13T18:35:02.615Z - JWT Callback {"tokenSub":"cmk7e2c1r0001oqeum9zh3c1u","event":"Session","hasAccount":false}
2026-01-13T18:35:03.704Z - JWT Callback {"tokenSub":"cmk7e2c1r0001oqeum9zh3c1u","event":"Session","hasAccount":false}
2026-01-13T18:35:08.945Z - JWT Callback {"tokenSub":"cmk7e2c1r0001oqeum9zh3c1u","event":"Session","hasAccount":false}
2026-01-13T18:35:10.050Z - JWT Callback {"tokenSub":"cmk7e2c1r0001oqeum9zh3c1u","event":"Session","hasAccount":false}
2026-01-13T18:35:15.336Z - JWT Callback {"tokenSub":"cmk7e2c1r0001oqeum9zh3c1u","event":"Session","hasAccount":false}
2026-01-13T18:35:16.332Z - JWT Callback {"tokenSub":"cmk7e2c1r0001oqeum9zh3c1u","event":"Session","hasAccount":false}
2026-01-13T18:35:21.609Z - JWT Callback {"tokenSub":"cmk7e2c1r0001oqeum9zh3c1u","event":"Session","hasAccount":false}
2026-01-13T18:35:22.602Z - JWT Callback {"tokenSub":"cmk7e2c1r0001oqeum9zh3c1u","event":"Session","hasAccount":false}
2026-01-13T18:35:27.779Z - JWT Callback {"tokenSub":"cmk7e2c1r0001oqeum9zh3c1u","event":"Session","hasAccount":false}
2026-01-13T18:35:28.923Z - JWT Callback {"tokenSub":"cmk7e2c1r0001oqeum9zh3c1u","event":"Session","hasAccount":false}
2026-01-13T18:35:34.140Z - JWT Callback {"tokenSub":"cmk7e2c1r0001oqeum9zh3c1u","event":"Session","hasAccount":false}
2026-01-13T18:35:35.138Z - JWT Callback {"tokenSub":"cmk7e2c1r0001oqeum9zh3c1u","event":"Session","hasAccount":false}
2026-01-13T18:35:40.371Z - JWT Callback {"tokenSub":"cmk7e2c1r0001oqeum9zh3c1u","event":"Session","hasAccount":false}
2026-01-13T18:35:41.470Z - JWT Callback {"tokenSub":"cmk7e2c1r0001oqeum9zh3c1u","event":"Session","hasAccount":false}
2026-01-13T18:35:46.719Z - JWT Callback {"tokenSub":"cmk7e2c1r0001oqeum9zh3c1u","event":"Session","hasAccount":false}
2026-01-13T18:35:47.852Z - JWT Callback {"tokenSub":"cmk7e2c1r0001oqeum9zh3c1u","event":"Session","hasAccount":false}
2026-01-13T18:35:53.105Z - JWT Callback {"tokenSub":"cmk7e2c1r0001oqeum9zh3c1u","event":"Session","hasAccount":false}
2026-01-13T18:35:55.883Z - JWT Callback {"tokenSub":"cmk7e2c1r0001oqeum9zh3c1u","event":"Session","hasAccount":false}
2026-01-13T18:35:59.539Z - JWT Callback {"tokenSub":"cmk7e2c1r0001oqeum9zh3c1u","event":"Session","hasAccount":false}
2026-01-13T18:36:01.238Z - JWT Callback {"tokenSub":"cmk7e2c1r0001oqeum9zh3c1u","event":"Session","hasAccount":false}
2026-01-13T18:36:05.422Z - JWT Callback {"tokenSub":"cmk7e2c1r0001oqeum9zh3c1u","event":"Session","hasAccount":false}
2026-01-13T18:36:06.975Z - JWT Callback {"tokenSub":"cmk7e2c1r0001oqeum9zh3c1u","event":"Session","hasAccount":false}
2026-01-13T18:36:10.915Z - JWT Callback {"tokenSub":"cmk7e2c1r0001oqeum9zh3c1u","event":"Session","hasAccount":false}
2026-01-13T18:36:16.523Z - JWT Callback {"tokenSub":"cmk7e2c1r0001oqeum9zh3c1u","event":"Session","hasAccount":false}
2026-01-13T18:36:17.454Z - JWT Callback {"tokenSub":"cmk7e2c1r0001oqeum9zh3c1u","event":"Session","hasAccount":false}
2026-01-13T18:36:22.189Z - JWT Callback {"tokenSub":"cmk7e2c1r0001oqeum9zh3c1u","event":"Session","hasAccount":false}
2026-01-13T18:36:23.033Z - JWT Callback {"tokenSub":"cmk7e2c1r0001oqeum9zh3c1u","event":"Session","hasAccount":false}
2026-01-13T18:36:27.730Z - JWT Callback {"tokenSub":"cmk7e2c1r0001oqeum9zh3c1u","event":"Session","hasAccount":false}
2026-01-13T18:36:28.570Z - JWT Callback {"tokenSub":"cmk7e2c1r0001oqeum9zh3c1u","event":"Session","hasAccount":false}
2026-01-13T18:36:33.240Z - JWT Callback {"tokenSub":"cmk7e2c1r0001oqeum9zh3c1u","event":"Session","hasAccount":false}
2026-01-13T18:36:34.110Z - JWT Callback {"tokenSub":"cmk7e2c1r0001oqeum9zh3c1u","event":"Session","hasAccount":false}
2026-01-13T18:36:38.807Z - JWT Callback {"tokenSub":"cmk7e2c1r0001oqeum9zh3c1u","event":"Session","hasAccount":false}
2026-01-13T18:36:39.685Z - JWT Callback {"tokenSub":"cmk7e2c1r0001oqeum9zh3c1u","event":"Session","hasAccount":false}
2026-01-13T18:36:44.337Z - JWT Callback {"tokenSub":"cmk7e2c1r0001oqeum9zh3c1u","event":"Session","hasAccount":false}
2026-01-13T18:36:45.232Z - JWT Callback {"tokenSub":"cmk7e2c1r0001oqeum9zh3c1u","event":"Session","hasAccount":false}
2026-01-13T18:36:49.856Z - JWT Callback {"tokenSub":"cmk7e2c1r0001oqeum9zh3c1u","event":"Session","hasAccount":false}
2026-01-13T18:36:50.823Z - JWT Callback {"tokenSub":"cmk7e2c1r0001oqeum9zh3c1u","event":"Session","hasAccount":false}
2026-01-13T18:36:55.419Z - JWT Callback {"tokenSub":"cmk7e2c1r0001oqeum9zh3c1u","event":"Session","hasAccount":false}
2026-01-13T18:36:56.414Z - JWT Callback {"tokenSub":"cmk7e2c1r0001oqeum9zh3c1u","event":"Session","hasAccount":false}
2026-01-13T18:37:00.952Z - JWT Callback {"tokenSub":"cmk7e2c1r0001oqeum9zh3c1u","event":"Session","hasAccount":false}
2026-01-13T18:37:02.003Z - JWT Callback {"tokenSub":"cmk7e2c1r0001oqeum9zh3c1u","event":"Session","hasAccount":false}
2026-01-13T18:37:06.452Z - JWT Callback {"tokenSub":"cmk7e2c1r0001oqeum9zh3c1u","event":"Session","hasAccount":false}
2026-01-13T18:37:07.602Z - JWT Callback {"tokenSub":"cmk7e2c1r0001oqeum9zh3c1u","event":"Session","hasAccount":false}
2026-01-13T18:37:11.989Z - JWT Callback {"tokenSub":"cmk7e2c1r0001oqeum9zh3c1u","event":"Session","hasAccount":false}
2026-01-13T18:37:13.205Z - JWT Callback {"tokenSub":"cmk7e2c1r0001oqeum9zh3c1u","event":"Session","hasAccount":false}
2026-01-13T18:37:17.471Z - JWT Callback {"tokenSub":"cmk7e2c1r0001oqeum9zh3c1u","event":"Session","hasAccount":false}
2026-01-13T18:37:18.824Z - JWT Callback {"tokenSub":"cmk7e2c1r0001oqeum9zh3c1u","event":"Session","hasAccount":false}
2026-01-13T18:37:22.975Z - JWT Callback {"tokenSub":"cmk7e2c1r0001oqeum9zh3c1u","event":"Session","hasAccount":false}
2026-01-13T18:37:24.409Z - JWT Callback {"tokenSub":"cmk7e2c1r0001oqeum9zh3c1u","event":"Session","hasAccount":false}
2026-01-13T18:37:28.537Z - JWT Callback {"tokenSub":"cmk7e2c1r0001oqeum9zh3c1u","event":"Session","hasAccount":false}
2026-01-13T18:37:30.094Z - JWT Callback {"tokenSub":"cmk7e2c1r0001oqeum9zh3c1u","event":"Session","hasAccount":false}
2026-01-13T18:37:34.138Z - JWT Callback {"tokenSub":"cmk7e2c1r0001oqeum9zh3c1u","event":"Session","hasAccount":false}
2026-01-13T18:37:35.690Z - JWT Callback {"tokenSub":"cmk7e2c1r0001oqeum9zh3c1u","event":"Session","hasAccount":false}
2026-01-13T18:37:39.736Z - JWT Callback {"tokenSub":"cmk7e2c1r0001oqeum9zh3c1u","event":"Session","hasAccount":false}
2026-01-13T18:37:41.232Z - JWT Callback {"tokenSub":"cmk7e2c1r0001oqeum9zh3c1u","event":"Session","hasAccount":false}
2026-01-13T18:37:45.317Z - JWT Callback {"tokenSub":"cmk7e2c1r0001oqeum9zh3c1u","event":"Session","hasAccount":false}
2026-01-13T18:37:46.768Z - JWT Callback {"tokenSub":"cmk7e2c1r0001oqeum9zh3c1u","event":"Session","hasAccount":false}
2026-01-13T18:37:50.817Z - JWT Callback {"tokenSub":"cmk7e2c1r0001oqeum9zh3c1u","event":"Session","hasAccount":false}
2026-01-13T18:37:52.316Z - JWT Callback {"tokenSub":"cmk7e2c1r0001oqeum9zh3c1u","event":"Session","hasAccount":false}
2026-01-13T18:37:56.395Z - JWT Callback {"tokenSub":"cmk7e2c1r0001oqeum9zh3c1u","event":"Session","hasAccount":false}
2026-01-13T18:37:57.849Z - JWT Callback {"tokenSub":"cmk7e2c1r0001oqeum9zh3c1u","event":"Session","hasAccount":false}
2026-01-13T18:38:02.079Z - JWT Callback {"tokenSub":"cmk7e2c1r0001oqeum9zh3c1u","event":"Session","hasAccount":false}
2026-01-13T18:38:03.425Z - JWT Callback {"tokenSub":"cmk7e2c1r0001oqeum9zh3c1u","event":"Session","hasAccount":false}
2026-01-13T18:38:07.687Z - JWT Callback {"tokenSub":"cmk7e2c1r0001oqeum9zh3c1u","event":"Session","hasAccount":false}
2026-01-13T18:38:09.023Z - JWT Callback {"tokenSub":"cmk7e2c1r0001oqeum9zh3c1u","event":"Session","hasAccount":false}
2026-01-13T18:38:13.256Z - JWT Callback {"tokenSub":"cmk7e2c1r0001oqeum9zh3c1u","event":"Session","hasAccount":false}
2026-01-13T18:38:14.604Z - JWT Callback {"tokenSub":"cmk7e2c1r0001oqeum9zh3c1u","event":"Session","hasAccount":false}
2026-01-13T18:38:16.495Z - JWT Callback {"tokenSub":"cmk7e2c1r0001oqeum9zh3c1u","event":"Session","hasAccount":false}
2026-01-13T18:38:18.884Z - JWT Callback {"tokenSub":"cmk7e2c1r0001oqeum9zh3c1u","event":"Session","hasAccount":false}
2026-01-13T18:38:49.670Z - JWT Callback {"tokenSub":"cmk7e2c1r0001oqeum9zh3c1u","event":"Session","hasAccount":false}
2026-01-13T18:38:57.618Z - JWT Callback {"tokenSub":"cmk7e2c1r0001oqeum9zh3c1u","event":"Session","hasAccount":false}
2026-01-13T18:38:57.708Z - JWT Callback {"tokenSub":"cmk7e2c1r0001oqeum9zh3c1u","event":"Session","hasAccount":false}
2026-01-14T16:55:02.503Z - JWT Callback {"tokenSub":"cmk9bgl6a000012jn39z40tqg","event":"Session","hasAccount":false}
2026-01-14T16:58:35.183Z - JWT Callback {"tokenSub":"cmk9bgl6a000012jn39z40tqg","event":"Session","hasAccount":false}
2026-01-14T16:58:35.295Z - JWT Callback {"tokenSub":"cmk9bgl6a000012jn39z40tqg","event":"Session","hasAccount":false}
2026-01-14T16:58:35.806Z - JWT Callback {"tokenSub":"cmk9bgl6a000012jn39z40tqg","event":"Session","hasAccount":false}
2026-01-14T16:58:35.960Z - JWT Callback {"tokenSub":"cmk9bgl6a000012jn39z40tqg","event":"Session","hasAccount":false}
2026-01-14T17:00:04.088Z - JWT Callback {"tokenSub":"cmk9bgl6a000012jn39z40tqg","event":"Session","hasAccount":false}
2026-01-14T17:00:04.207Z - JWT Callback {"tokenSub":"cmk9bgl6a000012jn39z40tqg","event":"Session","hasAccount":false}
2026-01-14T17:05:39.889Z - JWT Callback {"tokenSub":"cmk7e2c1r0001oqeum9zh3c1u","event":"Session","hasAccount":false}
2026-01-14T17:05:55.235Z - JWT Callback {"tokenSub":"cmk7e2c1r0001oqeum9zh3c1u","event":"Session","hasAccount":false}
2026-01-14T17:05:55.442Z - JWT Callback {"tokenSub":"cmk7e2c1r0001oqeum9zh3c1u","event":"Session","hasAccount":false}
2026-01-14T17:05:55.844Z - JWT Callback {"tokenSub":"cmk7e2c1r0001oqeum9zh3c1u","event":"Session","hasAccount":false}
2026-01-14T17:05:56.003Z - JWT Callback {"tokenSub":"cmk7e2c1r0001oqeum9zh3c1u","event":"Session","hasAccount":false}
2026-01-14T17:07:24.520Z - SignIn Callback {"userEmail":"jasonroycompany@gmail.com","provider":"credentials"}
2026-01-14T17:07:24.525Z - JWT Callback {"tokenSub":"cmk7e2c1r0001oqeum9zh3c1u","event":"SignIn","hasAccount":true}
2026-01-14T17:07:24.645Z - JWT Callback {"tokenSub":"cmk7e2c1r0001oqeum9zh3c1u","event":"Session","hasAccount":false}
2026-01-14T17:07:24.844Z - JWT Callback {"tokenSub":"cmk7e2c1r0001oqeum9zh3c1u","event":"Session","hasAccount":false}
2026-01-14T17:07:25.014Z - JWT Callback {"tokenSub":"cmk7e2c1r0001oqeum9zh3c1u","event":"Session","hasAccount":false}
2026-01-14T17:07:25.448Z - JWT Callback {"tokenSub":"cmk7e2c1r0001oqeum9zh3c1u","event":"Session","hasAccount":false}
2026-01-14T17:07:25.548Z - JWT Callback {"tokenSub":"cmk7e2c1r0001oqeum9zh3c1u","event":"Session","hasAccount":false}
2026-01-14T17:07:32.244Z - JWT Callback {"tokenSub":"cmk7e2c1r0001oqeum9zh3c1u","event":"Session","hasAccount":false}
2026-01-14T17:07:32.429Z - JWT Callback {"tokenSub":"cmk7e2c1r0001oqeum9zh3c1u","event":"Session","hasAccount":false}
2026-01-14T17:07:38.394Z - JWT Callback {"tokenSub":"cmk7e2c1r0001oqeum9zh3c1u","event":"Session","hasAccount":false}
2026-01-14T17:08:03.692Z - JWT Callback {"tokenSub":"cmk7e2c1r0001oqeum9zh3c1u","event":"Session","hasAccount":false}
2026-01-14T17:08:09.602Z - JWT Callback {"tokenSub":"cmk7e2c1r0001oqeum9zh3c1u","event":"Session","hasAccount":false}
2026-01-14T17:10:17.972Z - JWT Callback {"tokenSub":"cmk7e2c1r0001oqeum9zh3c1u","event":"Session","hasAccount":false}
2026-01-14T17:10:18.684Z - JWT Callback {"tokenSub":"cmk7e2c1r0001oqeum9zh3c1u","event":"Session","hasAccount":false}
2026-01-14T17:18:55.040Z - JWT Callback {"tokenSub":"cmk7e2c1r0001oqeum9zh3c1u","event":"Session","hasAccount":false}
2026-01-14T17:19:01.568Z - JWT Callback {"tokenSub":"cmk7e2c1r0001oqeum9zh3c1u","event":"Session","hasAccount":false}
2026-01-14T17:19:02.509Z - JWT Callback {"tokenSub":"cmk7e2c1r0001oqeum9zh3c1u","event":"Session","hasAccount":false}
2026-01-14T17:19:02.700Z - JWT Callback {"tokenSub":"cmk7e2c1r0001oqeum9zh3c1u","event":"Session","hasAccount":false}
2026-01-14T17:19:14.676Z - JWT Callback {"tokenSub":"cmk7e2c1r0001oqeum9zh3c1u","event":"Session","hasAccount":false}
2026-01-14T17:19:15.584Z - JWT Callback {"tokenSub":"cmk7e2c1r0001oqeum9zh3c1u","event":"Session","hasAccount":false}
2026-01-14T17:19:15.723Z - JWT Callback {"tokenSub":"cmk7e2c1r0001oqeum9zh3c1u","event":"Session","hasAccount":false}
2026-01-14T17:20:37.340Z - JWT Callback {"tokenSub":"cmk7e2c1r0001oqeum9zh3c1u","event":"Session","hasAccount":false}
2026-01-14T17:20:51.195Z - JWT Callback {"tokenSub":"cmk7e2c1r0001oqeum9zh3c1u","event":"Session","hasAccount":false}
2026-01-14T17:20:53.004Z - JWT Callback {"tokenSub":"cmk7e2c1r0001oqeum9zh3c1u","event":"Session","hasAccount":false}
2026-01-14T17:20:53.106Z - JWT Callback {"tokenSub":"cmk7e2c1r0001oqeum9zh3c1u","event":"Session","hasAccount":false}
2026-01-14T17:20:58.133Z - SignIn Callback {"userEmail":"jasonroycompany@gmail.com","provider":"google"}
2026-01-14T17:20:58.154Z - JWT Callback {"tokenSub":"cmk7e2c1r0001oqeum9zh3c1u","event":"SignIn","hasAccount":true}
2026-01-14T17:20:58.526Z - JWT Callback {"tokenSub":"cmk7e2c1r0001oqeum9zh3c1u","event":"Session","hasAccount":false}
2026-01-14T17:20:59.805Z - JWT Callback {"tokenSub":"cmk7e2c1r0001oqeum9zh3c1u","event":"Session","hasAccount":false}
2026-01-14T17:20:59.859Z - JWT Callback {"tokenSub":"cmk7e2c1r0001oqeum9zh3c1u","event":"Session","hasAccount":false}
2026-01-14T17:20:59.955Z - JWT Callback {"tokenSub":"cmk7e2c1r0001oqeum9zh3c1u","event":"Session","hasAccount":false}
2026-01-14T17:21:00.019Z - JWT Callback {"tokenSub":"cmk7e2c1r0001oqeum9zh3c1u","event":"Session","hasAccount":false}
2026-01-14T17:21:00.219Z - JWT Callback {"tokenSub":"cmk7e2c1r0001oqeum9zh3c1u","event":"Session","hasAccount":false}
2026-01-14T17:21:00.404Z - JWT Callback {"tokenSub":"cmk7e2c1r0001oqeum9zh3c1u","event":"Session","hasAccount":false}
2026-01-14T17:21:01.409Z - JWT Callback {"tokenSub":"cmk7e2c1r0001oqeum9zh3c1u","event":"Session","hasAccount":false}
2026-01-14T17:21:01.524Z - JWT Callback {"tokenSub":"cmk7e2c1r0001oqeum9zh3c1u","event":"Session","hasAccount":false}
2026-01-14T17:21:01.616Z - JWT Callback {"tokenSub":"cmk7e2c1r0001oqeum9zh3c1u","event":"Session","hasAccount":false}
2026-01-14T17:21:01.704Z - JWT Callback {"tokenSub":"cmk7e2c1r0001oqeum9zh3c1u","event":"Session","hasAccount":false}
2026-01-14T17:21:20.094Z - JWT Callback {"tokenSub":"cmk7e2c1r0001oqeum9zh3c1u","event":"Session","hasAccount":false}
2026-01-14T17:22:09.279Z - JWT Callback {"tokenSub":"cmk7e2c1r0001oqeum9zh3c1u","event":"Session","hasAccount":false}
2026-01-14T17:22:09.397Z - JWT Callback {"tokenSub":"cmk7e2c1r0001oqeum9zh3c1u","event":"Session","hasAccount":false}
2026-01-14T17:22:19.841Z - JWT Callback {"tokenSub":"cmk7e2c1r0001oqeum9zh3c1u","event":"Session","hasAccount":false}
2026-01-14T17:22:19.929Z - JWT Callback {"tokenSub":"cmk7e2c1r0001oqeum9zh3c1u","event":"Session","hasAccount":false}
2026-01-14T17:25:07.952Z - JWT Callback {"tokenSub":"cmk7e2c1r0001oqeum9zh3c1u","event":"Session","hasAccount":false}
2026-01-14T17:25:41.802Z - JWT Callback {"tokenSub":"cmk7e2c1r0001oqeum9zh3c1u","event":"Session","hasAccount":false}
2026-01-14T17:25:43.897Z - JWT Callback {"tokenSub":"cmk7e2c1r0001oqeum9zh3c1u","event":"Session","hasAccount":false}
2026-01-14T17:25:43.911Z - JWT Callback {"tokenSub":"cmk7e2c1r0001oqeum9zh3c1u","event":"Session","hasAccount":false}
2026-01-14T17:26:00.180Z - JWT Callback {"tokenSub":"cmk7e2c1r0001oqeum9zh3c1u","event":"Session","hasAccount":false}
2026-01-14T17:26:04.549Z - JWT Callback {"tokenSub":"cmk7e2c1r0001oqeum9zh3c1u","event":"Session","hasAccount":false}
2026-01-14T17:26:04.625Z - JWT Callback {"tokenSub":"cmk7e2c1r0001oqeum9zh3c1u","event":"Session","hasAccount":false}
2026-01-14T17:26:05.164Z - JWT Callback {"tokenSub":"cmk7e2c1r0001oqeum9zh3c1u","event":"Session","hasAccount":false}
2026-01-14T17:26:05.349Z - JWT Callback {"tokenSub":"cmk7e2c1r0001oqeum9zh3c1u","event":"Session","hasAccount":false}
2026-01-14T17:26:05.442Z - JWT Callback {"tokenSub":"cmk7e2c1r0001oqeum9zh3c1u","event":"Session","hasAccount":false}
2026-01-14T17:28:54.563Z - JWT Callback {"tokenSub":"cmk7e2c1r0001oqeum9zh3c1u","event":"Session","hasAccount":false}
2026-01-14T17:28:56.170Z - JWT Callback {"tokenSub":"cmk7e2c1r0001oqeum9zh3c1u","event":"Session","hasAccount":false}
2026-01-14T17:28:56.707Z - JWT Callback {"tokenSub":"cmk7e2c1r0001oqeum9zh3c1u","event":"Session","hasAccount":false}
2026-01-14T17:29:21.848Z - JWT Callback {"tokenSub":"cmk7e2c1r0001oqeum9zh3c1u","event":"Session","hasAccount":false}
2026-01-14T17:29:24.021Z - JWT Callback {"tokenSub":"cmk7e2c1r0001oqeum9zh3c1u","event":"Session","hasAccount":false}
2026-01-14T17:29:24.030Z - JWT Callback {"tokenSub":"cmk7e2c1r0001oqeum9zh3c1u","event":"Session","hasAccount":false}
2026-01-14T17:29:24.256Z - JWT Callback {"tokenSub":"cmk7e2c1r0001oqeum9zh3c1u","event":"Session","hasAccount":false}
2026-01-14T17:29:24.331Z - JWT Callback {"tokenSub":"cmk7e2c1r0001oqeum9zh3c1u","event":"Session","hasAccount":false}
2026-01-14T17:29:24.396Z - JWT Callback {"tokenSub":"cmk7e2c1r0001oqeum9zh3c1u","event":"Session","hasAccount":false}
2026-01-14T17:31:05.311Z - JWT Callback {"tokenSub":"cmk7e2c1r0001oqeum9zh3c1u","event":"Session","hasAccount":false}
2026-01-14T17:32:07.576Z - JWT Callback {"tokenSub":"cmk7e2c1r0001oqeum9zh3c1u","event":"Session","hasAccount":false}
2026-01-14T17:32:10.784Z - JWT Callback {"tokenSub":"cmk7e2c1r0001oqeum9zh3c1u","event":"Session","hasAccount":false}
2026-01-14T17:32:10.790Z - JWT Callback {"tokenSub":"cmk7e2c1r0001oqeum9zh3c1u","event":"Session","hasAccount":false}
2026-01-14T17:32:11.702Z - JWT Callback {"tokenSub":"cmk7e2c1r0001oqeum9zh3c1u","event":"Session","hasAccount":false}
2026-01-14T17:32:12.958Z - JWT Callback {"tokenSub":"cmk7e2c1r0001oqeum9zh3c1u","event":"Session","hasAccount":false}
2026-01-14T17:32:14.608Z - JWT Callback {"tokenSub":"cmk7e2c1r0001oqeum9zh3c1u","event":"Session","hasAccount":false}
2026-01-14T17:41:06.064Z - JWT Callback {"tokenSub":"cmk7e2c1r0001oqeum9zh3c1u","event":"Session","hasAccount":false}
2026-01-14T18:01:03.427Z - JWT Callback {"tokenSub":"cmk7e2c1r0001oqeum9zh3c1u","event":"Session","hasAccount":false}
2026-01-14T18:01:03.548Z - JWT Callback {"tokenSub":"cmk7e2c1r0001oqeum9zh3c1u","event":"Session","hasAccount":false}
2026-01-14T18:01:03.632Z - JWT Callback {"tokenSub":"cmk7e2c1r0001oqeum9zh3c1u","event":"Session","hasAccount":false}
2026-01-14T18:01:13.107Z - JWT Callback {"tokenSub":"cmk7e2c1r0001oqeum9zh3c1u","event":"Session","hasAccount":false}
2026-01-14T18:01:13.210Z - JWT Callback {"tokenSub":"cmk7e2c1r0001oqeum9zh3c1u","event":"Session","hasAccount":false}
2026-01-14T18:01:13.501Z - JWT Callback {"tokenSub":"cmk7e2c1r0001oqeum9zh3c1u","event":"Session","hasAccount":false}
2026-01-14T18:01:13.630Z - JWT Callback {"tokenSub":"cmk7e2c1r0001oqeum9zh3c1u","event":"Session","hasAccount":false}
2026-01-14T18:07:36.438Z - JWT Callback {"tokenSub":"cmk7e2c1r0001oqeum9zh3c1u","event":"Session","hasAccount":false}
2026-01-14T18:07:39.022Z - JWT Callback {"tokenSub":"cmk7e2c1r0001oqeum9zh3c1u","event":"Session","hasAccount":false}
2026-01-14T18:07:39.551Z - JWT Callback {"tokenSub":"cmk7e2c1r0001oqeum9zh3c1u","event":"Session","hasAccount":false}
2026-01-14T18:07:39.583Z - JWT Callback {"tokenSub":"cmk7e2c1r0001oqeum9zh3c1u","event":"Session","hasAccount":false}
2026-01-14T18:12:33.448Z - JWT Callback {"tokenSub":"cmk7e2c1r0001oqeum9zh3c1u","event":"Session","hasAccount":false}
2026-01-14T18:13:52.557Z - JWT Callback {"tokenSub":"cmk7e2c1r0001oqeum9zh3c1u","event":"Session","hasAccount":false}
2026-01-14T18:13:58.344Z - SignIn Callback {"userEmail":"jasonroycompany@gmail.com","provider":"credentials"}
2026-01-14T18:13:58.406Z - Reset Resume & Templates for User {"userId":"cmk7e2c1r0001oqeum9zh3c1u"}
2026-01-14T18:13:58.407Z - JWT Callback {"tokenSub":"cmk7e2c1r0001oqeum9zh3c1u","event":"SignIn","hasAccount":true}
2026-01-14T18:13:58.477Z - JWT Callback {"tokenSub":"cmk7e2c1r0001oqeum9zh3c1u","event":"Session","hasAccount":false}
2026-01-14T18:13:58.689Z - JWT Callback {"tokenSub":"cmk7e2c1r0001oqeum9zh3c1u","event":"Session","hasAccount":false}
2026-01-14T18:13:58.764Z - JWT Callback {"tokenSub":"cmk7e2c1r0001oqeum9zh3c1u","event":"Session","hasAccount":false}
2026-01-14T18:13:59.193Z - JWT Callback {"tokenSub":"cmk7e2c1r0001oqeum9zh3c1u","event":"Session","hasAccount":false}
2026-01-14T18:13:59.263Z - JWT Callback {"tokenSub":"cmk7e2c1r0001oqeum9zh3c1u","event":"Session","hasAccount":false}
2026-01-14T18:16:07.909Z - JWT Callback {"tokenSub":"cmk7e2c1r0001oqeum9zh3c1u","event":"Session","hasAccount":false}
2026-01-14T18:16:09.513Z - JWT Callback {"tokenSub":"cmk7e2c1r0001oqeum9zh3c1u","event":"Session","hasAccount":false}
2026-01-14T18:16:09.572Z - JWT Callback {"tokenSub":"cmk7e2c1r0001oqeum9zh3c1u","event":"Session","hasAccount":false}
2026-01-14T18:28:55.255Z - JWT Callback {"tokenSub":"cmk7e2c1r0001oqeum9zh3c1u","event":"Session","hasAccount":false}
2026-01-14T18:31:01.478Z - JWT Callback {"tokenSub":"cmk7e2c1r0001oqeum9zh3c1u","event":"Session","hasAccount":false}
2026-01-14T18:31:01.517Z - JWT Callback {"tokenSub":"cmk7e2c1r0001oqeum9zh3c1u","event":"Session","hasAccount":false}
2026-01-14T18:31:01.552Z - JWT Callback {"tokenSub":"cmk7e2c1r0001oqeum9zh3c1u","event":"Session","hasAccount":false}
2026-01-14T18:31:01.591Z - JWT Callback {"tokenSub":"cmk7e2c1r0001oqeum9zh3c1u","event":"Session","hasAccount":false}
2026-01-14T18:31:01.636Z - JWT Callback {"tokenSub":"cmk7e2c1r0001oqeum9zh3c1u","event":"Session","hasAccount":false}
2026-01-14T18:31:01.676Z - JWT Callback {"tokenSub":"cmk7e2c1r0001oqeum9zh3c1u","event":"Session","hasAccount":false}
2026-01-14T18:31:01.716Z - JWT Callback {"tokenSub":"cmk7e2c1r0001oqeum9zh3c1u","event":"Session","hasAccount":false}
2026-01-14T18:31:01.758Z - JWT Callback {"tokenSub":"cmk7e2c1r0001oqeum9zh3c1u","event":"Session","hasAccount":false}
2026-01-14T18:31:01.801Z - JWT Callback {"tokenSub":"cmk7e2c1r0001oqeum9zh3c1u","event":"Session","hasAccount":false}
2026-01-14T18:31:01.850Z - JWT Callback {"tokenSub":"cmk7e2c1r0001oqeum9zh3c1u","event":"Session","hasAccount":false}
2026-01-14T18:31:01.891Z - JWT Callback {"tokenSub":"cmk7e2c1r0001oqeum9zh3c1u","event":"Session","hasAccount":false}
2026-01-14T18:31:01.928Z - JWT Callback {"tokenSub":"cmk7e2c1r0001oqeum9zh3c1u","event":"Session","hasAccount":false}
2026-01-14T18:31:01.965Z - JWT Callback {"tokenSub":"cmk7e2c1r0001oqeum9zh3c1u","event":"Session","hasAccount":false}
2026-01-14T18:31:02.008Z - JWT Callback {"tokenSub":"cmk7e2c1r0001oqeum9zh3c1u","event":"Session","hasAccount":false}
2026-01-14T18:31:02.050Z - JWT Callback {"tokenSub":"cmk7e2c1r0001oqeum9zh3c1u","event":"Session","hasAccount":false}
2026-01-14T18:31:02.099Z - JWT Callback {"tokenSub":"cmk7e2c1r0001oqeum9zh3c1u","event":"Session","hasAccount":false}
2026-01-14T18:31:02.143Z - JWT Callback {"tokenSub":"cmk7e2c1r0001oqeum9zh3c1u","event":"Session","hasAccount":false}
2026-01-14T18:31:02.187Z - JWT Callback {"tokenSub":"cmk7e2c1r0001oqeum9zh3c1u","event":"Session","hasAccount":false}
2026-01-14T18:31:02.231Z - JWT Callback {"tokenSub":"cmk7e2c1r0001oqeum9zh3c1u","event":"Session","hasAccount":false}
2026-01-14T18:31:02.281Z - JWT Callback {"tokenSub":"cmk7e2c1r0001oqeum9zh3c1u","event":"Session","hasAccount":false}
2026-01-14T18:31:02.337Z - JWT Callback {"tokenSub":"cmk7e2c1r0001oqeum9zh3c1u","event":"Session","hasAccount":false}
2026-01-14T18:31:02.400Z - JWT Callback {"tokenSub":"cmk7e2c1r0001oqeum9zh3c1u","event":"Session","hasAccount":false}
2026-01-14T18:31:02.450Z - JWT Callback {"tokenSub":"cmk7e2c1r0001oqeum9zh3c1u","event":"Session","hasAccount":false}
2026-01-14T18:31:02.500Z - JWT Callback {"tokenSub":"cmk7e2c1r0001oqeum9zh3c1u","event":"Session","hasAccount":false}
2026-01-14T18:31:02.554Z - JWT Callback {"tokenSub":"cmk7e2c1r0001oqeum9zh3c1u","event":"Session","hasAccount":false}
2026-01-14T18:31:02.600Z - JWT Callback {"tokenSub":"cmk7e2c1r0001oqeum9zh3c1u","event":"Session","hasAccount":false}
2026-01-14T18:31:02.646Z - JWT Callback {"tokenSub":"cmk7e2c1r0001oqeum9zh3c1u","event":"Session","hasAccount":false}
2026-01-14T18:31:02.686Z - JWT Callback {"tokenSub":"cmk7e2c1r0001oqeum9zh3c1u","event":"Session","hasAccount":false}
2026-01-14T18:31:02.730Z - JWT Callback {"tokenSub":"cmk7e2c1r0001oqeum9zh3c1u","event":"Session","hasAccount":false}
2026-01-14T18:31:02.785Z - JWT Callback {"tokenSub":"cmk7e2c1r0001oqeum9zh3c1u","event":"Session","hasAccount":false}
2026-01-14T18:31:02.832Z - JWT Callback {"tokenSub":"cmk7e2c1r0001oqeum9zh3c1u","event":"Session","hasAccount":false}
2026-01-14T18:31:02.878Z - JWT Callback {"tokenSub":"cmk7e2c1r0001oqeum9zh3c1u","event":"Session","hasAccount":false}
2026-01-14T18:31:02.930Z - JWT Callback {"tokenSub":"cmk7e2c1r0001oqeum9zh3c1u","event":"Session","hasAccount":false}
2026-01-14T18:31:02.994Z - JWT Callback {"tokenSub":"cmk7e2c1r0001oqeum9zh3c1u","event":"Session","hasAccount":false}
2026-01-14T18:31:03.044Z - JWT Callback {"tokenSub":"cmk7e2c1r0001oqeum9zh3c1u","event":"Session","hasAccount":false}
2026-01-14T18:31:03.104Z - JWT Callback {"tokenSub":"cmk7e2c1r0001oqeum9zh3c1u","event":"Session","hasAccount":false}
2026-01-14T18:31:03.141Z - JWT Callback {"tokenSub":"cmk7e2c1r0001oqeum9zh3c1u","event":"Session","hasAccount":false}
2026-01-14T18:31:03.172Z - JWT Callback {"tokenSub":"cmk7e2c1r0001oqeum9zh3c1u","event":"Session","hasAccount":false}
2026-01-14T18:31:03.207Z - JWT Callback {"tokenSub":"cmk7e2c1r0001oqeum9zh3c1u","event":"Session","hasAccount":false}
2026-01-14T18:31:03.244Z - JWT Callback {"tokenSub":"cmk7e2c1r0001oqeum9zh3c1u","event":"Session","hasAccount":false}
2026-01-14T18:31:03.289Z - JWT Callback {"tokenSub":"cmk7e2c1r0001oqeum9zh3c1u","event":"Session","hasAccount":false}
2026-01-14T18:31:03.328Z - JWT Callback {"tokenSub":"cmk7e2c1r0001oqeum9zh3c1u","event":"Session","hasAccount":false}
2026-01-14T18:31:03.373Z - JWT Callback {"tokenSub":"cmk7e2c1r0001oqeum9zh3c1u","event":"Session","hasAccount":false}
2026-01-14T18:31:03.418Z - JWT Callback {"tokenSub":"cmk7e2c1r0001oqeum9zh3c1u","event":"Session","hasAccount":false}
2026-01-14T18:31:03.458Z - JWT Callback {"tokenSub":"cmk7e2c1r0001oqeum9zh3c1u","event":"Session","hasAccount":false}
2026-01-14T18:31:03.501Z - JWT Callback {"tokenSub":"cmk7e2c1r0001oqeum9zh3c1u","event":"Session","hasAccount":false}
2026-01-14T18:31:03.536Z - JWT Callback {"tokenSub":"cmk7e2c1r0001oqeum9zh3c1u","event":"Session","hasAccount":false}
2026-01-14T18:31:03.568Z - JWT Callback {"tokenSub":"cmk7e2c1r0001oqeum9zh3c1u","event":"Session","hasAccount":false}
2026-01-14T18:31:03.604Z - JWT Callback {"tokenSub":"cmk7e2c1r0001oqeum9zh3c1u","event":"Session","hasAccount":false}
2026-01-14T18:31:03.644Z - JWT Callback {"tokenSub":"cmk7e2c1r0001oqeum9zh3c1u","event":"Session","hasAccount":false}
2026-01-14T18:31:03.685Z - JWT Callback {"tokenSub":"cmk7e2c1r0001oqeum9zh3c1u","event":"Session","hasAccount":false}
2026-01-14T18:31:03.717Z - JWT Callback {"tokenSub":"cmk7e2c1r0001oqeum9zh3c1u","event":"Session","hasAccount":false}
2026-01-14T18:33:55.432Z - JWT Callback {"tokenSub":"cmk7e2c1r0001oqeum9zh3c1u","event":"Session","hasAccount":false}
2026-01-14T18:33:58.618Z - JWT Callback {"tokenSub":"cmk7e2c1r0001oqeum9zh3c1u","event":"Session","hasAccount":false}
2026-01-14T18:33:59.131Z - JWT Callback {"tokenSub":"cmk7e2c1r0001oqeum9zh3c1u","event":"Session","hasAccount":false}
2026-01-14T18:33:59.146Z - JWT Callback {"tokenSub":"cmk7e2c1r0001oqeum9zh3c1u","event":"Session","hasAccount":false}
2026-01-14T18:34:40.711Z - JWT Callback {"tokenSub":"cmk7e2c1r0001oqeum9zh3c1u","event":"Session","hasAccount":false}
2026-01-14T18:34:40.780Z - JWT Callback {"tokenSub":"cmk7e2c1r0001oqeum9zh3c1u","event":"Session","hasAccount":false}
2026-01-14T18:37:36.198Z - JWT Callback {"tokenSub":"cmk7e2c1r0001oqeum9zh3c1u","event":"Session","hasAccount":false}
2026-01-14T18:38:21.674Z - JWT Callback {"tokenSub":"cmk7e2c1r0001oqeum9zh3c1u","event":"Session","hasAccount":false}
2026-01-14T18:41:27.039Z - JWT Callback {"tokenSub":"cmk7e2c1r0001oqeum9zh3c1u","event":"Session","hasAccount":false}
2026-01-14T18:41:34.151Z - JWT Callback {"tokenSub":"cmk7e2c1r0001oqeum9zh3c1u","event":"Session","hasAccount":false}
2026-01-14T18:41:34.537Z - JWT Callback {"tokenSub":"cmk7e2c1r0001oqeum9zh3c1u","event":"Session","hasAccount":false}
2026-01-14T18:41:34.590Z - JWT Callback {"tokenSub":"cmk7e2c1r0001oqeum9zh3c1u","event":"Session","hasAccount":false}
2026-01-14T18:41:47.665Z - SignIn Callback {"userEmail":"jasonroycompany@gmail.com","provider":"credentials"}
2026-01-14T18:41:47.694Z - Reset Resume & Templates for User {"userId":"cmk7e2c1r0001oqeum9zh3c1u"}
2026-01-14T18:41:47.695Z - JWT Callback {"tokenSub":"cmk7e2c1r0001oqeum9zh3c1u","event":"SignIn","hasAccount":true}
2026-01-14T18:41:47.778Z - JWT Callback {"tokenSub":"cmk7e2c1r0001oqeum9zh3c1u","event":"Session","hasAccount":false}
2026-01-14T18:41:47.886Z - JWT Callback {"tokenSub":"cmk7e2c1r0001oqeum9zh3c1u","event":"Session","hasAccount":false}
2026-01-14T18:41:47.961Z - JWT Callback {"tokenSub":"cmk7e2c1r0001oqeum9zh3c1u","event":"Session","hasAccount":false}
2026-01-14T18:41:48.196Z - JWT Callback {"tokenSub":"cmk7e2c1r0001oqeum9zh3c1u","event":"Session","hasAccount":false}
2026-01-14T18:41:48.274Z - JWT Callback {"tokenSub":"cmk7e2c1r0001oqeum9zh3c1u","event":"Session","hasAccount":false}
2026-01-14T18:43:01.087Z - JWT Callback {"tokenSub":"cmk7e2c1r0001oqeum9zh3c1u","event":"Session","hasAccount":false}
2026-01-14T18:43:14.051Z - JWT Callback {"tokenSub":"cmk7e2c1r0001oqeum9zh3c1u","event":"Session","hasAccount":false}
2026-01-14T18:43:15.638Z - JWT Callback {"tokenSub":"cmk7e2c1r0001oqeum9zh3c1u","event":"Session","hasAccount":false}
2026-01-14T18:43:15.687Z - JWT Callback {"tokenSub":"cmk7e2c1r0001oqeum9zh3c1u","event":"Session","hasAccount":false}
2026-01-14T18:47:17.239Z - JWT Callback {"tokenSub":"cmk7e2c1r0001oqeum9zh3c1u","event":"Session","hasAccount":false}
2026-01-14T18:48:53.107Z - JWT Callback {"tokenSub":"cmk7e2c1r0001oqeum9zh3c1u","event":"Session","hasAccount":false}
2026-01-14T18:48:56.354Z - JWT Callback {"tokenSub":"cmk7e2c1r0001oqeum9zh3c1u","event":"Session","hasAccount":false}
2026-01-14T18:48:56.927Z - JWT Callback {"tokenSub":"cmk7e2c1r0001oqeum9zh3c1u","event":"Session","hasAccount":false}
2026-01-14T18:48:56.953Z - JWT Callback {"tokenSub":"cmk7e2c1r0001oqeum9zh3c1u","event":"Session","hasAccount":false}
2026-01-14T18:51:19.817Z - JWT Callback {"tokenSub":"cmk7e2c1r0001oqeum9zh3c1u","event":"Session","hasAccount":false}
2026-01-14T18:51:23.109Z - JWT Callback {"tokenSub":"cmk7e2c1r0001oqeum9zh3c1u","event":"Session","hasAccount":false}
2026-01-14T18:51:23.524Z - JWT Callback {"tokenSub":"cmk7e2c1r0001oqeum9zh3c1u","event":"Session","hasAccount":false}
2026-01-14T18:51:23.565Z - JWT Callback {"tokenSub":"cmk7e2c1r0001oqeum9zh3c1u","event":"Session","hasAccount":false}
2026-01-14T18:53:34.313Z - JWT Callback {"tokenSub":"cmk7e2c1r0001oqeum9zh3c1u","event":"Session","hasAccount":false}
2026-01-14T18:53:42.384Z - JWT Callback {"tokenSub":"cmk7e2c1r0001oqeum9zh3c1u","event":"Session","hasAccount":false}
2026-01-14T18:53:42.705Z - JWT Callback {"tokenSub":"cmk7e2c1r0001oqeum9zh3c1u","event":"Session","hasAccount":false}
2026-01-14T18:53:42.779Z - JWT Callback {"tokenSub":"cmk7e2c1r0001oqeum9zh3c1u","event":"Session","hasAccount":false}
2026-01-14T18:53:59.712Z - JWT Callback {"tokenSub":"cmk7e2c1r0001oqeum9zh3c1u","event":"Session","hasAccount":false}
2026-01-14T18:56:13.995Z - JWT Callback {"tokenSub":"cmk7e2c1r0001oqeum9zh3c1u","event":"Session","hasAccount":false}
2026-01-14T18:56:17.187Z - JWT Callback {"tokenSub":"cmk7e2c1r0001oqeum9zh3c1u","event":"Session","hasAccount":false}
2026-01-14T18:56:17.711Z - JWT Callback {"tokenSub":"cmk7e2c1r0001oqeum9zh3c1u","event":"Session","hasAccount":false}
2026-01-14T18:56:17.722Z - JWT Callback {"tokenSub":"cmk7e2c1r0001oqeum9zh3c1u","event":"Session","hasAccount":false}
2026-01-14T18:59:47.890Z - JWT Callback {"tokenSub":"cmk7e2c1r0001oqeum9zh3c1u","event":"Session","hasAccount":false}
2026-01-14T19:00:01.988Z - JWT Callback {"tokenSub":"cmk7e2c1r0001oqeum9zh3c1u","event":"Session","hasAccount":false}
2026-01-14T19:00:02.065Z - JWT Callback {"tokenSub":"cmk7e2c1r0001oqeum9zh3c1u","event":"Session","hasAccount":false}
2026-01-14T19:00:02.159Z - JWT Callback {"tokenSub":"cmk7e2c1r0001oqeum9zh3c1u","event":"Session","hasAccount":false}
2026-01-14T19:00:02.237Z - JWT Callback {"tokenSub":"cmk7e2c1r0001oqeum9zh3c1u","event":"Session","hasAccount":false}
2026-01-14T19:02:58.863Z - JWT Callback {"tokenSub":"cmk7e2c1r0001oqeum9zh3c1u","event":"Session","hasAccount":false}
2026-01-14T19:04:08.092Z - JWT Callback {"tokenSub":"cmk7e2c1r0001oqeum9zh3c1u","event":"Session","hasAccount":false}
2026-01-14T19:04:08.154Z - JWT Callback {"tokenSub":"cmk7e2c1r0001oqeum9zh3c1u","event":"Session","hasAccount":false}
2026-01-14T19:04:21.948Z - JWT Callback {"tokenSub":"cmk7e2c1r0001oqeum9zh3c1u","event":"Session","hasAccount":false}
2026-01-14T19:04:47.458Z - JWT Callback {"tokenSub":"cmk7e2c1r0001oqeum9zh3c1u","event":"Session","hasAccount":false}
2026-01-14T19:06:43.632Z - JWT Callback {"tokenSub":"cmk7e2c1r0001oqeum9zh3c1u","event":"Session","hasAccount":false}
2026-01-14T19:11:49.306Z - JWT Callback {"tokenSub":"cmk7e2c1r0001oqeum9zh3c1u","event":"Session","hasAccount":false}
2026-01-14T19:11:56.822Z - JWT Callback {"tokenSub":"cmk7e2c1r0001oqeum9zh3c1u","event":"Session","hasAccount":false}
2026-01-14T19:12:04.400Z - JWT Callback {"tokenSub":"cmk7e2c1r0001oqeum9zh3c1u","event":"Session","hasAccount":false}
2026-01-14T19:12:04.407Z - JWT Callback {"tokenSub":"cmk7e2c1r0001oqeum9zh3c1u","event":"Session","hasAccount":false}
2026-01-14T19:12:12.618Z - JWT Callback {"tokenSub":"cmk7e2c1r0001oqeum9zh3c1u","event":"Session","hasAccount":false}
2026-01-14T19:12:12.690Z - JWT Callback {"tokenSub":"cmk7e2c1r0001oqeum9zh3c1u","event":"Session","hasAccount":false}
2026-01-14T19:12:26.924Z - JWT Callback {"tokenSub":"cmk7e2c1r0001oqeum9zh3c1u","event":"Session","hasAccount":false}
2026-01-14T19:12:27.236Z - JWT Callback {"tokenSub":"cmk7e2c1r0001oqeum9zh3c1u","event":"Session","hasAccount":false}
2026-01-14T19:12:32.503Z - JWT Callback {"tokenSub":"cmk7e2c1r0001oqeum9zh3c1u","event":"Session","hasAccount":false}
2026-01-14T19:12:32.775Z - JWT Callback {"tokenSub":"cmk7e2c1r0001oqeum9zh3c1u","event":"Session","hasAccount":false}
2026-01-14T19:12:38.050Z - JWT Callback {"tokenSub":"cmk7e2c1r0001oqeum9zh3c1u","event":"Session","hasAccount":false}
2026-01-14T19:12:38.421Z - JWT Callback {"tokenSub":"cmk7e2c1r0001oqeum9zh3c1u","event":"Session","hasAccount":false}
2026-01-14T19:12:43.655Z - JWT Callback {"tokenSub":"cmk7e2c1r0001oqeum9zh3c1u","event":"Session","hasAccount":false}
2026-01-14T19:12:44.095Z - JWT Callback {"tokenSub":"cmk7e2c1r0001oqeum9zh3c1u","event":"Session","hasAccount":false}
2026-01-14T19:12:49.370Z - JWT Callback {"tokenSub":"cmk7e2c1r0001oqeum9zh3c1u","event":"Session","hasAccount":false}
2026-01-14T19:12:49.675Z - JWT Callback {"tokenSub":"cmk7e2c1r0001oqeum9zh3c1u","event":"Session","hasAccount":false}
2026-01-14T19:12:54.923Z - JWT Callback {"tokenSub":"cmk7e2c1r0001oqeum9zh3c1u","event":"Session","hasAccount":false}
2026-01-14T19:12:55.290Z - JWT Callback {"tokenSub":"cmk7e2c1r0001oqeum9zh3c1u","event":"Session","hasAccount":false}
2026-01-14T19:13:00.532Z - JWT Callback {"tokenSub":"cmk7e2c1r0001oqeum9zh3c1u","event":"Session","hasAccount":false}
2026-01-14T19:13:00.893Z - JWT Callback {"tokenSub":"cmk7e2c1r0001oqeum9zh3c1u","event":"Session","hasAccount":false}
2026-01-14T19:13:06.087Z - JWT Callback {"tokenSub":"cmk7e2c1r0001oqeum9zh3c1u","event":"Session","hasAccount":false}
2026-01-14T19:13:06.401Z - JWT Callback {"tokenSub":"cmk7e2c1r0001oqeum9zh3c1u","event":"Session","hasAccount":false}
2026-01-14T19:13:11.606Z - JWT Callback {"tokenSub":"cmk7e2c1r0001oqeum9zh3c1u","event":"Session","hasAccount":false}
2026-01-14T19:13:11.946Z - JWT Callback {"tokenSub":"cmk7e2c1r0001oqeum9zh3c1u","event":"Session","hasAccount":false}
2026-01-14T19:13:17.187Z - JWT Callback {"tokenSub":"cmk7e2c1r0001oqeum9zh3c1u","event":"Session","hasAccount":false}
2026-01-14T19:13:17.497Z - JWT Callback {"tokenSub":"cmk7e2c1r0001oqeum9zh3c1u","event":"Session","hasAccount":false}
2026-01-14T19:13:22.758Z - JWT Callback {"tokenSub":"cmk7e2c1r0001oqeum9zh3c1u","event":"Session","hasAccount":false}
2026-01-14T19:13:23.088Z - JWT Callback {"tokenSub":"cmk7e2c1r0001oqeum9zh3c1u","event":"Session","hasAccount":false}
2026-01-14T19:13:28.254Z - JWT Callback {"tokenSub":"cmk7e2c1r0001oqeum9zh3c1u","event":"Session","hasAccount":false}
2026-01-14T19:13:28.599Z - JWT Callback {"tokenSub":"cmk7e2c1r0001oqeum9zh3c1u","event":"Session","hasAccount":false}
2026-01-14T19:13:33.803Z - JWT Callback {"tokenSub":"cmk7e2c1r0001oqeum9zh3c1u","event":"Session","hasAccount":false}
2026-01-14T19:13:34.111Z - JWT Callback {"tokenSub":"cmk7e2c1r0001oqeum9zh3c1u","event":"Session","hasAccount":false}
2026-01-14T19:13:39.371Z - JWT Callback {"tokenSub":"cmk7e2c1r0001oqeum9zh3c1u","event":"Session","hasAccount":false}
2026-01-14T19:13:39.682Z - JWT Callback {"tokenSub":"cmk7e2c1r0001oqeum9zh3c1u","event":"Session","hasAccount":false}
2026-01-14T19:13:44.919Z - JWT Callback {"tokenSub":"cmk7e2c1r0001oqeum9zh3c1u","event":"Session","hasAccount":false}
2026-01-14T19:13:45.239Z - JWT Callback {"tokenSub":"cmk7e2c1r0001oqeum9zh3c1u","event":"Session","hasAccount":false}
2026-01-14T19:13:50.473Z - JWT Callback {"tokenSub":"cmk7e2c1r0001oqeum9zh3c1u","event":"Session","hasAccount":false}
2026-01-14T19:13:50.830Z - JWT Callback {"tokenSub":"cmk7e2c1r0001oqeum9zh3c1u","event":"Session","hasAccount":false}
2026-01-14T19:13:55.997Z - JWT Callback {"tokenSub":"cmk7e2c1r0001oqeum9zh3c1u","event":"Session","hasAccount":false}
2026-01-14T19:13:56.349Z - JWT Callback {"tokenSub":"cmk7e2c1r0001oqeum9zh3c1u","event":"Session","hasAccount":false}
2026-01-14T19:14:01.539Z - JWT Callback {"tokenSub":"cmk7e2c1r0001oqeum9zh3c1u","event":"Session","hasAccount":false}
2026-01-14T19:14:01.846Z - JWT Callback {"tokenSub":"cmk7e2c1r0001oqeum9zh3c1u","event":"Session","hasAccount":false}
2026-01-14T19:14:07.087Z - JWT Callback {"tokenSub":"cmk7e2c1r0001oqeum9zh3c1u","event":"Session","hasAccount":false}
2026-01-14T19:14:07.366Z - JWT Callback {"tokenSub":"cmk7e2c1r0001oqeum9zh3c1u","event":"Session","hasAccount":false}
2026-01-14T19:14:12.610Z - JWT Callback {"tokenSub":"cmk7e2c1r0001oqeum9zh3c1u","event":"Session","hasAccount":false}
2026-01-14T19:14:12.983Z - JWT Callback {"tokenSub":"cmk7e2c1r0001oqeum9zh3c1u","event":"Session","hasAccount":false}
2026-01-14T19:14:18.194Z - JWT Callback {"tokenSub":"cmk7e2c1r0001oqeum9zh3c1u","event":"Session","hasAccount":false}
2026-01-14T19:14:18.599Z - JWT Callback {"tokenSub":"cmk7e2c1r0001oqeum9zh3c1u","event":"Session","hasAccount":false}
2026-01-14T19:14:23.796Z - JWT Callback {"tokenSub":"cmk7e2c1r0001oqeum9zh3c1u","event":"Session","hasAccount":false}
2026-01-14T19:14:24.171Z - JWT Callback {"tokenSub":"cmk7e2c1r0001oqeum9zh3c1u","event":"Session","hasAccount":false}
2026-01-14T19:14:29.412Z - JWT Callback {"tokenSub":"cmk7e2c1r0001oqeum9zh3c1u","event":"Session","hasAccount":false}
2026-01-14T19:14:29.721Z - JWT Callback {"tokenSub":"cmk7e2c1r0001oqeum9zh3c1u","event":"Session","hasAccount":false}
2026-01-14T19:14:34.986Z - JWT Callback {"tokenSub":"cmk7e2c1r0001oqeum9zh3c1u","event":"Session","hasAccount":false}
2026-01-14T19:14:35.309Z - JWT Callback {"tokenSub":"cmk7e2c1r0001oqeum9zh3c1u","event":"Session","hasAccount":false}
2026-01-14T19:14:40.554Z - JWT Callback {"tokenSub":"cmk7e2c1r0001oqeum9zh3c1u","event":"Session","hasAccount":false}
2026-01-14T19:14:40.960Z - JWT Callback {"tokenSub":"cmk7e2c1r0001oqeum9zh3c1u","event":"Session","hasAccount":false}
2026-01-14T19:14:46.137Z - JWT Callback {"tokenSub":"cmk7e2c1r0001oqeum9zh3c1u","event":"Session","hasAccount":false}
2026-01-14T19:14:46.483Z - JWT Callback {"tokenSub":"cmk7e2c1r0001oqeum9zh3c1u","event":"Session","hasAccount":false}
2026-01-14T19:14:51.709Z - JWT Callback {"tokenSub":"cmk7e2c1r0001oqeum9zh3c1u","event":"Session","hasAccount":false}
2026-01-14T19:14:52.021Z - JWT Callback {"tokenSub":"cmk7e2c1r0001oqeum9zh3c1u","event":"Session","hasAccount":false}
2026-01-14T19:14:57.281Z - JWT Callback {"tokenSub":"cmk7e2c1r0001oqeum9zh3c1u","event":"Session","hasAccount":false}
2026-01-14T19:14:57.587Z - JWT Callback {"tokenSub":"cmk7e2c1r0001oqeum9zh3c1u","event":"Session","hasAccount":false}
2026-01-14T19:15:02.844Z - JWT Callback {"tokenSub":"cmk7e2c1r0001oqeum9zh3c1u","event":"Session","hasAccount":false}
2026-01-14T19:15:03.139Z - JWT Callback {"tokenSub":"cmk7e2c1r0001oqeum9zh3c1u","event":"Session","hasAccount":false}
2026-01-14T19:15:08.356Z - JWT Callback {"tokenSub":"cmk7e2c1r0001oqeum9zh3c1u","event":"Session","hasAccount":false}
2026-01-14T19:15:08.726Z - JWT Callback {"tokenSub":"cmk7e2c1r0001oqeum9zh3c1u","event":"Session","hasAccount":false}
2026-01-14T19:15:13.919Z - JWT Callback {"tokenSub":"cmk7e2c1r0001oqeum9zh3c1u","event":"Session","hasAccount":false}
2026-01-14T19:15:14.261Z - JWT Callback {"tokenSub":"cmk7e2c1r0001oqeum9zh3c1u","event":"Session","hasAccount":false}
2026-01-14T19:15:19.455Z - JWT Callback {"tokenSub":"cmk7e2c1r0001oqeum9zh3c1u","event":"Session","hasAccount":false}
2026-01-14T19:15:19.734Z - JWT Callback {"tokenSub":"cmk7e2c1r0001oqeum9zh3c1u","event":"Session","hasAccount":false}
2026-01-14T19:15:24.994Z - JWT Callback {"tokenSub":"cmk7e2c1r0001oqeum9zh3c1u","event":"Session","hasAccount":false}
2026-01-14T19:15:25.292Z - JWT Callback {"tokenSub":"cmk7e2c1r0001oqeum9zh3c1u","event":"Session","hasAccount":false}
2026-01-14T19:15:30.532Z - JWT Callback {"tokenSub":"cmk7e2c1r0001oqeum9zh3c1u","event":"Session","hasAccount":false}
2026-01-14T19:15:30.908Z - JWT Callback {"tokenSub":"cmk7e2c1r0001oqeum9zh3c1u","event":"Session","hasAccount":false}
2026-01-14T19:15:36.159Z - JWT Callback {"tokenSub":"cmk7e2c1r0001oqeum9zh3c1u","event":"Session","hasAccount":false}
2026-01-14T19:15:36.499Z - JWT Callback {"tokenSub":"cmk7e2c1r0001oqeum9zh3c1u","event":"Session","hasAccount":false}
2026-01-14T19:15:41.699Z - JWT Callback {"tokenSub":"cmk7e2c1r0001oqeum9zh3c1u","event":"Session","hasAccount":false}
2026-01-14T19:15:42.058Z - JWT Callback {"tokenSub":"cmk7e2c1r0001oqeum9zh3c1u","event":"Session","hasAccount":false}
2026-01-14T19:15:47.281Z - JWT Callback {"tokenSub":"cmk7e2c1r0001oqeum9zh3c1u","event":"Session","hasAccount":false}
2026-01-14T19:15:47.628Z - JWT Callback {"tokenSub":"cmk7e2c1r0001oqeum9zh3c1u","event":"Session","hasAccount":false}
2026-01-14T19:15:52.859Z - JWT Callback {"tokenSub":"cmk7e2c1r0001oqeum9zh3c1u","event":"Session","hasAccount":false}
2026-01-14T19:15:53.218Z - JWT Callback {"tokenSub":"cmk7e2c1r0001oqeum9zh3c1u","event":"Session","hasAccount":false}
2026-01-14T19:15:58.460Z - JWT Callback {"tokenSub":"cmk7e2c1r0001oqeum9zh3c1u","event":"Session","hasAccount":false}
2026-01-14T19:15:58.784Z - JWT Callback {"tokenSub":"cmk7e2c1r0001oqeum9zh3c1u","event":"Session","hasAccount":false}
2026-01-14T19:16:04.021Z - JWT Callback {"tokenSub":"cmk7e2c1r0001oqeum9zh3c1u","event":"Session","hasAccount":false}
2026-01-14T19:16:04.412Z - JWT Callback {"tokenSub":"cmk7e2c1r0001oqeum9zh3c1u","event":"Session","hasAccount":false}
2026-01-14T19:16:09.595Z - JWT Callback {"tokenSub":"cmk7e2c1r0001oqeum9zh3c1u","event":"Session","hasAccount":false}
2026-01-14T19:16:09.930Z - JWT Callback {"tokenSub":"cmk7e2c1r0001oqeum9zh3c1u","event":"Session","hasAccount":false}
2026-01-14T19:16:15.109Z - JWT Callback {"tokenSub":"cmk7e2c1r0001oqeum9zh3c1u","event":"Session","hasAccount":false}
2026-01-14T19:16:15.479Z - JWT Callback {"tokenSub":"cmk7e2c1r0001oqeum9zh3c1u","event":"Session","hasAccount":false}
2026-01-14T19:16:20.654Z - JWT Callback {"tokenSub":"cmk7e2c1r0001oqeum9zh3c1u","event":"Session","hasAccount":false}
2026-01-14T19:16:21.047Z - JWT Callback {"tokenSub":"cmk7e2c1r0001oqeum9zh3c1u","event":"Session","hasAccount":false}
2026-01-14T19:16:26.218Z - JWT Callback {"tokenSub":"cmk7e2c1r0001oqeum9zh3c1u","event":"Session","hasAccount":false}
2026-01-14T19:16:26.574Z - JWT Callback {"tokenSub":"cmk7e2c1r0001oqeum9zh3c1u","event":"Session","hasAccount":false}
2026-01-14T19:16:31.784Z - JWT Callback {"tokenSub":"cmk7e2c1r0001oqeum9zh3c1u","event":"Session","hasAccount":false}
2026-01-14T19:16:32.145Z - JWT Callback {"tokenSub":"cmk7e2c1r0001oqeum9zh3c1u","event":"Session","hasAccount":false}
2026-01-14T19:16:37.329Z - JWT Callback {"tokenSub":"cmk7e2c1r0001oqeum9zh3c1u","event":"Session","hasAccount":false}
2026-01-14T19:16:37.670Z - JWT Callback {"tokenSub":"cmk7e2c1r0001oqeum9zh3c1u","event":"Session","hasAccount":false}
2026-01-14T19:16:42.899Z - JWT Callback {"tokenSub":"cmk7e2c1r0001oqeum9zh3c1u","event":"Session","hasAccount":false}
2026-01-14T19:16:43.243Z - JWT Callback {"tokenSub":"cmk7e2c1r0001oqeum9zh3c1u","event":"Session","hasAccount":false}
2026-01-14T19:16:48.476Z - JWT Callback {"tokenSub":"cmk7e2c1r0001oqeum9zh3c1u","event":"Session","hasAccount":false}
2026-01-14T19:16:48.804Z - JWT Callback {"tokenSub":"cmk7e2c1r0001oqeum9zh3c1u","event":"Session","hasAccount":false}
2026-01-14T19:16:50.601Z - JWT Callback {"tokenSub":"cmk7e2c1r0001oqeum9zh3c1u","event":"Session","hasAccount":false}
2026-01-14T19:16:54.030Z - JWT Callback {"tokenSub":"cmk7e2c1r0001oqeum9zh3c1u","event":"Session","hasAccount":false}
2026-01-14T19:17:26.927Z - JWT Callback {"tokenSub":"cmk7e2c1r0001oqeum9zh3c1u","event":"Session","hasAccount":false}
2026-01-14T19:17:27.428Z - JWT Callback {"tokenSub":"cmk7e2c1r0001oqeum9zh3c1u","event":"Session","hasAccount":false}
2026-01-14T19:17:27.455Z - JWT Callback {"tokenSub":"cmk7e2c1r0001oqeum9zh3c1u","event":"Session","hasAccount":false}
2026-01-14T19:23:18.809Z - JWT Callback {"tokenSub":"cmk7e2c1r0001oqeum9zh3c1u","event":"Session","hasAccount":false}
2026-01-14T19:23:21.907Z - JWT Callback {"tokenSub":"cmk7e2c1r0001oqeum9zh3c1u","event":"Session","hasAccount":false}
2026-01-14T19:23:22.424Z - JWT Callback {"tokenSub":"cmk7e2c1r0001oqeum9zh3c1u","event":"Session","hasAccount":false}
2026-01-14T19:23:22.724Z - JWT Callback {"tokenSub":"cmk7e2c1r0001oqeum9zh3c1u","event":"Session","hasAccount":false}
2026-01-14T19:23:29.628Z - JWT Callback {"tokenSub":"cmk7e2c1r0001oqeum9zh3c1u","event":"Session","hasAccount":false}
2026-01-14T19:23:29.998Z - JWT Callback {"tokenSub":"cmk7e2c1r0001oqeum9zh3c1u","event":"Session","hasAccount":false}
2026-01-14T19:23:30.008Z - JWT Callback {"tokenSub":"cmk7e2c1r0001oqeum9zh3c1u","event":"Session","hasAccount":false}
2026-01-14T19:23:35.156Z - SignIn Callback {"userEmail":"jasonroycompany@gmail.com","provider":"credentials"}
2026-01-14T19:23:35.188Z - Reset Resume & Templates for User {"userId":"cmk7e2c1r0001oqeum9zh3c1u"}
2026-01-14T19:23:35.189Z - JWT Callback {"tokenSub":"cmk7e2c1r0001oqeum9zh3c1u","event":"SignIn","hasAccount":true}
2026-01-14T19:23:35.272Z - JWT Callback {"tokenSub":"cmk7e2c1r0001oqeum9zh3c1u","event":"Session","hasAccount":false}
2026-01-14T19:23:35.533Z - JWT Callback {"tokenSub":"cmk7e2c1r0001oqeum9zh3c1u","event":"Session","hasAccount":false}
2026-01-14T19:23:35.633Z - JWT Callback {"tokenSub":"cmk7e2c1r0001oqeum9zh3c1u","event":"Session","hasAccount":false}
2026-01-14T19:23:35.822Z - JWT Callback {"tokenSub":"cmk7e2c1r0001oqeum9zh3c1u","event":"Session","hasAccount":false}
2026-01-14T19:23:35.895Z - JWT Callback {"tokenSub":"cmk7e2c1r0001oqeum9zh3c1u","event":"Session","hasAccount":false}
2026-01-14T19:23:44.609Z - JWT Callback {"tokenSub":"cmk7e2c1r0001oqeum9zh3c1u","event":"Session","hasAccount":false}
2026-01-14T19:23:46.234Z - JWT Callback {"tokenSub":"cmk7e2c1r0001oqeum9zh3c1u","event":"Session","hasAccount":false}
2026-01-14T19:23:46.317Z - JWT Callback {"tokenSub":"cmk7e2c1r0001oqeum9zh3c1u","event":"Session","hasAccount":false}
2026-01-14T19:24:20.481Z - JWT Callback {"tokenSub":"cmk7e2c1r0001oqeum9zh3c1u","event":"Session","hasAccount":false}
2026-01-14T19:24:20.533Z - JWT Callback {"tokenSub":"cmk7e2c1r0001oqeum9zh3c1u","event":"Session","hasAccount":false}
2026-01-14T19:25:38.080Z - JWT Callback {"tokenSub":"cmk7e2c1r0001oqeum9zh3c1u","event":"Session","hasAccount":false}
2026-01-14T19:25:40.266Z - JWT Callback {"tokenSub":"cmk7e2c1r0001oqeum9zh3c1u","event":"Session","hasAccount":false}
2026-01-14T19:25:40.650Z - JWT Callback {"tokenSub":"cmk7e2c1r0001oqeum9zh3c1u","event":"Session","hasAccount":false}
2026-01-14T19:25:40.701Z - JWT Callback {"tokenSub":"cmk7e2c1r0001oqeum9zh3c1u","event":"Session","hasAccount":false}
2026-01-14T19:25:42.140Z - JWT Callback {"tokenSub":"cmk7e2c1r0001oqeum9zh3c1u","event":"Session","hasAccount":false}
2026-01-14T19:25:42.485Z - JWT Callback {"tokenSub":"cmk7e2c1r0001oqeum9zh3c1u","event":"Session","hasAccount":false}
2026-01-14T19:25:42.540Z - JWT Callback {"tokenSub":"cmk7e2c1r0001oqeum9zh3c1u","event":"Session","hasAccount":false}
2026-01-14T19:29:08.766Z - JWT Callback {"tokenSub":"cmk7e2c1r0001oqeum9zh3c1u","event":"Session","hasAccount":false}
2026-01-14T19:29:11.252Z - JWT Callback {"tokenSub":"cmk7e2c1r0001oqeum9zh3c1u","event":"Session","hasAccount":false}
2026-01-14T19:29:11.339Z - JWT Callback {"tokenSub":"cmk7e2c1r0001oqeum9zh3c1u","event":"Session","hasAccount":false}
2026-01-14T19:34:43.919Z - JWT Callback {"tokenSub":"cmk7e2c1r0001oqeum9zh3c1u","event":"Session","hasAccount":false}
2026-01-14T19:34:46.809Z - JWT Callback {"tokenSub":"cmk7e2c1r0001oqeum9zh3c1u","event":"Session","hasAccount":false}
2026-01-14T19:34:47.260Z - JWT Callback {"tokenSub":"cmk7e2c1r0001oqeum9zh3c1u","event":"Session","hasAccount":false}
2026-01-14T19:34:47.307Z - JWT Callback {"tokenSub":"cmk7e2c1r0001oqeum9zh3c1u","event":"Session","hasAccount":false}
2026-01-14T19:34:52.209Z - SignIn Callback {"userEmail":"jasonroycompany@gmail.com","provider":"credentials"}
2026-01-14T19:34:52.247Z - Reset Resume & Templates for User {"userId":"cmk7e2c1r0001oqeum9zh3c1u"}
2026-01-14T19:34:52.250Z - JWT Callback {"tokenSub":"cmk7e2c1r0001oqeum9zh3c1u","event":"SignIn","hasAccount":true}
2026-01-14T19:34:52.349Z - JWT Callback {"tokenSub":"cmk7e2c1r0001oqeum9zh3c1u","event":"Session","hasAccount":false}
2026-01-14T19:34:53.125Z - JWT Callback {"tokenSub":"cmk7e2c1r0001oqeum9zh3c1u","event":"Session","hasAccount":false}
2026-01-14T19:34:53.219Z - JWT Callback {"tokenSub":"cmk7e2c1r0001oqeum9zh3c1u","event":"Session","hasAccount":false}
2026-01-14T19:34:53.424Z - JWT Callback {"tokenSub":"cmk7e2c1r0001oqeum9zh3c1u","event":"Session","hasAccount":false}
2026-01-14T19:34:53.470Z - JWT Callback {"tokenSub":"cmk7e2c1r0001oqeum9zh3c1u","event":"Session","hasAccount":false}
2026-01-14T19:35:30.971Z - JWT Callback {"tokenSub":"cmk7e2c1r0001oqeum9zh3c1u","event":"Session","hasAccount":false}
2026-01-14T19:35:33.305Z - JWT Callback {"tokenSub":"cmk7e2c1r0001oqeum9zh3c1u","event":"Session","hasAccount":false}
2026-01-14T19:35:33.352Z - JWT Callback {"tokenSub":"cmk7e2c1r0001oqeum9zh3c1u","event":"Session","hasAccount":false}
2026-01-14T19:35:43.057Z - JWT Callback {"tokenSub":"cmk7e2c1r0001oqeum9zh3c1u","event":"Session","hasAccount":false}
2026-01-14T19:36:45.336Z - JWT Callback {"tokenSub":"cmk7e2c1r0001oqeum9zh3c1u","event":"Session","hasAccount":false}
2026-01-14T19:36:45.430Z - JWT Callback {"tokenSub":"cmk7e2c1r0001oqeum9zh3c1u","event":"Session","hasAccount":false}
2026-01-14T19:36:52.221Z - JWT Callback {"tokenSub":"cmk7e2c1r0001oqeum9zh3c1u","event":"Session","hasAccount":false}
2026-01-14T19:36:59.343Z - JWT Callback {"tokenSub":"cmk7e2c1r0001oqeum9zh3c1u","event":"Session","hasAccount":false}
2026-01-14T19:36:59.353Z - JWT Callback {"tokenSub":"cmk7e2c1r0001oqeum9zh3c1u","event":"Session","hasAccount":false}
2026-01-14T19:37:01.753Z - JWT Callback {"tokenSub":"cmk7e2c1r0001oqeum9zh3c1u","event":"Session","hasAccount":false}
2026-01-14T19:37:16.815Z - JWT Callback {"tokenSub":"cmk7e2c1r0001oqeum9zh3c1u","event":"Session","hasAccount":false}
2026-01-14T19:37:20.628Z - JWT Callback {"tokenSub":"cmk7e2c1r0001oqeum9zh3c1u","event":"Session","hasAccount":false}
2026-01-14T19:37:20.634Z - JWT Callback {"tokenSub":"cmk7e2c1r0001oqeum9zh3c1u","event":"Session","hasAccount":false}
2026-01-14T19:37:23.128Z - JWT Callback {"tokenSub":"cmk7e2c1r0001oqeum9zh3c1u","event":"Session","hasAccount":false}
2026-01-14T19:37:24.350Z - JWT Callback {"tokenSub":"cmk7e2c1r0001oqeum9zh3c1u","event":"Session","hasAccount":false}
2026-01-14T19:37:28.176Z - JWT Callback {"tokenSub":"cmk7e2c1r0001oqeum9zh3c1u","event":"Session","hasAccount":false}
2026-01-14T19:37:28.185Z - JWT Callback {"tokenSub":"cmk7e2c1r0001oqeum9zh3c1u","event":"Session","hasAccount":false}
2026-01-14T19:37:30.422Z - JWT Callback {"tokenSub":"cmk7e2c1r0001oqeum9zh3c1u","event":"Session","hasAccount":false}
2026-01-14T19:37:53.677Z - JWT Callback {"tokenSub":"cmk7e2c1r0001oqeum9zh3c1u","event":"Session","hasAccount":false}
2026-01-14T19:37:57.504Z - JWT Callback {"tokenSub":"cmk7e2c1r0001oqeum9zh3c1u","event":"Session","hasAccount":false}
2026-01-14T19:37:57.509Z - JWT Callback {"tokenSub":"cmk7e2c1r0001oqeum9zh3c1u","event":"Session","hasAccount":false}
2026-01-14T19:37:59.722Z - JWT Callback {"tokenSub":"cmk7e2c1r0001oqeum9zh3c1u","event":"Session","hasAccount":false}
2026-01-14T19:38:00.654Z - JWT Callback {"tokenSub":"cmk7e2c1r0001oqeum9zh3c1u","event":"Session","hasAccount":false}
2026-01-14T19:38:04.446Z - JWT Callback {"tokenSub":"cmk7e2c1r0001oqeum9zh3c1u","event":"Session","hasAccount":false}
2026-01-14T19:38:04.468Z - JWT Callback {"tokenSub":"cmk7e2c1r0001oqeum9zh3c1u","event":"Session","hasAccount":false}
2026-01-14T19:38:06.911Z - JWT Callback {"tokenSub":"cmk7e2c1r0001oqeum9zh3c1u","event":"Session","hasAccount":false}
2026-01-14T19:38:21.266Z - JWT Callback {"tokenSub":"cmk7e2c1r0001oqeum9zh3c1u","event":"Session","hasAccount":false}
2026-01-14T19:38:25.062Z - JWT Callback {"tokenSub":"cmk7e2c1r0001oqeum9zh3c1u","event":"Session","hasAccount":false}
2026-01-14T19:38:25.072Z - JWT Callback {"tokenSub":"cmk7e2c1r0001oqeum9zh3c1u","event":"Session","hasAccount":false}
2026-01-14T19:38:27.147Z - JWT Callback {"tokenSub":"cmk7e2c1r0001oqeum9zh3c1u","event":"Session","hasAccount":false}
2026-01-14T19:38:27.226Z - JWT Callback {"tokenSub":"cmk7e2c1r0001oqeum9zh3c1u","event":"Session","hasAccount":false}
2026-01-14T19:38:28.591Z - JWT Callback {"tokenSub":"cmk7e2c1r0001oqeum9zh3c1u","event":"Session","hasAccount":false}
2026-01-14T19:38:32.394Z - JWT Callback {"tokenSub":"cmk7e2c1r0001oqeum9zh3c1u","event":"Session","hasAccount":false}
2026-01-14T19:38:32.399Z - JWT Callback {"tokenSub":"cmk7e2c1r0001oqeum9zh3c1u","event":"Session","hasAccount":false}
2026-01-14T19:38:34.723Z - JWT Callback {"tokenSub":"cmk7e2c1r0001oqeum9zh3c1u","event":"Session","hasAccount":false}
2026-01-14T19:38:38.654Z - JWT Callback {"tokenSub":"cmk7e2c1r0001oqeum9zh3c1u","event":"Session","hasAccount":false}
2026-01-14T19:38:42.468Z - JWT Callback {"tokenSub":"cmk7e2c1r0001oqeum9zh3c1u","event":"Session","hasAccount":false}
2026-01-14T19:38:42.486Z - JWT Callback {"tokenSub":"cmk7e2c1r0001oqeum9zh3c1u","event":"Session","hasAccount":false}
2026-01-14T19:38:44.862Z - JWT Callback {"tokenSub":"cmk7e2c1r0001oqeum9zh3c1u","event":"Session","hasAccount":false}
2026-01-14T19:38:46.045Z - JWT Callback {"tokenSub":"cmk7e2c1r0001oqeum9zh3c1u","event":"Session","hasAccount":false}
2026-01-14T19:38:49.853Z - JWT Callback {"tokenSub":"cmk7e2c1r0001oqeum9zh3c1u","event":"Session","hasAccount":false}
2026-01-14T19:38:49.861Z - JWT Callback {"tokenSub":"cmk7e2c1r0001oqeum9zh3c1u","event":"Session","hasAccount":false}
2026-01-14T19:38:52.260Z - JWT Callback {"tokenSub":"cmk7e2c1r0001oqeum9zh3c1u","event":"Session","hasAccount":false}
2026-01-14T19:38:53.771Z - JWT Callback {"tokenSub":"cmk7e2c1r0001oqeum9zh3c1u","event":"Session","hasAccount":false}
2026-01-14T19:38:57.574Z - JWT Callback {"tokenSub":"cmk7e2c1r0001oqeum9zh3c1u","event":"Session","hasAccount":false}
2026-01-14T19:38:57.579Z - JWT Callback {"tokenSub":"cmk7e2c1r0001oqeum9zh3c1u","event":"Session","hasAccount":false}
2026-01-14T19:38:59.938Z - JWT Callback {"tokenSub":"cmk7e2c1r0001oqeum9zh3c1u","event":"Session","hasAccount":false}
2026-01-14T19:39:02.760Z - JWT Callback {"tokenSub":"cmk7e2c1r0001oqeum9zh3c1u","event":"Session","hasAccount":false}
2026-01-14T19:39:06.554Z - JWT Callback {"tokenSub":"cmk7e2c1r0001oqeum9zh3c1u","event":"Session","hasAccount":false}
2026-01-14T19:39:06.592Z - JWT Callback {"tokenSub":"cmk7e2c1r0001oqeum9zh3c1u","event":"Session","hasAccount":false}
2026-01-14T19:39:08.627Z - JWT Callback {"tokenSub":"cmk7e2c1r0001oqeum9zh3c1u","event":"Session","hasAccount":false}
2026-01-14T19:39:13.781Z - JWT Callback {"tokenSub":"cmk7e2c1r0001oqeum9zh3c1u","event":"Session","hasAccount":false}
2026-01-14T19:39:17.594Z - JWT Callback {"tokenSub":"cmk7e2c1r0001oqeum9zh3c1u","event":"Session","hasAccount":false}
2026-01-14T19:39:17.614Z - JWT Callback {"tokenSub":"cmk7e2c1r0001oqeum9zh3c1u","event":"Session","hasAccount":false}
2026-01-14T19:39:20.084Z - JWT Callback {"tokenSub":"cmk7e2c1r0001oqeum9zh3c1u","event":"Session","hasAccount":false}
2026-01-14T19:39:20.174Z - JWT Callback {"tokenSub":"cmk7e2c1r0001oqeum9zh3c1u","event":"Session","hasAccount":false}
2026-01-14T19:39:20.964Z - JWT Callback {"tokenSub":"cmk7e2c1r0001oqeum9zh3c1u","event":"Session","hasAccount":false}
2026-01-14T19:39:24.773Z - JWT Callback {"tokenSub":"cmk7e2c1r0001oqeum9zh3c1u","event":"Session","hasAccount":false}
2026-01-14T19:39:24.777Z - JWT Callback {"tokenSub":"cmk7e2c1r0001oqeum9zh3c1u","event":"Session","hasAccount":false}
2026-01-14T19:39:27.261Z - JWT Callback {"tokenSub":"cmk7e2c1r0001oqeum9zh3c1u","event":"Session","hasAccount":false}
2026-01-14T19:39:27.353Z - JWT Callback {"tokenSub":"cmk7e2c1r0001oqeum9zh3c1u","event":"Session","hasAccount":false}
2026-01-14T19:39:28.489Z - JWT Callback {"tokenSub":"cmk7e2c1r0001oqeum9zh3c1u","event":"Session","hasAccount":false}
2026-01-14T19:39:32.291Z - JWT Callback {"tokenSub":"cmk7e2c1r0001oqeum9zh3c1u","event":"Session","hasAccount":false}
2026-01-14T19:39:32.298Z - JWT Callback {"tokenSub":"cmk7e2c1r0001oqeum9zh3c1u","event":"Session","hasAccount":false}
2026-01-14T19:39:34.660Z - JWT Callback {"tokenSub":"cmk7e2c1r0001oqeum9zh3c1u","event":"Session","hasAccount":false}
2026-01-14T19:39:36.916Z - JWT Callback {"tokenSub":"cmk7e2c1r0001oqeum9zh3c1u","event":"Session","hasAccount":false}
2026-01-14T19:39:40.716Z - JWT Callback {"tokenSub":"cmk7e2c1r0001oqeum9zh3c1u","event":"Session","hasAccount":false}
2026-01-14T19:39:40.721Z - JWT Callback {"tokenSub":"cmk7e2c1r0001oqeum9zh3c1u","event":"Session","hasAccount":false}
2026-01-14T19:39:43.052Z - JWT Callback {"tokenSub":"cmk7e2c1r0001oqeum9zh3c1u","event":"Session","hasAccount":false}
2026-01-14T19:39:43.119Z - JWT Callback {"tokenSub":"cmk7e2c1r0001oqeum9zh3c1u","event":"Session","hasAccount":false}
2026-01-14T19:41:18.915Z - JWT Callback {"tokenSub":"cmk7e2c1r0001oqeum9zh3c1u","event":"Session","hasAccount":false}
2026-01-14T19:41:22.741Z - JWT Callback {"tokenSub":"cmk7e2c1r0001oqeum9zh3c1u","event":"Session","hasAccount":false}
2026-01-14T19:41:22.749Z - JWT Callback {"tokenSub":"cmk7e2c1r0001oqeum9zh3c1u","event":"Session","hasAccount":false}
2026-01-14T19:41:25.163Z - JWT Callback {"tokenSub":"cmk7e2c1r0001oqeum9zh3c1u","event":"Session","hasAccount":false}
2026-01-14T19:44:35.390Z - JWT Callback {"tokenSub":"cmk7e2c1r0001oqeum9zh3c1u","event":"Session","hasAccount":false}
2026-01-14T19:45:36.953Z - JWT Callback {"tokenSub":"cmk7e2c1r0001oqeum9zh3c1u","event":"Session","hasAccount":false}
2026-01-14T19:49:32.356Z - JWT Callback {"tokenSub":"cmk7e2c1r0001oqeum9zh3c1u","event":"Session","hasAccount":false}
2026-01-14T19:49:34.649Z - JWT Callback {"tokenSub":"cmk7e2c1r0001oqeum9zh3c1u","event":"Session","hasAccount":false}
2026-01-14T19:49:35.179Z - JWT Callback {"tokenSub":"cmk7e2c1r0001oqeum9zh3c1u","event":"Session","hasAccount":false}
2026-01-14T19:49:35.209Z - JWT Callback {"tokenSub":"cmk7e2c1r0001oqeum9zh3c1u","event":"Session","hasAccount":false}
2026-01-14T19:49:43.755Z - JWT Callback {"tokenSub":"cmk7e2c1r0001oqeum9zh3c1u","event":"Session","hasAccount":false}
2026-01-14T19:49:45.351Z - JWT Callback {"tokenSub":"cmk7e2c1r0001oqeum9zh3c1u","event":"Session","hasAccount":false}
2026-01-14T19:49:45.430Z - JWT Callback {"tokenSub":"cmk7e2c1r0001oqeum9zh3c1u","event":"Session","hasAccount":false}
2026-01-14T19:50:18.388Z - JWT Callback {"tokenSub":"cmk7e2c1r0001oqeum9zh3c1u","event":"Session","hasAccount":false}
2026-01-14T19:50:18.451Z - JWT Callback {"tokenSub":"cmk7e2c1r0001oqeum9zh3c1u","event":"Session","hasAccount":false}
2026-01-14T19:50:22.762Z - JWT Callback {"tokenSub":"cmk7e2c1r0001oqeum9zh3c1u","event":"Session","hasAccount":false}
2026-01-14T19:50:29.733Z - JWT Callback {"tokenSub":"cmk7e2c1r0001oqeum9zh3c1u","event":"Session","hasAccount":false}
2026-01-14T19:50:29.742Z - JWT Callback {"tokenSub":"cmk7e2c1r0001oqeum9zh3c1u","event":"Session","hasAccount":false}
2026-01-14T19:50:33.645Z - JWT Callback {"tokenSub":"cmk7e2c1r0001oqeum9zh3c1u","event":"Session","hasAccount":false}
2026-01-14T19:50:33.720Z - JWT Callback {"tokenSub":"cmk7e2c1r0001oqeum9zh3c1u","event":"Session","hasAccount":false}
2026-01-14T19:50:37.622Z - JWT Callback {"tokenSub":"cmk7e2c1r0001oqeum9zh3c1u","event":"Session","hasAccount":false}
2026-01-14T19:50:41.439Z - JWT Callback {"tokenSub":"cmk7e2c1r0001oqeum9zh3c1u","event":"Session","hasAccount":false}
2026-01-14T19:50:41.448Z - JWT Callback {"tokenSub":"cmk7e2c1r0001oqeum9zh3c1u","event":"Session","hasAccount":false}
2026-01-14T19:50:45.362Z - JWT Callback {"tokenSub":"cmk7e2c1r0001oqeum9zh3c1u","event":"Session","hasAccount":false}
2026-01-14T19:50:49.584Z - JWT Callback {"tokenSub":"cmk7e2c1r0001oqeum9zh3c1u","event":"Session","hasAccount":false}
2026-01-14T19:50:53.377Z - JWT Callback {"tokenSub":"cmk7e2c1r0001oqeum9zh3c1u","event":"Session","hasAccount":false}
2026-01-14T19:50:53.410Z - JWT Callback {"tokenSub":"cmk7e2c1r0001oqeum9zh3c1u","event":"Session","hasAccount":false}
2026-01-14T19:50:57.268Z - JWT Callback {"tokenSub":"cmk7e2c1r0001oqeum9zh3c1u","event":"Session","hasAccount":false}
2026-01-14T19:50:58.937Z - JWT Callback {"tokenSub":"cmk7e2c1r0001oqeum9zh3c1u","event":"Session","hasAccount":false}
2026-01-14T19:51:02.735Z - JWT Callback {"tokenSub":"cmk7e2c1r0001oqeum9zh3c1u","event":"Session","hasAccount":false}
2026-01-14T19:51:02.740Z - JWT Callback {"tokenSub":"cmk7e2c1r0001oqeum9zh3c1u","event":"Session","hasAccount":false}
2026-01-14T19:51:06.735Z - JWT Callback {"tokenSub":"cmk7e2c1r0001oqeum9zh3c1u","event":"Session","hasAccount":false}
2026-01-14T19:51:06.793Z - JWT Callback {"tokenSub":"cmk7e2c1r0001oqeum9zh3c1u","event":"Session","hasAccount":false}
2026-01-14T19:51:09.031Z - JWT Callback {"tokenSub":"cmk7e2c1r0001oqeum9zh3c1u","event":"Session","hasAccount":false}
2026-01-14T19:51:13.093Z - JWT Callback {"tokenSub":"cmk7e2c1r0001oqeum9zh3c1u","event":"Session","hasAccount":false}
2026-01-14T19:51:13.110Z - JWT Callback {"tokenSub":"cmk7e2c1r0001oqeum9zh3c1u","event":"Session","hasAccount":false}
2026-01-14T19:51:16.708Z - JWT Callback {"tokenSub":"cmk7e2c1r0001oqeum9zh3c1u","event":"Session","hasAccount":false}
2026-01-14T19:51:18.108Z - JWT Callback {"tokenSub":"cmk7e2c1r0001oqeum9zh3c1u","event":"Session","hasAccount":false}
2026-01-14T19:51:21.952Z - JWT Callback {"tokenSub":"cmk7e2c1r0001oqeum9zh3c1u","event":"Session","hasAccount":false}
2026-01-14T19:51:21.961Z - JWT Callback {"tokenSub":"cmk7e2c1r0001oqeum9zh3c1u","event":"Session","hasAccount":false}
2026-01-14T19:51:25.883Z - JWT Callback {"tokenSub":"cmk7e2c1r0001oqeum9zh3c1u","event":"Session","hasAccount":false}
2026-01-14T19:51:31.792Z - JWT Callback {"tokenSub":"cmk7e2c1r0001oqeum9zh3c1u","event":"Session","hasAccount":false}
2026-01-14T19:51:35.617Z - JWT Callback {"tokenSub":"cmk7e2c1r0001oqeum9zh3c1u","event":"Session","hasAccount":false}
2026-01-14T19:51:35.627Z - JWT Callback {"tokenSub":"cmk7e2c1r0001oqeum9zh3c1u","event":"Session","hasAccount":false}
2026-01-14T19:51:39.614Z - JWT Callback {"tokenSub":"cmk7e2c1r0001oqeum9zh3c1u","event":"Session","hasAccount":false}
2026-01-14T19:53:07.649Z - JWT Callback {"tokenSub":"cmk7e2c1r0001oqeum9zh3c1u","event":"Session","hasAccount":false}
2026-01-14T19:53:16.681Z - JWT Callback {"tokenSub":"cmk7e2c1r0001oqeum9zh3c1u","event":"Session","hasAccount":false}
2026-01-14T19:53:18.276Z - JWT Callback {"tokenSub":"cmk7e2c1r0001oqeum9zh3c1u","event":"Session","hasAccount":false}
2026-01-14T19:53:18.354Z - JWT Callback {"tokenSub":"cmk7e2c1r0001oqeum9zh3c1u","event":"Session","hasAccount":false}
2026-01-14T19:53:45.520Z - JWT Callback {"tokenSub":"cmk7e2c1r0001oqeum9zh3c1u","event":"Session","hasAccount":false}
2026-01-14T19:53:45.595Z - JWT Callback {"tokenSub":"cmk7e2c1r0001oqeum9zh3c1u","event":"Session","hasAccount":false}
2026-01-14T19:53:49.498Z - JWT Callback {"tokenSub":"cmk7e2c1r0001oqeum9zh3c1u","event":"Session","hasAccount":false}
2026-01-14T19:53:56.311Z - JWT Callback {"tokenSub":"cmk7e2c1r0001oqeum9zh3c1u","event":"Session","hasAccount":false}
2026-01-14T19:53:56.366Z - JWT Callback {"tokenSub":"cmk7e2c1r0001oqeum9zh3c1u","event":"Session","hasAccount":false}
2026-01-14T19:54:00.129Z - JWT Callback {"tokenSub":"cmk7e2c1r0001oqeum9zh3c1u","event":"Session","hasAccount":false}
2026-01-14T19:59:17.113Z - JWT Callback {"tokenSub":"cmk7e2c1r0001oqeum9zh3c1u","event":"Session","hasAccount":false}
2026-01-14T19:59:20.048Z - JWT Callback {"tokenSub":"cmk7e2c1r0001oqeum9zh3c1u","event":"Session","hasAccount":false}
2026-01-14T19:59:20.540Z - JWT Callback {"tokenSub":"cmk7e2c1r0001oqeum9zh3c1u","event":"Session","hasAccount":false}
2026-01-14T19:59:20.571Z - JWT Callback {"tokenSub":"cmk7e2c1r0001oqeum9zh3c1u","event":"Session","hasAccount":false}
2026-01-14T19:59:22.731Z - JWT Callback {"tokenSub":"cmk7e2c1r0001oqeum9zh3c1u","event":"Session","hasAccount":false}
2026-01-14T19:59:29.448Z - JWT Callback {"tokenSub":"cmk7e2c1r0001oqeum9zh3c1u","event":"Session","hasAccount":false}
2026-01-14T19:59:32.560Z - JWT Callback {"tokenSub":"cmk7e2c1r0001oqeum9zh3c1u","event":"Session","hasAccount":false}
2026-01-14T20:05:34.783Z - JWT Callback {"tokenSub":"cmk7e2c1r0001oqeum9zh3c1u","event":"Session","hasAccount":false}
2026-01-14T20:06:06.317Z - JWT Callback {"tokenSub":"cmk7e2c1r0001oqeum9zh3c1u","event":"Session","hasAccount":false}
2026-01-14T20:06:51.732Z - JWT Callback {"tokenSub":"cmk7e2c1r0001oqeum9zh3c1u","event":"Session","hasAccount":false}
2026-01-14T20:06:51.811Z - JWT Callback {"tokenSub":"cmk7e2c1r0001oqeum9zh3c1u","event":"Session","hasAccount":false}
2026-01-14T20:06:58.690Z - JWT Callback {"tokenSub":"cmk7e2c1r0001oqeum9zh3c1u","event":"Session","hasAccount":false}
2026-01-14T20:07:08.622Z - JWT Callback {"tokenSub":"cmk7e2c1r0001oqeum9zh3c1u","event":"Session","hasAccount":false}
2026-01-14T20:07:12.154Z - JWT Callback {"tokenSub":"cmk7e2c1r0001oqeum9zh3c1u","event":"Session","hasAccount":false}
2026-01-14T20:08:03.964Z - JWT Callback {"tokenSub":"cmk7e2c1r0001oqeum9zh3c1u","event":"Session","hasAccount":false}
2026-01-14T20:08:07.775Z - JWT Callback {"tokenSub":"cmk7e2c1r0001oqeum9zh3c1u","event":"Session","hasAccount":false}
2026-01-14T20:08:11.443Z - JWT Callback {"tokenSub":"cmk7e2c1r0001oqeum9zh3c1u","event":"Session","hasAccount":false}
2026-01-14T20:11:16.871Z - JWT Callback {"tokenSub":"cmk7e2c1r0001oqeum9zh3c1u","event":"Session","hasAccount":false}
2026-01-14T20:16:45.410Z - JWT Callback {"tokenSub":"cmk7e2c1r0001oqeum9zh3c1u","event":"Session","hasAccount":false}
2026-01-14T20:16:49.390Z - JWT Callback {"tokenSub":"cmk7e2c1r0001oqeum9zh3c1u","event":"Session","hasAccount":false}
2026-01-14T20:16:49.867Z - JWT Callback {"tokenSub":"cmk7e2c1r0001oqeum9zh3c1u","event":"Session","hasAccount":false}
2026-01-14T20:16:49.905Z - JWT Callback {"tokenSub":"cmk7e2c1r0001oqeum9zh3c1u","event":"Session","hasAccount":false}
2026-01-14T20:16:55.379Z - JWT Callback {"tokenSub":"cmk7e2c1r0001oqeum9zh3c1u","event":"Session","hasAccount":false}
2026-01-14T20:17:02.450Z - JWT Callback {"tokenSub":"cmk7e2c1r0001oqeum9zh3c1u","event":"Session","hasAccount":false}
2026-01-14T20:17:06.960Z - JWT Callback {"tokenSub":"cmk7e2c1r0001oqeum9zh3c1u","event":"Session","hasAccount":false}
2026-01-14T20:22:41.789Z - JWT Callback {"tokenSub":"cmk7e2c1r0001oqeum9zh3c1u","event":"Session","hasAccount":false}
2026-01-14T20:24:13.939Z - JWT Callback {"tokenSub":"cmk7e2c1r0001oqeum9zh3c1u","event":"Session","hasAccount":false}
2026-01-14T20:25:02.267Z - JWT Callback {"tokenSub":"cmk7e2c1r0001oqeum9zh3c1u","event":"Session","hasAccount":false}
2026-01-14T20:25:02.318Z - JWT Callback {"tokenSub":"cmk7e2c1r0001oqeum9zh3c1u","event":"Session","hasAccount":false}
2026-01-14T20:25:05.244Z - JWT Callback {"tokenSub":"cmk7e2c1r0001oqeum9zh3c1u","event":"Session","hasAccount":false}
2026-01-14T20:25:13.332Z - JWT Callback {"tokenSub":"cmk7e2c1r0001oqeum9zh3c1u","event":"Session","hasAccount":false}
2026-01-14T20:25:16.667Z - JWT Callback {"tokenSub":"cmk7e2c1r0001oqeum9zh3c1u","event":"Session","hasAccount":false}
2026-01-14T20:25:32.437Z - JWT Callback {"tokenSub":"cmk7e2c1r0001oqeum9zh3c1u","event":"Session","hasAccount":false}
2026-01-14T20:38:10.522Z - JWT Callback {"tokenSub":"cmk7e2c1r0001oqeum9zh3c1u","event":"Session","hasAccount":false}
2026-01-14T20:38:15.407Z - JWT Callback {"tokenSub":"cmk7e2c1r0001oqeum9zh3c1u","event":"Session","hasAccount":false}
2026-01-14T20:38:23.487Z - JWT Callback {"tokenSub":"cmk7e2c1r0001oqeum9zh3c1u","event":"Session","hasAccount":false}
2026-01-14T20:38:26.998Z - JWT Callback {"tokenSub":"cmk7e2c1r0001oqeum9zh3c1u","event":"Session","hasAccount":false}
2026-01-14T20:40:15.992Z - JWT Callback {"tokenSub":"cmk7e2c1r0001oqeum9zh3c1u","event":"Session","hasAccount":false}
2026-01-14T20:40:25.571Z - JWT Callback {"tokenSub":"cmk7e2c1r0001oqeum9zh3c1u","event":"Session","hasAccount":false}
2026-01-14T20:40:26.064Z - JWT Callback {"tokenSub":"cmk7e2c1r0001oqeum9zh3c1u","event":"Session","hasAccount":false}
2026-01-14T20:40:26.082Z - JWT Callback {"tokenSub":"cmk7e2c1r0001oqeum9zh3c1u","event":"Session","hasAccount":false}
2026-01-14T20:40:28.785Z - JWT Callback {"tokenSub":"cmk7e2c1r0001oqeum9zh3c1u","event":"Session","hasAccount":false}
2026-01-14T20:40:28.874Z - JWT Callback {"tokenSub":"cmk7e2c1r0001oqeum9zh3c1u","event":"Session","hasAccount":false}
2026-01-14T20:40:33.634Z - JWT Callback {"tokenSub":"cmk7e2c1r0001oqeum9zh3c1u","event":"Session","hasAccount":false}
2026-01-14T20:40:34.023Z - JWT Callback {"tokenSub":"cmk7e2c1r0001oqeum9zh3c1u","event":"Session","hasAccount":false}
2026-01-14T20:40:34.084Z - JWT Callback {"tokenSub":"cmk7e2c1r0001oqeum9zh3c1u","event":"Session","hasAccount":false}
2026-01-14T20:40:40.265Z - JWT Callback {"tokenSub":"cmk7e2c1r0001oqeum9zh3c1u","event":"Session","hasAccount":false}
2026-01-14T20:40:40.334Z - JWT Callback {"tokenSub":"cmk7e2c1r0001oqeum9zh3c1u","event":"Session","hasAccount":false}
2026-01-14T20:41:30.464Z - JWT Callback {"tokenSub":"cmk7e2c1r0001oqeum9zh3c1u","event":"Session","hasAccount":false}
2026-01-14T20:41:30.526Z - JWT Callback {"tokenSub":"cmk7e2c1r0001oqeum9zh3c1u","event":"Session","hasAccount":false}
2026-01-14T20:42:54.292Z - JWT Callback {"tokenSub":"cmk7e2c1r0001oqeum9zh3c1u","event":"Session","hasAccount":false}
2026-01-14T20:42:57.106Z - JWT Callback {"tokenSub":"cmk7e2c1r0001oqeum9zh3c1u","event":"Session","hasAccount":false}
2026-01-14T20:42:57.705Z - JWT Callback {"tokenSub":"cmk7e2c1r0001oqeum9zh3c1u","event":"Session","hasAccount":false}
2026-01-14T20:42:57.773Z - JWT Callback {"tokenSub":"cmk7e2c1r0001oqeum9zh3c1u","event":"Session","hasAccount":false}
2026-01-14T20:44:03.132Z - JWT Callback {"tokenSub":"cmk7e2c1r0001oqeum9zh3c1u","event":"Session","hasAccount":false}
2026-01-14T20:44:03.210Z - JWT Callback {"tokenSub":"cmk7e2c1r0001oqeum9zh3c1u","event":"Session","hasAccount":false}
2026-01-14T20:44:07.066Z - JWT Callback {"tokenSub":"cmk7e2c1r0001oqeum9zh3c1u","event":"Session","hasAccount":false}
2026-01-14T20:44:10.897Z - JWT Callback {"tokenSub":"cmk7e2c1r0001oqeum9zh3c1u","event":"Session","hasAccount":false}
2026-01-14T20:44:17.851Z - JWT Callback {"tokenSub":"cmk7e2c1r0001oqeum9zh3c1u","event":"Session","hasAccount":false}
2026-01-14T20:44:24.783Z - JWT Callback {"tokenSub":"cmk7e2c1r0001oqeum9zh3c1u","event":"Session","hasAccount":false}
2026-01-14T20:44:31.692Z - JWT Callback {"tokenSub":"cmk7e2c1r0001oqeum9zh3c1u","event":"Session","hasAccount":false}
2026-01-14T20:44:39.475Z - JWT Callback {"tokenSub":"cmk7e2c1r0001oqeum9zh3c1u","event":"Session","hasAccount":false}
2026-01-14T20:44:45.530Z - JWT Callback {"tokenSub":"cmk7e2c1r0001oqeum9zh3c1u","event":"Session","hasAccount":false}
2026-01-14T20:44:51.609Z - JWT Callback {"tokenSub":"cmk7e2c1r0001oqeum9zh3c1u","event":"Session","hasAccount":false}
2026-01-14T20:44:58.533Z - JWT Callback {"tokenSub":"cmk7e2c1r0001oqeum9zh3c1u","event":"Session","hasAccount":false}
2026-01-14T20:45:06.203Z - JWT Callback {"tokenSub":"cmk7e2c1r0001oqeum9zh3c1u","event":"Session","hasAccount":false}
2026-01-14T20:45:13.132Z - JWT Callback {"tokenSub":"cmk7e2c1r0001oqeum9zh3c1u","event":"Session","hasAccount":false}
2026-01-14T20:45:20.996Z - JWT Callback {"tokenSub":"cmk7e2c1r0001oqeum9zh3c1u","event":"Session","hasAccount":false}
2026-01-14T20:45:27.142Z - JWT Callback {"tokenSub":"cmk7e2c1r0001oqeum9zh3c1u","event":"Session","hasAccount":false}
2026-01-14T20:45:37.654Z - JWT Callback {"tokenSub":"cmk7e2c1r0001oqeum9zh3c1u","event":"Session","hasAccount":false}
2026-01-14T20:45:45.460Z - JWT Callback {"tokenSub":"cmk7e2c1r0001oqeum9zh3c1u","event":"Session","hasAccount":false}
2026-01-14T20:45:52.889Z - JWT Callback {"tokenSub":"cmk7e2c1r0001oqeum9zh3c1u","event":"Session","hasAccount":false}
2026-01-14T20:46:00.768Z - JWT Callback {"tokenSub":"cmk7e2c1r0001oqeum9zh3c1u","event":"Session","hasAccount":false}
2026-01-14T20:46:07.184Z - JWT Callback {"tokenSub":"cmk7e2c1r0001oqeum9zh3c1u","event":"Session","hasAccount":false}
2026-01-14T20:46:14.968Z - JWT Callback {"tokenSub":"cmk7e2c1r0001oqeum9zh3c1u","event":"Session","hasAccount":false}
2026-01-14T20:46:21.359Z - JWT Callback {"tokenSub":"cmk7e2c1r0001oqeum9zh3c1u","event":"Session","hasAccount":false}
2026-01-14T20:46:28.652Z - JWT Callback {"tokenSub":"cmk7e2c1r0001oqeum9zh3c1u","event":"Session","hasAccount":false}
2026-01-14T20:46:33.215Z - JWT Callback {"tokenSub":"cmk7e2c1r0001oqeum9zh3c1u","event":"Session","hasAccount":false}
2026-01-14T20:46:44.405Z - JWT Callback {"tokenSub":"cmk7e2c1r0001oqeum9zh3c1u","event":"Session","hasAccount":false}
2026-01-14T20:46:52.759Z - JWT Callback {"tokenSub":"cmk7e2c1r0001oqeum9zh3c1u","event":"Session","hasAccount":false}
2026-01-14T20:46:52.826Z - JWT Callback {"tokenSub":"cmk7e2c1r0001oqeum9zh3c1u","event":"Session","hasAccount":false}
2026-01-14T20:48:11.296Z - JWT Callback {"tokenSub":"cmk7e2c1r0001oqeum9zh3c1u","event":"Session","hasAccount":false}
2026-01-14T20:49:56.894Z - JWT Callback {"tokenSub":"cmk7e2c1r0001oqeum9zh3c1u","event":"Session","hasAccount":false}
2026-01-14T20:50:36.111Z - JWT Callback {"tokenSub":"cmk7e2c1r0001oqeum9zh3c1u","event":"Session","hasAccount":false}
2026-01-14T20:50:39.510Z - JWT Callback {"tokenSub":"cmk7e2c1r0001oqeum9zh3c1u","event":"Session","hasAccount":false}
2026-01-14T20:50:40.272Z - JWT Callback {"tokenSub":"cmk7e2c1r0001oqeum9zh3c1u","event":"Session","hasAccount":false}
2026-01-14T20:50:40.281Z - JWT Callback {"tokenSub":"cmk7e2c1r0001oqeum9zh3c1u","event":"Session","hasAccount":false}
2026-01-14T20:53:20.989Z - JWT Callback {"tokenSub":"cmk7e2c1r0001oqeum9zh3c1u","event":"Session","hasAccount":false}
2026-01-14T20:53:24.021Z - JWT Callback {"tokenSub":"cmk7e2c1r0001oqeum9zh3c1u","event":"Session","hasAccount":false}
2026-01-14T20:53:24.390Z - JWT Callback {"tokenSub":"cmk7e2c1r0001oqeum9zh3c1u","event":"Session","hasAccount":false}
2026-01-14T20:53:24.444Z - JWT Callback {"tokenSub":"cmk7e2c1r0001oqeum9zh3c1u","event":"Session","hasAccount":false}
2026-01-14T20:53:26.750Z - JWT Callback {"tokenSub":"cmk7e2c1r0001oqeum9zh3c1u","event":"Session","hasAccount":false}
2026-01-14T20:53:27.055Z - JWT Callback {"tokenSub":"cmk7e2c1r0001oqeum9zh3c1u","event":"Session","hasAccount":false}
2026-01-14T20:53:27.103Z - JWT Callback {"tokenSub":"cmk7e2c1r0001oqeum9zh3c1u","event":"Session","hasAccount":false}
2026-01-14T20:53:28.367Z - JWT Callback {"tokenSub":"cmk7e2c1r0001oqeum9zh3c1u","event":"Session","hasAccount":false}
2026-01-14T20:53:28.696Z - JWT Callback {"tokenSub":"cmk7e2c1r0001oqeum9zh3c1u","event":"Session","hasAccount":false}
2026-01-14T20:53:28.751Z - JWT Callback {"tokenSub":"cmk7e2c1r0001oqeum9zh3c1u","event":"Session","hasAccount":false}
2026-01-14T20:53:29.850Z - JWT Callback {"tokenSub":"cmk7e2c1r0001oqeum9zh3c1u","event":"Session","hasAccount":false}
2026-01-14T20:53:30.506Z - JWT Callback {"tokenSub":"cmk7e2c1r0001oqeum9zh3c1u","event":"Session","hasAccount":false}
2026-01-14T20:53:30.512Z - JWT Callback {"tokenSub":"cmk7e2c1r0001oqeum9zh3c1u","event":"Session","hasAccount":false}
2026-01-14T20:55:26.712Z - JWT Callback {"tokenSub":"cmk7e2c1r0001oqeum9zh3c1u","event":"Session","hasAccount":false}
2026-01-14T20:55:27.455Z - JWT Callback {"tokenSub":"cmk7e2c1r0001oqeum9zh3c1u","event":"Session","hasAccount":false}
2026-01-14T20:55:27.476Z - JWT Callback {"tokenSub":"cmk7e2c1r0001oqeum9zh3c1u","event":"Session","hasAccount":false}
2026-01-14T20:55:32.740Z - JWT Callback {"tokenSub":"cmk7e2c1r0001oqeum9zh3c1u","event":"Session","hasAccount":false}
2026-01-14T20:55:33.129Z - JWT Callback {"tokenSub":"cmk7e2c1r0001oqeum9zh3c1u","event":"Session","hasAccount":false}
2026-01-14T20:55:33.143Z - JWT Callback {"tokenSub":"cmk7e2c1r0001oqeum9zh3c1u","event":"Session","hasAccount":false}
2026-01-14T20:55:34.509Z - JWT Callback {"tokenSub":"cmk7e2c1r0001oqeum9zh3c1u","event":"Session","hasAccount":false}
2026-01-14T20:55:34.893Z - JWT Callback {"tokenSub":"cmk7e2c1r0001oqeum9zh3c1u","event":"Session","hasAccount":false}
2026-01-14T20:55:34.947Z - JWT Callback {"tokenSub":"cmk7e2c1r0001oqeum9zh3c1u","event":"Session","hasAccount":false}
2026-01-14T20:55:35.866Z - JWT Callback {"tokenSub":"cmk7e2c1r0001oqeum9zh3c1u","event":"Session","hasAccount":false}
2026-01-14T20:55:36.287Z - JWT Callback {"tokenSub":"cmk7e2c1r0001oqeum9zh3c1u","event":"Session","hasAccount":false}
2026-01-14T20:55:36.302Z - JWT Callback {"tokenSub":"cmk7e2c1r0001oqeum9zh3c1u","event":"Session","hasAccount":false}
2026-01-14T20:55:48.181Z - JWT Callback {"tokenSub":"cmk7e2c1r0001oqeum9zh3c1u","event":"Session","hasAccount":false}
2026-01-14T20:59:09.696Z - JWT Callback {"tokenSub":"cmk7e2c1r0001oqeum9zh3c1u","event":"Session","hasAccount":false}
2026-01-14T20:59:11.848Z - JWT Callback {"tokenSub":"cmk7e2c1r0001oqeum9zh3c1u","event":"Session","hasAccount":false}
2026-01-14T20:59:12.356Z - JWT Callback {"tokenSub":"cmk7e2c1r0001oqeum9zh3c1u","event":"Session","hasAccount":false}
2026-01-14T20:59:12.651Z - JWT Callback {"tokenSub":"cmk7e2c1r0001oqeum9zh3c1u","event":"Session","hasAccount":false}
2026-01-14T21:03:00.032Z - JWT Callback {"tokenSub":"cmk7e2c1r0001oqeum9zh3c1u","event":"Session","hasAccount":false}
2026-01-14T21:03:02.952Z - JWT Callback {"tokenSub":"cmk7e2c1r0001oqeum9zh3c1u","event":"Session","hasAccount":false}
2026-01-14T21:03:03.416Z - JWT Callback {"tokenSub":"cmk7e2c1r0001oqeum9zh3c1u","event":"Session","hasAccount":false}
2026-01-14T21:03:03.752Z - JWT Callback {"tokenSub":"cmk7e2c1r0001oqeum9zh3c1u","event":"Session","hasAccount":false}
2026-01-14T21:06:15.565Z - JWT Callback {"tokenSub":"cmk7e2c1r0001oqeum9zh3c1u","event":"Session","hasAccount":false}
2026-01-14T21:06:18.158Z - JWT Callback {"tokenSub":"cmk7e2c1r0001oqeum9zh3c1u","event":"Session","hasAccount":false}
2026-01-14T21:06:18.724Z - JWT Callback {"tokenSub":"cmk7e2c1r0001oqeum9zh3c1u","event":"Session","hasAccount":false}
2026-01-14T21:06:18.730Z - JWT Callback {"tokenSub":"cmk7e2c1r0001oqeum9zh3c1u","event":"Session","hasAccount":false}
2026-01-14T21:08:12.546Z - JWT Callback {"tokenSub":"cmk7e2c1r0001oqeum9zh3c1u","event":"Session","hasAccount":false}
2026-01-14T21:09:37.655Z - JWT Callback {"tokenSub":"cmk7e2c1r0001oqeum9zh3c1u","event":"Session","hasAccount":false}
2026-01-14T21:09:42.447Z - JWT Callback {"tokenSub":"cmk7e2c1r0001oqeum9zh3c1u","event":"Session","hasAccount":false}
2026-01-14T21:09:42.869Z - JWT Callback {"tokenSub":"cmk7e2c1r0001oqeum9zh3c1u","event":"Session","hasAccount":false}
2026-01-14T21:09:42.930Z - JWT Callback {"tokenSub":"cmk7e2c1r0001oqeum9zh3c1u","event":"Session","hasAccount":false}
2026-01-14T21:12:12.128Z - JWT Callback {"tokenSub":"cmk7e2c1r0001oqeum9zh3c1u","event":"Session","hasAccount":false}
2026-01-14T21:14:07.228Z - JWT Callback {"tokenSub":"cmk7e2c1r0001oqeum9zh3c1u","event":"Session","hasAccount":false}
2026-01-14T21:14:09.323Z - JWT Callback {"tokenSub":"cmk7e2c1r0001oqeum9zh3c1u","event":"Session","hasAccount":false}
2026-01-14T21:15:00.053Z - JWT Callback {"tokenSub":"cmk7e2c1r0001oqeum9zh3c1u","event":"Session","hasAccount":false}
2026-01-14T21:15:00.059Z - JWT Callback {"tokenSub":"cmk7e2c1r0001oqeum9zh3c1u","event":"Session","hasAccount":false}
2026-01-14T21:15:00.613Z - JWT Callback {"tokenSub":"cmk7e2c1r0001oqeum9zh3c1u","event":"Session","hasAccount":false}
2026-01-14T21:15:03.417Z - JWT Callback {"tokenSub":"cmk7e2c1r0001oqeum9zh3c1u","event":"Session","hasAccount":false}
2026-01-14T21:15:03.428Z - JWT Callback {"tokenSub":"cmk7e2c1r0001oqeum9zh3c1u","event":"Session","hasAccount":false}
2026-01-14T21:15:03.910Z - JWT Callback {"tokenSub":"cmk7e2c1r0001oqeum9zh3c1u","event":"Session","hasAccount":false}
2026-01-14T21:15:32.685Z - JWT Callback {"tokenSub":"cmk7e2c1r0001oqeum9zh3c1u","event":"Session","hasAccount":false}
2026-01-14T21:15:32.687Z - JWT Callback {"tokenSub":"cmk7e2c1r0001oqeum9zh3c1u","event":"Session","hasAccount":false}
2026-01-14T21:15:33.315Z - JWT Callback {"tokenSub":"cmk7e2c1r0001oqeum9zh3c1u","event":"Session","hasAccount":false}
2026-01-14T21:15:50.491Z - JWT Callback {"tokenSub":"cmk7e2c1r0001oqeum9zh3c1u","event":"Session","hasAccount":false}
2026-01-14T21:15:50.496Z - JWT Callback {"tokenSub":"cmk7e2c1r0001oqeum9zh3c1u","event":"Session","hasAccount":false}
2026-01-14T21:15:50.797Z - JWT Callback {"tokenSub":"cmk7e2c1r0001oqeum9zh3c1u","event":"Session","hasAccount":false}
2026-01-14T21:16:01.971Z - JWT Callback {"tokenSub":"cmk7e2c1r0001oqeum9zh3c1u","event":"Session","hasAccount":false}
2026-01-14T21:16:01.978Z - JWT Callback {"tokenSub":"cmk7e2c1r0001oqeum9zh3c1u","event":"Session","hasAccount":false}
2026-01-14T21:16:02.423Z - JWT Callback {"tokenSub":"cmk7e2c1r0001oqeum9zh3c1u","event":"Session","hasAccount":false}
2026-01-14T21:16:57.003Z - JWT Callback {"tokenSub":"cmk7e2c1r0001oqeum9zh3c1u","event":"Session","hasAccount":false}
2026-01-14T21:16:57.005Z - JWT Callback {"tokenSub":"cmk7e2c1r0001oqeum9zh3c1u","event":"Session","hasAccount":false}
2026-01-14T21:16:57.709Z - JWT Callback {"tokenSub":"cmk7e2c1r0001oqeum9zh3c1u","event":"Session","hasAccount":false}
2026-01-14T21:17:48.073Z - JWT Callback {"tokenSub":"cmk7e2c1r0001oqeum9zh3c1u","event":"Session","hasAccount":false}
2026-01-14T21:18:01.932Z - JWT Callback {"tokenSub":"cmk7e2c1r0001oqeum9zh3c1u","event":"Session","hasAccount":false}
2026-01-14T21:18:02.004Z - JWT Callback {"tokenSub":"cmk7e2c1r0001oqeum9zh3c1u","event":"Session","hasAccount":false}
2026-01-15T08:12:38.988Z - JWT Callback {"tokenSub":"cmk7e2c1r0001oqeum9zh3c1u","event":"Session","hasAccount":false}
2026-01-15T08:13:05.598Z - JWT Callback {"tokenSub":"cmk7e2c1r0001oqeum9zh3c1u","event":"Session","hasAccount":false}
2026-01-15T08:13:07.186Z - JWT Callback {"tokenSub":"cmk7e2c1r0001oqeum9zh3c1u","event":"Session","hasAccount":false}
2026-01-15T08:13:08.779Z - JWT Callback {"tokenSub":"cmk7e2c1r0001oqeum9zh3c1u","event":"Session","hasAccount":false}
2026-01-15T08:13:09.806Z - JWT Callback {"tokenSub":"cmk7e2c1r0001oqeum9zh3c1u","event":"Session","hasAccount":false}
2026-01-15T08:13:28.161Z - JWT Callback {"tokenSub":"cmk7e2c1r0001oqeum9zh3c1u","event":"Session","hasAccount":false}
2026-01-15T08:13:28.733Z - JWT Callback {"tokenSub":"cmk7e2c1r0001oqeum9zh3c1u","event":"Session","hasAccount":false}
2026-01-15T08:13:28.746Z - JWT Callback {"tokenSub":"cmk7e2c1r0001oqeum9zh3c1u","event":"Session","hasAccount":false}
2026-01-15T08:17:53.235Z - JWT Callback {"tokenSub":"cmk7e2c1r0001oqeum9zh3c1u","event":"Session","hasAccount":false}
2026-01-15T08:17:55.755Z - JWT Callback {"tokenSub":"cmk7e2c1r0001oqeum9zh3c1u","event":"Session","hasAccount":false}
2026-01-15T08:17:56.571Z - JWT Callback {"tokenSub":"cmk7e2c1r0001oqeum9zh3c1u","event":"Session","hasAccount":false}
2026-01-15T08:17:56.605Z - JWT Callback {"tokenSub":"cmk7e2c1r0001oqeum9zh3c1u","event":"Session","hasAccount":false}
2026-01-15T08:24:01.544Z - JWT Callback {"tokenSub":"cmk7e2c1r0001oqeum9zh3c1u","event":"Session","hasAccount":false}
2026-01-15T08:24:11.030Z - JWT Callback {"tokenSub":"cmk7e2c1r0001oqeum9zh3c1u","event":"Session","hasAccount":false}
2026-01-15T08:24:11.601Z - JWT Callback {"tokenSub":"cmk7e2c1r0001oqeum9zh3c1u","event":"Session","hasAccount":false}
2026-01-15T08:24:11.607Z - JWT Callback {"tokenSub":"cmk7e2c1r0001oqeum9zh3c1u","event":"Session","hasAccount":false}
2026-01-15T08:24:44.427Z - JWT Callback {"tokenSub":"cmk7e2c1r0001oqeum9zh3c1u","event":"Session","hasAccount":false}
2026-01-15T08:28:04.118Z - JWT Callback {"tokenSub":"cmk7e2c1r0001oqeum9zh3c1u","event":"Session","hasAccount":false}
2026-01-15T08:30:48.755Z - JWT Callback {"tokenSub":"cmk7e2c1r0001oqeum9zh3c1u","event":"Session","hasAccount":false}
2026-01-15T08:31:22.508Z - JWT Callback {"tokenSub":"cmk7e2c1r0001oqeum9zh3c1u","event":"Session","hasAccount":false}
2026-01-15T08:31:24.971Z - JWT Callback {"tokenSub":"cmk7e2c1r0001oqeum9zh3c1u","event":"Session","hasAccount":false}
2026-01-15T08:31:25.540Z - JWT Callback {"tokenSub":"cmk7e2c1r0001oqeum9zh3c1u","event":"Session","hasAccount":false}
2026-01-15T08:31:25.980Z - JWT Callback {"tokenSub":"cmk7e2c1r0001oqeum9zh3c1u","event":"Session","hasAccount":false}
2026-01-15T08:31:37.298Z - JWT Callback {"tokenSub":"cmk7e2c1r0001oqeum9zh3c1u","event":"Session","hasAccount":false}
2026-01-15T08:31:50.683Z - JWT Callback {"tokenSub":"cmk7e2c1r0001oqeum9zh3c1u","event":"Session","hasAccount":false}
2026-01-15T08:31:51.138Z - JWT Callback {"tokenSub":"cmk7e2c1r0001oqeum9zh3c1u","event":"Session","hasAccount":false}
2026-01-15T08:31:51.204Z - JWT Callback {"tokenSub":"cmk7e2c1r0001oqeum9zh3c1u","event":"Session","hasAccount":false}
2026-01-15T08:32:29.285Z - JWT Callback {"tokenSub":"cmk7e2c1r0001oqeum9zh3c1u","event":"Session","hasAccount":false}
2026-01-15T08:32:43.602Z - SignIn Callback {"userEmail":"jasonroycompany@gmail.com","provider":"credentials"}
2026-01-15T08:32:43.635Z - Reset Resume & Templates for User {"userId":"cmk7e2c1r0001oqeum9zh3c1u"}
2026-01-15T08:32:43.636Z - JWT Callback {"tokenSub":"cmk7e2c1r0001oqeum9zh3c1u","event":"SignIn","hasAccount":true}
2026-01-15T08:32:43.708Z - JWT Callback {"tokenSub":"cmk7e2c1r0001oqeum9zh3c1u","event":"Session","hasAccount":false}
2026-01-15T08:32:43.909Z - JWT Callback {"tokenSub":"cmk7e2c1r0001oqeum9zh3c1u","event":"Session","hasAccount":false}
2026-01-15T08:32:43.997Z - JWT Callback {"tokenSub":"cmk7e2c1r0001oqeum9zh3c1u","event":"Session","hasAccount":false}
2026-01-15T08:32:44.277Z - JWT Callback {"tokenSub":"cmk7e2c1r0001oqeum9zh3c1u","event":"Session","hasAccount":false}
2026-01-15T08:32:44.360Z - JWT Callback {"tokenSub":"cmk7e2c1r0001oqeum9zh3c1u","event":"Session","hasAccount":false}
2026-01-15T08:32:57.043Z - JWT Callback {"tokenSub":"cmk7e2c1r0001oqeum9zh3c1u","event":"Session","hasAccount":false}
2026-01-15T08:32:57.114Z - JWT Callback {"tokenSub":"cmk7e2c1r0001oqeum9zh3c1u","event":"Session","hasAccount":false}
2026-01-15T08:32:58.969Z - JWT Callback {"tokenSub":"cmk7e2c1r0001oqeum9zh3c1u","event":"Session","hasAccount":false}
2026-01-15T08:33:00.541Z - JWT Callback {"tokenSub":"cmk7e2c1r0001oqeum9zh3c1u","event":"Session","hasAccount":false}
2026-01-15T08:33:00.604Z - JWT Callback {"tokenSub":"cmk7e2c1r0001oqeum9zh3c1u","event":"Session","hasAccount":false}
2026-01-15T08:33:30.627Z - JWT Callback {"tokenSub":"cmk7e2c1r0001oqeum9zh3c1u","event":"Session","hasAccount":false}
2026-01-15T08:33:30.742Z - JWT Callback {"tokenSub":"cmk7e2c1r0001oqeum9zh3c1u","event":"Session","hasAccount":false}
2026-01-15T08:33:30.834Z - JWT Callback {"tokenSub":"cmk7e2c1r0001oqeum9zh3c1u","event":"Session","hasAccount":false}
2026-01-15T08:33:42.260Z - JWT Callback {"tokenSub":"cmk7e2c1r0001oqeum9zh3c1u","event":"Session","hasAccount":false}
2026-01-15T08:33:43.849Z - JWT Callback {"tokenSub":"cmk7e2c1r0001oqeum9zh3c1u","event":"Session","hasAccount":false}
2026-01-15T08:33:43.909Z - JWT Callback {"tokenSub":"cmk7e2c1r0001oqeum9zh3c1u","event":"Session","hasAccount":false}
2026-01-15T08:33:56.772Z - JWT Callback {"tokenSub":"cmk7e2c1r0001oqeum9zh3c1u","event":"Session","hasAccount":false}
2026-01-15T08:33:57.388Z - JWT Callback {"tokenSub":"cmk7e2c1r0001oqeum9zh3c1u","event":"Session","hasAccount":false}
2026-01-15T08:33:57.398Z - JWT Callback {"tokenSub":"cmk7e2c1r0001oqeum9zh3c1u","event":"Session","hasAccount":false}
2026-01-15T08:34:09.048Z - SignIn Callback {"userEmail":"jasonroycompany@gmail.com","provider":"credentials"}
2026-01-15T08:34:09.087Z - Reset Resume & Templates for User {"userId":"cmk7e2c1r0001oqeum9zh3c1u"}
2026-01-15T08:34:09.088Z - JWT Callback {"tokenSub":"cmk7e2c1r0001oqeum9zh3c1u","event":"SignIn","hasAccount":true}
2026-01-15T08:34:09.173Z - JWT Callback {"tokenSub":"cmk7e2c1r0001oqeum9zh3c1u","event":"Session","hasAccount":false}
2026-01-15T08:34:09.286Z - JWT Callback {"tokenSub":"cmk7e2c1r0001oqeum9zh3c1u","event":"Session","hasAccount":false}
2026-01-15T08:34:09.378Z - JWT Callback {"tokenSub":"cmk7e2c1r0001oqeum9zh3c1u","event":"Session","hasAccount":false}
2026-01-15T08:34:09.594Z - JWT Callback {"tokenSub":"cmk7e2c1r0001oqeum9zh3c1u","event":"Session","hasAccount":false}
2026-01-15T08:34:09.662Z - JWT Callback {"tokenSub":"cmk7e2c1r0001oqeum9zh3c1u","event":"Session","hasAccount":false}
2026-01-15T08:36:02.627Z - JWT Callback {"tokenSub":"cmk7e2c1r0001oqeum9zh3c1u","event":"Session","hasAccount":false}
2026-01-15T08:36:02.682Z - JWT Callback {"tokenSub":"cmk7e2c1r0001oqeum9zh3c1u","event":"Session","hasAccount":false}
2026-01-15T08:36:02.729Z - JWT Callback {"tokenSub":"cmk7e2c1r0001oqeum9zh3c1u","event":"Session","hasAccount":false}
2026-01-15T08:39:20.982Z - JWT Callback {"tokenSub":"cmk7e2c1r0001oqeum9zh3c1u","event":"Session","hasAccount":false}
2026-01-15T08:39:23.077Z - JWT Callback {"tokenSub":"cmk7e2c1r0001oqeum9zh3c1u","event":"Session","hasAccount":false}
2026-01-15T08:39:24.261Z - JWT Callback {"tokenSub":"cmk7e2c1r0001oqeum9zh3c1u","event":"Session","hasAccount":false}
2026-01-15T08:39:24.287Z - JWT Callback {"tokenSub":"cmk7e2c1r0001oqeum9zh3c1u","event":"Session","hasAccount":false}
2026-01-15T08:39:32.927Z - SignIn Callback {"userEmail":"jasonroycompany@gmail.com","provider":"credentials"}
2026-01-15T08:39:32.953Z - Reset Resume & Templates for User {"userId":"cmk7e2c1r0001oqeum9zh3c1u"}
2026-01-15T08:39:32.954Z - JWT Callback {"tokenSub":"cmk7e2c1r0001oqeum9zh3c1u","event":"SignIn","hasAccount":true}
2026-01-15T08:39:33.029Z - JWT Callback {"tokenSub":"cmk7e2c1r0001oqeum9zh3c1u","event":"Session","hasAccount":false}
2026-01-15T08:39:33.137Z - JWT Callback {"tokenSub":"cmk7e2c1r0001oqeum9zh3c1u","event":"Session","hasAccount":false}
2026-01-15T08:39:33.215Z - JWT Callback {"tokenSub":"cmk7e2c1r0001oqeum9zh3c1u","event":"Session","hasAccount":false}
2026-01-15T08:39:33.443Z - JWT Callback {"tokenSub":"cmk7e2c1r0001oqeum9zh3c1u","event":"Session","hasAccount":false}
2026-01-15T08:39:33.501Z - JWT Callback {"tokenSub":"cmk7e2c1r0001oqeum9zh3c1u","event":"Session","hasAccount":false}
2026-01-15T08:39:58.212Z - JWT Callback {"tokenSub":"cmk7e2c1r0001oqeum9zh3c1u","event":"Session","hasAccount":false}
2026-01-15T08:39:58.459Z - JWT Callback {"tokenSub":"cmk7e2c1r0001oqeum9zh3c1u","event":"Session","hasAccount":false}
2026-01-15T08:39:58.507Z - JWT Callback {"tokenSub":"cmk7e2c1r0001oqeum9zh3c1u","event":"Session","hasAccount":false}
2026-01-15T08:39:58.539Z - JWT Callback {"tokenSub":"cmk7e2c1r0001oqeum9zh3c1u","event":"Session","hasAccount":false}
2026-01-15T08:39:58.570Z - JWT Callback {"tokenSub":"cmk7e2c1r0001oqeum9zh3c1u","event":"Session","hasAccount":false}
2026-01-15T08:39:58.600Z - JWT Callback {"tokenSub":"cmk7e2c1r0001oqeum9zh3c1u","event":"Session","hasAccount":false}
2026-01-15T08:46:44.768Z - JWT Callback {"tokenSub":"cmk7e2c1r0001oqeum9zh3c1u","event":"Session","hasAccount":false}
2026-01-15T08:46:48.633Z - JWT Callback {"tokenSub":"cmk7e2c1r0001oqeum9zh3c1u","event":"Session","hasAccount":false}
2026-01-15T08:46:49.257Z - JWT Callback {"tokenSub":"cmk7e2c1r0001oqeum9zh3c1u","event":"Session","hasAccount":false}
2026-01-15T08:46:49.310Z - JWT Callback {"tokenSub":"cmk7e2c1r0001oqeum9zh3c1u","event":"Session","hasAccount":false}
2026-01-15T08:46:51.253Z - JWT Callback {"tokenSub":"cmk7e2c1r0001oqeum9zh3c1u","event":"Session","hasAccount":false}
2026-01-15T08:46:51.660Z - JWT Callback {"tokenSub":"cmk7e2c1r0001oqeum9zh3c1u","event":"Session","hasAccount":false}
2026-01-15T08:46:51.673Z - JWT Callback {"tokenSub":"cmk7e2c1r0001oqeum9zh3c1u","event":"Session","hasAccount":false}
2026-01-15T08:46:59.704Z - SignIn Callback {"userEmail":"jasonroycompany@gmail.com","provider":"credentials"}
2026-01-15T08:46:59.727Z - Reset Resume & Templates for User {"userId":"cmk7e2c1r0001oqeum9zh3c1u"}
2026-01-15T08:46:59.728Z - JWT Callback {"tokenSub":"cmk7e2c1r0001oqeum9zh3c1u","event":"SignIn","hasAccount":true}
2026-01-15T08:46:59.772Z - JWT Callback {"tokenSub":"cmk7e2c1r0001oqeum9zh3c1u","event":"Session","hasAccount":false}
2026-01-15T08:46:59.883Z - JWT Callback {"tokenSub":"cmk7e2c1r0001oqeum9zh3c1u","event":"Session","hasAccount":false}
2026-01-15T08:46:59.972Z - JWT Callback {"tokenSub":"cmk7e2c1r0001oqeum9zh3c1u","event":"Session","hasAccount":false}
2026-01-15T08:47:00.180Z - JWT Callback {"tokenSub":"cmk7e2c1r0001oqeum9zh3c1u","event":"Session","hasAccount":false}
2026-01-15T08:47:00.304Z - JWT Callback {"tokenSub":"cmk7e2c1r0001oqeum9zh3c1u","event":"Session","hasAccount":false}
2026-01-15T08:48:52.349Z - JWT Callback {"tokenSub":"cmk7e2c1r0001oqeum9zh3c1u","event":"Session","hasAccount":false}
2026-01-15T08:49:06.424Z - JWT Callback {"tokenSub":"cmk7e2c1r0001oqeum9zh3c1u","event":"Session","hasAccount":false}
2026-01-15T08:49:06.534Z - JWT Callback {"tokenSub":"cmk7e2c1r0001oqeum9zh3c1u","event":"Session","hasAccount":false}
2026-01-15T08:49:06.622Z - JWT Callback {"tokenSub":"cmk7e2c1r0001oqeum9zh3c1u","event":"Session","hasAccount":false}
2026-01-15T08:49:17.819Z - JWT Callback {"tokenSub":"cmk7e2c1r0001oqeum9zh3c1u","event":"Session","hasAccount":false}
2026-01-15T08:49:19.403Z - JWT Callback {"tokenSub":"cmk7e2c1r0001oqeum9zh3c1u","event":"Session","hasAccount":false}
2026-01-15T08:49:19.481Z - JWT Callback {"tokenSub":"cmk7e2c1r0001oqeum9zh3c1u","event":"Session","hasAccount":false}
2026-01-15T08:49:20.570Z - JWT Callback {"tokenSub":"cmk7e2c1r0001oqeum9zh3c1u","event":"Session","hasAccount":false}
2026-01-15T08:49:21.098Z - JWT Callback {"tokenSub":"cmk7e2c1r0001oqeum9zh3c1u","event":"Session","hasAccount":false}
2026-01-15T08:49:21.104Z - JWT Callback {"tokenSub":"cmk7e2c1r0001oqeum9zh3c1u","event":"Session","hasAccount":false}
2026-01-15T08:49:36.100Z - JWT Callback {"tokenSub":"cmk7e2c1r0001oqeum9zh3c1u","event":"Session","hasAccount":false}
2026-01-15T08:49:36.162Z - JWT Callback {"tokenSub":"cmk7e2c1r0001oqeum9zh3c1u","event":"Session","hasAccount":false}
2026-01-15T08:49:39.731Z - JWT Callback {"tokenSub":"cmk7e2c1r0001oqeum9zh3c1u","event":"Session","hasAccount":false}
2026-01-15T08:49:46.369Z - JWT Callback {"tokenSub":"cmk7e2c1r0001oqeum9zh3c1u","event":"Session","hasAccount":false}
2026-01-15T08:49:47.480Z - JWT Callback {"tokenSub":"cmk7e2c1r0001oqeum9zh3c1u","event":"Session","hasAccount":false}
2026-01-15T08:49:57.423Z - JWT Callback {"tokenSub":"cmk7e2c1r0001oqeum9zh3c1u","event":"Session","hasAccount":false}
2026-01-15T08:49:57.517Z - JWT Callback {"tokenSub":"cmk7e2c1r0001oqeum9zh3c1u","event":"Session","hasAccount":false}
2026-01-15T09:00:49.898Z - SignIn Callback {"userEmail":"jasonroycompany@gmail.com","provider":"credentials"}
2026-01-15T09:00:49.914Z - Reset Resume & Templates for User {"userId":"cmk7e2c1r0001oqeum9zh3c1u"}
2026-01-15T09:00:49.915Z - JWT Callback {"tokenSub":"cmk7e2c1r0001oqeum9zh3c1u","event":"SignIn","hasAccount":true}
2026-01-15T09:00:49.968Z - JWT Callback {"tokenSub":"cmk7e2c1r0001oqeum9zh3c1u","event":"Session","hasAccount":false}
2026-01-15T09:00:50.072Z - JWT Callback {"tokenSub":"cmk7e2c1r0001oqeum9zh3c1u","event":"Session","hasAccount":false}
2026-01-15T09:00:50.155Z - JWT Callback {"tokenSub":"cmk7e2c1r0001oqeum9zh3c1u","event":"Session","hasAccount":false}
2026-01-15T09:00:50.355Z - JWT Callback {"tokenSub":"cmk7e2c1r0001oqeum9zh3c1u","event":"Session","hasAccount":false}
2026-01-15T09:00:50.423Z - JWT Callback {"tokenSub":"cmk7e2c1r0001oqeum9zh3c1u","event":"Session","hasAccount":false}
2026-01-15T09:00:54.555Z - JWT Callback {"tokenSub":"cmk7e2c1r0001oqeum9zh3c1u","event":"Session","hasAccount":false}
2026-01-15T09:00:55.035Z - JWT Callback {"tokenSub":"cmk7e2c1r0001oqeum9zh3c1u","event":"Session","hasAccount":false}
2026-01-15T09:00:55.075Z - JWT Callback {"tokenSub":"cmk7e2c1r0001oqeum9zh3c1u","event":"Session","hasAccount":false}
2026-01-15T09:01:01.935Z - SignIn Callback {"userEmail":"jasonroycompany@gmail.com","provider":"credentials"}
2026-01-15T09:01:01.953Z - Reset Resume & Templates for User {"userId":"cmk7e2c1r0001oqeum9zh3c1u"}
2026-01-15T09:01:01.954Z - JWT Callback {"tokenSub":"cmk7e2c1r0001oqeum9zh3c1u","event":"SignIn","hasAccount":true}
2026-01-15T09:01:02.020Z - JWT Callback {"tokenSub":"cmk7e2c1r0001oqeum9zh3c1u","event":"Session","hasAccount":false}
2026-01-15T09:01:02.113Z - JWT Callback {"tokenSub":"cmk7e2c1r0001oqeum9zh3c1u","event":"Session","hasAccount":false}
2026-01-15T09:01:02.195Z - JWT Callback {"tokenSub":"cmk7e2c1r0001oqeum9zh3c1u","event":"Session","hasAccount":false}
2026-01-15T09:01:02.391Z - JWT Callback {"tokenSub":"cmk7e2c1r0001oqeum9zh3c1u","event":"Session","hasAccount":false}
2026-01-15T09:01:02.460Z - JWT Callback {"tokenSub":"cmk7e2c1r0001oqeum9zh3c1u","event":"Session","hasAccount":false}
2026-01-15T09:02:55.942Z - JWT Callback {"tokenSub":"cmk7e2c1r0001oqeum9zh3c1u","event":"Session","hasAccount":false}
2026-01-15T09:03:31.892Z - JWT Callback {"tokenSub":"cmk7e2c1r0001oqeum9zh3c1u","event":"Session","hasAccount":false}
2026-01-15T09:03:34.233Z - JWT Callback {"tokenSub":"cmk7e2c1r0001oqeum9zh3c1u","event":"Session","hasAccount":false}
2026-01-15T09:03:34.640Z - JWT Callback {"tokenSub":"cmk7e2c1r0001oqeum9zh3c1u","event":"Session","hasAccount":false}
2026-01-15T09:03:34.693Z - JWT Callback {"tokenSub":"cmk7e2c1r0001oqeum9zh3c1u","event":"Session","hasAccount":false}
2026-01-15T09:03:40.203Z - JWT Callback {"tokenSub":"cmk7e2c1r0001oqeum9zh3c1u","event":"Session","hasAccount":false}
2026-01-15T09:03:41.822Z - JWT Callback {"tokenSub":"cmk7e2c1r0001oqeum9zh3c1u","event":"Session","hasAccount":false}
2026-01-15T09:03:41.898Z - JWT Callback {"tokenSub":"cmk7e2c1r0001oqeum9zh3c1u","event":"Session","hasAccount":false}
2026-01-15T09:09:24.481Z - JWT Callback {"tokenSub":"cmk7e2c1r0001oqeum9zh3c1u","event":"Session","hasAccount":false}
2026-01-15T09:09:39.841Z - JWT Callback {"tokenSub":"cmk7e2c1r0001oqeum9zh3c1u","event":"Session","hasAccount":false}
2026-01-15T09:09:40.874Z - JWT Callback {"tokenSub":"cmk7e2c1r0001oqeum9zh3c1u","event":"Session","hasAccount":false}
2026-01-15T09:09:42.869Z - JWT Callback {"tokenSub":"cmk7e2c1r0001oqeum9zh3c1u","event":"Session","hasAccount":false}
2026-01-15T09:09:43.907Z - JWT Callback {"tokenSub":"cmk7e2c1r0001oqeum9zh3c1u","event":"Session","hasAccount":false}
2026-01-15T09:09:52.002Z - JWT Callback {"tokenSub":"cmk7e2c1r0001oqeum9zh3c1u","event":"Session","hasAccount":false}
2026-01-15T09:09:57.350Z - SignIn Callback {"userEmail":"jasonroycompany@gmail.com","provider":"credentials"}
2026-01-15T09:09:57.371Z - Reset Resume & Templates for User {"userId":"cmk7e2c1r0001oqeum9zh3c1u"}
2026-01-15T09:09:57.374Z - JWT Callback {"tokenSub":"cmk7e2c1r0001oqeum9zh3c1u","event":"SignIn","hasAccount":true}
2026-01-15T09:09:57.426Z - JWT Callback {"tokenSub":"cmk7e2c1r0001oqeum9zh3c1u","event":"Session","hasAccount":false}
2026-01-15T09:09:58.167Z - JWT Callback {"tokenSub":"cmk7e2c1r0001oqeum9zh3c1u","event":"Session","hasAccount":false}
2026-01-15T09:09:58.274Z - JWT Callback {"tokenSub":"cmk7e2c1r0001oqeum9zh3c1u","event":"Session","hasAccount":false}
2026-01-15T09:09:58.489Z - JWT Callback {"tokenSub":"cmk7e2c1r0001oqeum9zh3c1u","event":"Session","hasAccount":false}
2026-01-15T09:09:58.564Z - JWT Callback {"tokenSub":"cmk7e2c1r0001oqeum9zh3c1u","event":"Session","hasAccount":false}
2026-01-15T09:10:05.141Z - JWT Callback {"tokenSub":"cmk7e2c1r0001oqeum9zh3c1u","event":"Session","hasAccount":false}
2026-01-15T09:10:05.209Z - JWT Callback {"tokenSub":"cmk7e2c1r0001oqeum9zh3c1u","event":"Session","hasAccount":false}
2026-01-15T09:10:07.165Z - JWT Callback {"tokenSub":"cmk7e2c1r0001oqeum9zh3c1u","event":"Session","hasAccount":false}
2026-01-15T09:10:07.222Z - JWT Callback {"tokenSub":"cmk7e2c1r0001oqeum9zh3c1u","event":"Session","hasAccount":false}
2026-01-15T09:13:11.901Z - JWT Callback {"tokenSub":"cmk7e2c1r0001oqeum9zh3c1u","event":"Session","hasAccount":false}
2026-01-15T09:13:53.659Z - JWT Callback {"tokenSub":"cmk7e2c1r0001oqeum9zh3c1u","event":"Session","hasAccount":false}
2026-01-15T09:13:57.399Z - JWT Callback {"tokenSub":"cmk7e2c1r0001oqeum9zh3c1u","event":"Session","hasAccount":false}
2026-01-15T09:13:58.223Z - JWT Callback {"tokenSub":"cmk7e2c1r0001oqeum9zh3c1u","event":"Session","hasAccount":false}
2026-01-15T09:13:58.232Z - JWT Callback {"tokenSub":"cmk7e2c1r0001oqeum9zh3c1u","event":"Session","hasAccount":false}
2026-01-15T09:14:08.138Z - JWT Callback {"tokenSub":"cmk7e2c1r0001oqeum9zh3c1u","event":"Session","hasAccount":false}
2026-01-15T09:14:21.003Z - JWT Callback {"tokenSub":"cmk7e2c1r0001oqeum9zh3c1u","event":"Session","hasAccount":false}
2026-01-15T09:14:21.569Z - JWT Callback {"tokenSub":"cmk7e2c1r0001oqeum9zh3c1u","event":"Session","hasAccount":false}
2026-01-15T09:14:21.623Z - JWT Callback {"tokenSub":"cmk7e2c1r0001oqeum9zh3c1u","event":"Session","hasAccount":false}
2026-01-15T09:14:28.449Z - JWT Callback {"tokenSub":"cmk7e2c1r0001oqeum9zh3c1u","event":"Session","hasAccount":false}
2026-01-15T09:14:28.828Z - JWT Callback {"tokenSub":"cmk7e2c1r0001oqeum9zh3c1u","event":"Session","hasAccount":false}
2026-01-15T09:14:28.885Z - JWT Callback {"tokenSub":"cmk7e2c1r0001oqeum9zh3c1u","event":"Session","hasAccount":false}
2026-01-15T09:15:00.427Z - JWT Callback {"tokenSub":"cmk7e2c1r0001oqeum9zh3c1u","event":"Session","hasAccount":false}
2026-01-15T09:15:03.340Z - JWT Callback {"tokenSub":"cmk7e2c1r0001oqeum9zh3c1u","event":"Session","hasAccount":false}
2026-01-15T09:15:04.133Z - JWT Callback {"tokenSub":"cmk7e2c1r0001oqeum9zh3c1u","event":"Session","hasAccount":false}
2026-01-15T09:15:04.152Z - JWT Callback {"tokenSub":"cmk7e2c1r0001oqeum9zh3c1u","event":"Session","hasAccount":false}
2026-01-15T09:15:43.545Z - JWT Callback {"tokenSub":"cmk7e2c1r0001oqeum9zh3c1u","event":"Session","hasAccount":false}
2026-01-15T09:15:43.617Z - JWT Callback {"tokenSub":"cmk7e2c1r0001oqeum9zh3c1u","event":"Session","hasAccount":false}
2026-01-15T09:17:34.916Z - JWT Callback {"tokenSub":"cmk7e2c1r0001oqeum9zh3c1u","event":"Session","hasAccount":false}
2026-01-15T09:18:04.498Z - JWT Callback {"tokenSub":"cmk7e2c1r0001oqeum9zh3c1u","event":"Session","hasAccount":false}
2026-01-15T09:18:22.915Z - JWT Callback {"tokenSub":"cmk7e2c1r0001oqeum9zh3c1u","event":"Session","hasAccount":false}
2026-01-15T09:23:49.233Z - JWT Callback {"tokenSub":"cmk7e2c1r0001oqeum9zh3c1u","event":"Session","hasAccount":false}
2026-01-15T09:24:27.384Z - JWT Callback {"tokenSub":"cmk7e2c1r0001oqeum9zh3c1u","event":"Session","hasAccount":false}
2026-01-15T09:26:17.221Z - JWT Callback {"tokenSub":"cmk7e2c1r0001oqeum9zh3c1u","event":"Session","hasAccount":false}
2026-01-15T09:26:25.904Z - JWT Callback {"tokenSub":"cmk7e2c1r0001oqeum9zh3c1u","event":"Session","hasAccount":false}
2026-01-15T09:26:26.483Z - JWT Callback {"tokenSub":"cmk7e2c1r0001oqeum9zh3c1u","event":"Session","hasAccount":false}
2026-01-15T09:26:26.496Z - JWT Callback {"tokenSub":"cmk7e2c1r0001oqeum9zh3c1u","event":"Session","hasAccount":false}
2026-01-15T09:26:36.227Z - JWT Callback {"tokenSub":"cmk7e2c1r0001oqeum9zh3c1u","event":"Session","hasAccount":false}
2026-01-15T09:26:36.643Z - JWT Callback {"tokenSub":"cmk7e2c1r0001oqeum9zh3c1u","event":"Session","hasAccount":false}
2026-01-15T09:26:36.654Z - JWT Callback {"tokenSub":"cmk7e2c1r0001oqeum9zh3c1u","event":"Session","hasAccount":false}
2026-01-15T09:27:41.584Z - JWT Callback {"tokenSub":"cmk7e2c1r0001oqeum9zh3c1u","event":"Session","hasAccount":false}
2026-01-15T09:27:50.398Z - JWT Callback {"tokenSub":"cmk7e2c1r0001oqeum9zh3c1u","event":"Session","hasAccount":false}
2026-01-15T09:28:00.086Z - JWT Callback {"tokenSub":"cmk7e2c1r0001oqeum9zh3c1u","event":"Session","hasAccount":false}
2026-01-15T09:30:31.375Z - JWT Callback {"tokenSub":"cmk7e2c1r0001oqeum9zh3c1u","event":"Session","hasAccount":false}
2026-01-15T09:30:33.995Z - JWT Callback {"tokenSub":"cmk7e2c1r0001oqeum9zh3c1u","event":"Session","hasAccount":false}
2026-01-15T09:30:34.412Z - JWT Callback {"tokenSub":"cmk7e2c1r0001oqeum9zh3c1u","event":"Session","hasAccount":false}
2026-01-15T09:30:34.421Z - JWT Callback {"tokenSub":"cmk7e2c1r0001oqeum9zh3c1u","event":"Session","hasAccount":false}
2026-01-15T09:30:41.498Z - JWT Callback {"tokenSub":"cmk7e2c1r0001oqeum9zh3c1u","event":"Session","hasAccount":false}
2026-01-15T09:30:42.718Z - JWT Callback {"tokenSub":"cmk7e2c1r0001oqeum9zh3c1u","event":"Session","hasAccount":false}
2026-01-15T09:30:53.784Z - JWT Callback {"tokenSub":"cmk7e2c1r0001oqeum9zh3c1u","event":"Session","hasAccount":false}
2026-01-15T09:30:54.993Z - JWT Callback {"tokenSub":"cmk7e2c1r0001oqeum9zh3c1u","event":"Session","hasAccount":false}
2026-01-15T09:34:11.479Z - JWT Callback {"tokenSub":"cmk7e2c1r0001oqeum9zh3c1u","event":"Session","hasAccount":false}
2026-01-15T09:34:15.614Z - JWT Callback {"tokenSub":"cmk7e2c1r0001oqeum9zh3c1u","event":"Session","hasAccount":false}
2026-01-15T09:34:16.249Z - JWT Callback {"tokenSub":"cmk7e2c1r0001oqeum9zh3c1u","event":"Session","hasAccount":false}
2026-01-15T09:34:16.256Z - JWT Callback {"tokenSub":"cmk7e2c1r0001oqeum9zh3c1u","event":"Session","hasAccount":false}
2026-01-15T09:35:47.002Z - JWT Callback {"tokenSub":"cmk7e2c1r0001oqeum9zh3c1u","event":"Session","hasAccount":false}
2026-01-15T09:40:40.424Z - JWT Callback {"tokenSub":"cmk7e2c1r0001oqeum9zh3c1u","event":"Session","hasAccount":false}
2026-01-15T09:40:44.270Z - JWT Callback {"tokenSub":"cmk7e2c1r0001oqeum9zh3c1u","event":"Session","hasAccount":false}
2026-01-15T09:40:44.819Z - JWT Callback {"tokenSub":"cmk7e2c1r0001oqeum9zh3c1u","event":"Session","hasAccount":false}
2026-01-15T09:40:44.851Z - JWT Callback {"tokenSub":"cmk7e2c1r0001oqeum9zh3c1u","event":"Session","hasAccount":false}
2026-01-15T09:40:51.410Z - JWT Callback {"tokenSub":"cmk7e2c1r0001oqeum9zh3c1u","event":"Session","hasAccount":false}
2026-01-15T09:40:51.834Z - JWT Callback {"tokenSub":"cmk7e2c1r0001oqeum9zh3c1u","event":"Session","hasAccount":false}
2026-01-15T09:40:51.844Z - JWT Callback {"tokenSub":"cmk7e2c1r0001oqeum9zh3c1u","event":"Session","hasAccount":false}
2026-01-15T09:44:37.127Z - JWT Callback {"tokenSub":"cmk7e2c1r0001oqeum9zh3c1u","event":"Session","hasAccount":false}
2026-01-15T09:44:40.180Z - JWT Callback {"tokenSub":"cmk7e2c1r0001oqeum9zh3c1u","event":"Session","hasAccount":false}
2026-01-15T09:44:40.812Z - JWT Callback {"tokenSub":"cmk7e2c1r0001oqeum9zh3c1u","event":"Session","hasAccount":false}
2026-01-15T09:44:40.845Z - JWT Callback {"tokenSub":"cmk7e2c1r0001oqeum9zh3c1u","event":"Session","hasAccount":false}
2026-01-15T09:45:11.298Z - JWT Callback {"tokenSub":"cmk7e2c1r0001oqeum9zh3c1u","event":"Session","hasAccount":false}
2026-01-15T09:45:12.503Z - JWT Callback {"tokenSub":"cmk7e2c1r0001oqeum9zh3c1u","event":"Session","hasAccount":false}
2026-01-15T09:45:22.267Z - JWT Callback {"tokenSub":"cmk7e2c1r0001oqeum9zh3c1u","event":"Session","hasAccount":false}
2026-01-15T09:45:25.436Z - SignIn Callback {"userEmail":"jasonroycompany@gmail.com","provider":"credentials"}
2026-01-15T09:45:25.459Z - Reset Resume & Templates for User {"userId":"cmk7e2c1r0001oqeum9zh3c1u"}
2026-01-15T09:45:25.460Z - JWT Callback {"tokenSub":"cmk7e2c1r0001oqeum9zh3c1u","event":"SignIn","hasAccount":true}
2026-01-15T09:45:25.517Z - JWT Callback {"tokenSub":"cmk7e2c1r0001oqeum9zh3c1u","event":"Session","hasAccount":false}
2026-01-15T09:45:25.613Z - JWT Callback {"tokenSub":"cmk7e2c1r0001oqeum9zh3c1u","event":"Session","hasAccount":false}
2026-01-15T09:45:25.694Z - JWT Callback {"tokenSub":"cmk7e2c1r0001oqeum9zh3c1u","event":"Session","hasAccount":false}
2026-01-15T09:45:25.880Z - JWT Callback {"tokenSub":"cmk7e2c1r0001oqeum9zh3c1u","event":"Session","hasAccount":false}
2026-01-15T09:45:25.932Z - JWT Callback {"tokenSub":"cmk7e2c1r0001oqeum9zh3c1u","event":"Session","hasAccount":false}
2026-01-15T09:45:35.528Z - JWT Callback {"tokenSub":"cmk7e2c1r0001oqeum9zh3c1u","event":"Session","hasAccount":false}
2026-01-15T09:45:38.483Z - JWT Callback {"tokenSub":"cmk7e2c1r0001oqeum9zh3c1u","event":"Session","hasAccount":false}
2026-01-15T09:45:39.667Z - JWT Callback {"tokenSub":"cmk7e2c1r0001oqeum9zh3c1u","event":"Session","hasAccount":false}
2026-01-15T09:48:11.035Z - JWT Callback {"tokenSub":"cmk7e2c1r0001oqeum9zh3c1u","event":"Session","hasAccount":false}
2026-01-15T09:48:13.616Z - JWT Callback {"tokenSub":"cmk7e2c1r0001oqeum9zh3c1u","event":"Session","hasAccount":false}
2026-01-15T09:48:14.050Z - JWT Callback {"tokenSub":"cmk7e2c1r0001oqeum9zh3c1u","event":"Session","hasAccount":false}
2026-01-15T09:48:14.104Z - JWT Callback {"tokenSub":"cmk7e2c1r0001oqeum9zh3c1u","event":"Session","hasAccount":false}
2026-01-15T09:48:25.901Z - JWT Callback {"tokenSub":"cmk7e2c1r0001oqeum9zh3c1u","event":"Session","hasAccount":false}
2026-01-15T09:48:26.352Z - JWT Callback {"tokenSub":"cmk7e2c1r0001oqeum9zh3c1u","event":"Session","hasAccount":false}
2026-01-15T09:48:26.366Z - JWT Callback {"tokenSub":"cmk7e2c1r0001oqeum9zh3c1u","event":"Session","hasAccount":false}
2026-01-15T09:48:55.772Z - JWT Callback {"tokenSub":"cmk7e2c1r0001oqeum9zh3c1u","event":"Session","hasAccount":false}
2026-01-15T09:48:57.847Z - JWT Callback {"tokenSub":"cmk7e2c1r0001oqeum9zh3c1u","event":"Session","hasAccount":false}
2026-01-15T09:48:58.288Z - JWT Callback {"tokenSub":"cmk7e2c1r0001oqeum9zh3c1u","event":"Session","hasAccount":false}
2026-01-15T09:48:58.333Z - JWT Callback {"tokenSub":"cmk7e2c1r0001oqeum9zh3c1u","event":"Session","hasAccount":false}
2026-01-15T09:51:07.236Z - JWT Callback {"tokenSub":"cmk7e2c1r0001oqeum9zh3c1u","event":"Session","hasAccount":false}
2026-01-15T09:51:10.234Z - JWT Callback {"tokenSub":"cmk7e2c1r0001oqeum9zh3c1u","event":"Session","hasAccount":false}
2026-01-15T09:51:11.089Z - JWT Callback {"tokenSub":"cmk7e2c1r0001oqeum9zh3c1u","event":"Session","hasAccount":false}
2026-01-15T09:51:11.194Z - JWT Callback {"tokenSub":"cmk7e2c1r0001oqeum9zh3c1u","event":"Session","hasAccount":false}
2026-01-15T09:51:14.054Z - JWT Callback {"tokenSub":"cmk7e2c1r0001oqeum9zh3c1u","event":"Session","hasAccount":false}
2026-01-15T09:51:14.493Z - JWT Callback {"tokenSub":"cmk7e2c1r0001oqeum9zh3c1u","event":"Session","hasAccount":false}
2026-01-15T09:51:14.536Z - JWT Callback {"tokenSub":"cmk7e2c1r0001oqeum9zh3c1u","event":"Session","hasAccount":false}
2026-01-15T09:51:16.768Z - JWT Callback {"tokenSub":"cmk7e2c1r0001oqeum9zh3c1u","event":"Session","hasAccount":false}
2026-01-15T09:51:17.228Z - JWT Callback {"tokenSub":"cmk7e2c1r0001oqeum9zh3c1u","event":"Session","hasAccount":false}
2026-01-15T09:51:17.237Z - JWT Callback {"tokenSub":"cmk7e2c1r0001oqeum9zh3c1u","event":"Session","hasAccount":false}
2026-01-15T09:51:22.813Z - JWT Callback {"tokenSub":"cmk7e2c1r0001oqeum9zh3c1u","event":"Session","hasAccount":false}
2026-01-15T09:51:23.350Z - JWT Callback {"tokenSub":"cmk7e2c1r0001oqeum9zh3c1u","event":"Session","hasAccount":false}
2026-01-15T09:51:23.365Z - JWT Callback {"tokenSub":"cmk7e2c1r0001oqeum9zh3c1u","event":"Session","hasAccount":false}
2026-01-15T09:53:06.717Z - JWT Callback {"tokenSub":"cmk7e2c1r0001oqeum9zh3c1u","event":"Session","hasAccount":false}
2026-01-15T09:53:09.611Z - JWT Callback {"tokenSub":"cmk7e2c1r0001oqeum9zh3c1u","event":"Session","hasAccount":false}
2026-01-15T09:53:10.219Z - JWT Callback {"tokenSub":"cmk7e2c1r0001oqeum9zh3c1u","event":"Session","hasAccount":false}
2026-01-15T09:53:10.247Z - JWT Callback {"tokenSub":"cmk7e2c1r0001oqeum9zh3c1u","event":"Session","hasAccount":false}
2026-01-15T09:53:14.811Z - JWT Callback {"tokenSub":"cmk7e2c1r0001oqeum9zh3c1u","event":"Session","hasAccount":false}
2026-01-15T09:53:21.425Z - SignIn Callback {"userEmail":"jasonroycompany@gmail.com","provider":"credentials"}
2026-01-15T09:53:21.446Z - Reset Resume & Templates for User {"userId":"cmk7e2c1r0001oqeum9zh3c1u"}
2026-01-15T09:53:21.447Z - JWT Callback {"tokenSub":"cmk7e2c1r0001oqeum9zh3c1u","event":"SignIn","hasAccount":true}
2026-01-15T09:53:21.504Z - JWT Callback {"tokenSub":"cmk7e2c1r0001oqeum9zh3c1u","event":"Session","hasAccount":false}
2026-01-15T09:53:21.610Z - JWT Callback {"tokenSub":"cmk7e2c1r0001oqeum9zh3c1u","event":"Session","hasAccount":false}
2026-01-15T09:53:21.693Z - JWT Callback {"tokenSub":"cmk7e2c1r0001oqeum9zh3c1u","event":"Session","hasAccount":false}
2026-01-15T09:53:21.852Z - JWT Callback {"tokenSub":"cmk7e2c1r0001oqeum9zh3c1u","event":"Session","hasAccount":false}
2026-01-15T09:53:21.904Z - JWT Callback {"tokenSub":"cmk7e2c1r0001oqeum9zh3c1u","event":"Session","hasAccount":false}
2026-01-15T09:53:29.311Z - JWT Callback {"tokenSub":"cmk7e2c1r0001oqeum9zh3c1u","event":"Session","hasAccount":false}
2026-01-15T09:53:35.299Z - JWT Callback {"tokenSub":"cmk7e2c1r0001oqeum9zh3c1u","event":"Session","hasAccount":false}
2026-01-15T09:53:36.516Z - JWT Callback {"tokenSub":"cmk7e2c1r0001oqeum9zh3c1u","event":"Session","hasAccount":false}
2026-01-15T09:54:22.268Z - JWT Callback {"tokenSub":"cmk7e2c1r0001oqeum9zh3c1u","event":"Session","hasAccount":false}
2026-01-15T09:54:22.344Z - JWT Callback {"tokenSub":"cmk7e2c1r0001oqeum9zh3c1u","event":"Session","hasAccount":false}
2026-01-15T10:00:50.182Z - JWT Callback {"tokenSub":"cmk7e2c1r0001oqeum9zh3c1u","event":"Session","hasAccount":false}
2026-01-15T10:00:51.860Z - JWT Callback {"tokenSub":"cmk7e2c1r0001oqeum9zh3c1u","event":"Session","hasAccount":false}
2026-01-15T10:00:51.865Z - JWT Callback {"tokenSub":"cmk7e2c1r0001oqeum9zh3c1u","event":"Session","hasAccount":false}
2026-01-15T10:07:02.278Z - JWT Callback {"tokenSub":"cmk7e2c1r0001oqeum9zh3c1u","event":"Session","hasAccount":false}
2026-01-15T10:07:05.933Z - JWT Callback {"tokenSub":"cmk7e2c1r0001oqeum9zh3c1u","event":"Session","hasAccount":false}
2026-01-15T10:07:06.461Z - JWT Callback {"tokenSub":"cmk7e2c1r0001oqeum9zh3c1u","event":"Session","hasAccount":false}
2026-01-15T10:07:06.485Z - JWT Callback {"tokenSub":"cmk7e2c1r0001oqeum9zh3c1u","event":"Session","hasAccount":false}
2026-01-15T10:08:39.116Z - JWT Callback {"tokenSub":"cmk7e2c1r0001oqeum9zh3c1u","event":"Session","hasAccount":false}
2026-01-15T10:10:03.026Z - JWT Callback {"tokenSub":"cmk7e2c1r0001oqeum9zh3c1u","event":"Session","hasAccount":false}
2026-01-15T10:10:03.089Z - JWT Callback {"tokenSub":"cmk7e2c1r0001oqeum9zh3c1u","event":"Session","hasAccount":false}
2026-01-15T10:10:17.157Z - JWT Callback {"tokenSub":"cmk7e2c1r0001oqeum9zh3c1u","event":"Session","hasAccount":false}
2026-01-15T10:10:37.427Z - JWT Callback {"tokenSub":"cmk7e2c1r0001oqeum9zh3c1u","event":"Session","hasAccount":false}
2026-01-15T10:10:37.847Z - JWT Callback {"tokenSub":"cmk7e2c1r0001oqeum9zh3c1u","event":"Session","hasAccount":false}
2026-01-15T10:10:37.857Z - JWT Callback {"tokenSub":"cmk7e2c1r0001oqeum9zh3c1u","event":"Session","hasAccount":false}
2026-01-15T10:11:23.858Z - JWT Callback {"tokenSub":"cmk7e2c1r0001oqeum9zh3c1u","event":"Session","hasAccount":false}
2026-01-15T10:13:20.810Z - JWT Callback {"tokenSub":"cmk7e2c1r0001oqeum9zh3c1u","event":"Session","hasAccount":false}
2026-01-15T10:13:23.338Z - JWT Callback {"tokenSub":"cmk7e2c1r0001oqeum9zh3c1u","event":"Session","hasAccount":false}
2026-01-15T10:13:23.834Z - JWT Callback {"tokenSub":"cmk7e2c1r0001oqeum9zh3c1u","event":"Session","hasAccount":false}
2026-01-15T10:13:23.855Z - JWT Callback {"tokenSub":"cmk7e2c1r0001oqeum9zh3c1u","event":"Session","hasAccount":false}
2026-01-15T10:14:00.933Z - JWT Callback {"tokenSub":"cmk7e2c1r0001oqeum9zh3c1u","event":"Session","hasAccount":false}
2026-01-15T10:14:01.010Z - JWT Callback {"tokenSub":"cmk7e2c1r0001oqeum9zh3c1u","event":"Session","hasAccount":false}
2026-01-15T10:14:19.308Z - JWT Callback {"tokenSub":"cmk7e2c1r0001oqeum9zh3c1u","event":"Session","hasAccount":false}
2026-01-15T10:14:26.395Z - JWT Callback {"tokenSub":"cmk7e2c1r0001oqeum9zh3c1u","event":"Session","hasAccount":false}
2026-01-15T10:15:12.000Z - JWT Callback {"tokenSub":"cmk7e2c1r0001oqeum9zh3c1u","event":"Session","hasAccount":false}
2026-01-15T10:15:38.530Z - JWT Callback {"tokenSub":"cmk7e2c1r0001oqeum9zh3c1u","event":"Session","hasAccount":false}
2026-01-15T10:15:39.022Z - JWT Callback {"tokenSub":"cmk7e2c1r0001oqeum9zh3c1u","event":"Session","hasAccount":false}
2026-01-15T10:15:39.031Z - JWT Callback {"tokenSub":"cmk7e2c1r0001oqeum9zh3c1u","event":"Session","hasAccount":false}
2026-01-15T10:16:17.486Z - JWT Callback {"tokenSub":"cmk7e2c1r0001oqeum9zh3c1u","event":"Session","hasAccount":false}
2026-01-15T10:16:17.561Z - JWT Callback {"tokenSub":"cmk7e2c1r0001oqeum9zh3c1u","event":"Session","hasAccount":false}
2026-01-15T10:16:43.918Z - JWT Callback {"tokenSub":"cmk7e2c1r0001oqeum9zh3c1u","event":"Session","hasAccount":false}
2026-01-15T10:16:47.725Z - JWT Callback {"tokenSub":"cmk7e2c1r0001oqeum9zh3c1u","event":"Session","hasAccount":false}
2026-01-15T10:17:37.368Z - JWT Callback {"tokenSub":"cmk7e2c1r0001oqeum9zh3c1u","event":"Session","hasAccount":false}
2026-01-15T10:18:09.475Z - JWT Callback {"tokenSub":"cmk7e2c1r0001oqeum9zh3c1u","event":"Session","hasAccount":false}
2026-01-15T10:18:09.529Z - JWT Callback {"tokenSub":"cmk7e2c1r0001oqeum9zh3c1u","event":"Session","hasAccount":false}
2026-01-15T10:18:12.416Z - JWT Callback {"tokenSub":"cmk7e2c1r0001oqeum9zh3c1u","event":"Session","hasAccount":false}
2026-01-15T10:18:13.028Z - JWT Callback {"tokenSub":"cmk7e2c1r0001oqeum9zh3c1u","event":"Session","hasAccount":false}
2026-01-15T10:18:13.037Z - JWT Callback {"tokenSub":"cmk7e2c1r0001oqeum9zh3c1u","event":"Session","hasAccount":false}
2026-01-15T10:22:23.891Z - JWT Callback {"tokenSub":"cmk7e2c1r0001oqeum9zh3c1u","event":"Session","hasAccount":false}
2026-01-15T10:22:25.989Z - JWT Callback {"tokenSub":"cmk7e2c1r0001oqeum9zh3c1u","event":"Session","hasAccount":false}
2026-01-15T10:22:26.581Z - JWT Callback {"tokenSub":"cmk7e2c1r0001oqeum9zh3c1u","event":"Session","hasAccount":false}
2026-01-15T10:22:26.624Z - JWT Callback {"tokenSub":"cmk7e2c1r0001oqeum9zh3c1u","event":"Session","hasAccount":false}
2026-01-15T10:22:31.938Z - JWT Callback {"tokenSub":"cmk7e2c1r0001oqeum9zh3c1u","event":"Session","hasAccount":false}
2026-01-15T10:22:32.011Z - JWT Callback {"tokenSub":"cmk7e2c1r0001oqeum9zh3c1u","event":"Session","hasAccount":false}
2026-01-15T11:01:27.162Z - SignIn Callback {"userEmail":"jasonroycompany@gmail.com","provider":"google"}
2026-01-15T11:01:27.213Z - Reset Resume & Templates for User {"userId":"cmk7e2c1r0001oqeum9zh3c1u"}
2026-01-15T11:01:27.224Z - JWT Callback {"tokenSub":"cmk7e2c1r0001oqeum9zh3c1u","event":"SignIn","hasAccount":true}
2026-01-15T11:01:28.411Z - JWT Callback {"tokenSub":"cmk7e2c1r0001oqeum9zh3c1u","event":"Session","hasAccount":false}
2026-01-15T11:01:29.289Z - JWT Callback {"tokenSub":"cmk7e2c1r0001oqeum9zh3c1u","event":"Session","hasAccount":false}
2026-01-15T11:01:29.294Z - JWT Callback {"tokenSub":"cmk7e2c1r0001oqeum9zh3c1u","event":"Session","hasAccount":false}
2026-01-15T11:01:41.145Z - JWT Callback {"tokenSub":"cmk7e2c1r0001oqeum9zh3c1u","event":"Session","hasAccount":false}
2026-01-15T11:01:44.541Z - SignIn Callback {"userEmail":"jasonroycompany@gmail.com","provider":"google"}
2026-01-15T11:01:44.592Z - Reset Resume & Templates for User {"userId":"cmk7e2c1r0001oqeum9zh3c1u"}
2026-01-15T11:01:44.632Z - JWT Callback {"tokenSub":"cmk7e2c1r0001oqeum9zh3c1u","event":"SignIn","hasAccount":true}
2026-01-15T11:01:44.793Z - JWT Callback {"tokenSub":"cmk7e2c1r0001oqeum9zh3c1u","event":"Session","hasAccount":false}
2026-01-15T11:01:45.274Z - JWT Callback {"tokenSub":"cmk7e2c1r0001oqeum9zh3c1u","event":"Session","hasAccount":false}
2026-01-15T11:01:45.289Z - JWT Callback {"tokenSub":"cmk7e2c1r0001oqeum9zh3c1u","event":"Session","hasAccount":false}
2026-01-15T11:01:48.372Z - JWT Callback {"tokenSub":"cmk7e2c1r0001oqeum9zh3c1u","event":"Session","hasAccount":false}
2026-01-15T11:03:47.138Z - JWT Callback {"tokenSub":"cmk7e2c1r0001oqeum9zh3c1u","event":"Session","hasAccount":false}
2026-01-15T11:03:49.302Z - JWT Callback {"tokenSub":"cmk7e2c1r0001oqeum9zh3c1u","event":"Session","hasAccount":false}
2026-01-15T11:04:00.507Z - SignIn Callback {"userEmail":"jasonroycompany@gmail.com","provider":"google"}
2026-01-15T11:04:00.527Z - Reset Resume & Templates for User {"userId":"cmk7e2c1r0001oqeum9zh3c1u"}
2026-01-15T11:04:00.541Z - JWT Callback {"tokenSub":"cmk7e2c1r0001oqeum9zh3c1u","event":"SignIn","hasAccount":true}
2026-01-15T11:04:01.422Z - JWT Callback {"tokenSub":"cmk7e2c1r0001oqeum9zh3c1u","event":"Session","hasAccount":false}
2026-01-15T11:04:01.981Z - JWT Callback {"tokenSub":"cmk7e2c1r0001oqeum9zh3c1u","event":"Session","hasAccount":false}
2026-01-15T11:04:02.256Z - JWT Callback {"tokenSub":"cmk7e2c1r0001oqeum9zh3c1u","event":"Session","hasAccount":false}
2026-01-15T11:04:18.923Z - JWT Callback {"tokenSub":"cmk7e2c1r0001oqeum9zh3c1u","event":"Session","hasAccount":false}
2026-01-15T11:04:23.494Z - JWT Callback {"tokenSub":"cmk7e2c1r0001oqeum9zh3c1u","event":"Session","hasAccount":false}
2026-01-15T11:04:23.901Z - JWT Callback {"tokenSub":"cmk7e2c1r0001oqeum9zh3c1u","event":"Session","hasAccount":false}
2026-01-15T11:04:26.474Z - JWT Callback {"tokenSub":"cmk7e2c1r0001oqeum9zh3c1u","event":"Session","hasAccount":false}
2026-01-15T11:04:35.295Z - JWT Callback {"tokenSub":"cmk7e2c1r0001oqeum9zh3c1u","event":"Session","hasAccount":false}
2026-01-15T11:04:35.366Z - JWT Callback {"tokenSub":"cmk7e2c1r0001oqeum9zh3c1u","event":"Session","hasAccount":false}
2026-01-15T11:04:38.624Z - JWT Callback {"tokenSub":"cmk7e2c1r0001oqeum9zh3c1u","event":"Session","hasAccount":false}
2026-01-15T11:04:38.711Z - JWT Callback {"tokenSub":"cmk7e2c1r0001oqeum9zh3c1u","event":"Session","hasAccount":false}
2026-01-15T11:04:50.231Z - SignIn Callback {"userEmail":"jasonroycompany@gmail.com","provider":"google"}
2026-01-15T11:04:50.263Z - Reset Resume & Templates for User {"userId":"cmk7e2c1r0001oqeum9zh3c1u"}
2026-01-15T11:04:50.275Z - JWT Callback {"tokenSub":"cmk7e2c1r0001oqeum9zh3c1u","event":"SignIn","hasAccount":true}
2026-01-15T11:04:50.580Z - JWT Callback {"tokenSub":"cmk7e2c1r0001oqeum9zh3c1u","event":"Session","hasAccount":false}
2026-01-15T11:04:50.990Z - JWT Callback {"tokenSub":"cmk7e2c1r0001oqeum9zh3c1u","event":"Session","hasAccount":false}
2026-01-15T11:04:51.024Z - JWT Callback {"tokenSub":"cmk7e2c1r0001oqeum9zh3c1u","event":"Session","hasAccount":false}
2026-01-15T11:04:56.623Z - JWT Callback {"tokenSub":"cmk7e2c1r0001oqeum9zh3c1u","event":"Session","hasAccount":false}
2026-01-15T11:04:57.082Z - JWT Callback {"tokenSub":"cmk7e2c1r0001oqeum9zh3c1u","event":"Session","hasAccount":false}
2026-01-15T11:04:57.141Z - JWT Callback {"tokenSub":"cmk7e2c1r0001oqeum9zh3c1u","event":"Session","hasAccount":false}
2026-01-15T11:05:13.009Z - JWT Callback {"tokenSub":"cmk7e2c1r0001oqeum9zh3c1u","event":"Session","hasAccount":false}
2026-01-15T11:05:13.437Z - JWT Callback {"tokenSub":"cmk7e2c1r0001oqeum9zh3c1u","event":"Session","hasAccount":false}
2026-01-15T11:05:13.464Z - JWT Callback {"tokenSub":"cmk7e2c1r0001oqeum9zh3c1u","event":"Session","hasAccount":false}
2026-01-15T11:05:22.529Z - JWT Callback {"tokenSub":"cmk7e2c1r0001oqeum9zh3c1u","event":"Session","hasAccount":false}
2026-01-15T11:05:22.843Z - JWT Callback {"tokenSub":"cmk7e2c1r0001oqeum9zh3c1u","event":"Session","hasAccount":false}
2026-01-15T11:05:22.888Z - JWT Callback {"tokenSub":"cmk7e2c1r0001oqeum9zh3c1u","event":"Session","hasAccount":false}
2026-01-15T11:05:26.821Z - JWT Callback {"tokenSub":"cmk7e2c1r0001oqeum9zh3c1u","event":"Session","hasAccount":false}
2026-01-15T11:05:27.161Z - JWT Callback {"tokenSub":"cmk7e2c1r0001oqeum9zh3c1u","event":"Session","hasAccount":false}
2026-01-15T11:05:27.218Z - JWT Callback {"tokenSub":"cmk7e2c1r0001oqeum9zh3c1u","event":"Session","hasAccount":false}
2026-01-15T11:06:18.733Z - JWT Callback {"tokenSub":"cmk7e2c1r0001oqeum9zh3c1u","event":"Session","hasAccount":false}
2026-01-15T11:06:54.152Z - JWT Callback {"tokenSub":"cmk7e2c1r0001oqeum9zh3c1u","event":"Session","hasAccount":false}
2026-01-15T11:06:55.571Z - JWT Callback {"tokenSub":"cmk7e2c1r0001oqeum9zh3c1u","event":"Session","hasAccount":false}
2026-01-15T11:06:56.144Z - JWT Callback {"tokenSub":"cmk7e2c1r0001oqeum9zh3c1u","event":"Session","hasAccount":false}
2026-01-15T11:06:56.185Z - JWT Callback {"tokenSub":"cmk7e2c1r0001oqeum9zh3c1u","event":"Session","hasAccount":false}
2026-01-15T11:06:56.695Z - JWT Callback {"tokenSub":"cmk7e2c1r0001oqeum9zh3c1u","event":"Session","hasAccount":false}
2026-01-15T11:07:02.621Z - JWT Callback {"tokenSub":"cmk7e2c1r0001oqeum9zh3c1u","event":"Session","hasAccount":false}
2026-01-15T11:07:02.828Z - JWT Callback {"tokenSub":"cmk7e2c1r0001oqeum9zh3c1u","event":"Session","hasAccount":false}
2026-01-15T11:08:43.567Z - JWT Callback {"tokenSub":"cmk7e2c1r0001oqeum9zh3c1u","event":"Session","hasAccount":false}
2026-01-15T11:09:51.733Z - JWT Callback {"tokenSub":"cmk7e2c1r0001oqeum9zh3c1u","event":"Session","hasAccount":false}
2026-01-15T11:09:56.996Z - JWT Callback {"tokenSub":"cmk7e2c1r0001oqeum9zh3c1u","event":"Session","hasAccount":false}
2026-01-15T11:10:02.778Z - JWT Callback {"tokenSub":"cmk7e2c1r0001oqeum9zh3c1u","event":"Session","hasAccount":false}
2026-01-15T11:10:02.840Z - JWT Callback {"tokenSub":"cmk7e2c1r0001oqeum9zh3c1u","event":"Session","hasAccount":false}
2026-01-15T11:11:21.068Z - JWT Callback {"tokenSub":"cmk7e2c1r0001oqeum9zh3c1u","event":"Session","hasAccount":false}
2026-01-15T11:11:28.793Z - JWT Callback {"tokenSub":"cmk7e2c1r0001oqeum9zh3c1u","event":"Session","hasAccount":false}
2026-01-15T11:11:29.922Z - JWT Callback {"tokenSub":"cmk7e2c1r0001oqeum9zh3c1u","event":"Session","hasAccount":false}
2026-01-15T11:11:30.125Z - JWT Callback {"tokenSub":"cmk7e2c1r0001oqeum9zh3c1u","event":"Session","hasAccount":false}
2026-01-15T11:12:09.766Z - JWT Callback {"tokenSub":"cmk7e2c1r0001oqeum9zh3c1u","event":"Session","hasAccount":false}
2026-01-15T11:12:28.444Z - JWT Callback {"tokenSub":"cmk7e2c1r0001oqeum9zh3c1u","event":"Session","hasAccount":false}
2026-01-15T11:12:35.642Z - JWT Callback {"tokenSub":"cmk7e2c1r0001oqeum9zh3c1u","event":"Session","hasAccount":false}
2026-01-15T11:12:35.852Z - JWT Callback {"tokenSub":"cmk7e2c1r0001oqeum9zh3c1u","event":"Session","hasAccount":false}
2026-01-15T11:12:45.555Z - JWT Callback {"tokenSub":"cmk7e2c1r0001oqeum9zh3c1u","event":"Session","hasAccount":false}
2026-01-15T11:12:45.636Z - JWT Callback {"tokenSub":"cmk7e2c1r0001oqeum9zh3c1u","event":"Session","hasAccount":false}
2026-01-15T11:12:59.639Z - JWT Callback {"tokenSub":"cmk7e2c1r0001oqeum9zh3c1u","event":"Session","hasAccount":false}
2026-01-15T11:16:43.772Z - JWT Callback {"tokenSub":"cmk7e2c1r0001oqeum9zh3c1u","event":"Session","hasAccount":false}
2026-01-15T11:16:46.134Z - JWT Callback {"tokenSub":"cmk7e2c1r0001oqeum9zh3c1u","event":"Session","hasAccount":false}
2026-01-15T11:16:47.047Z - JWT Callback {"tokenSub":"cmk7e2c1r0001oqeum9zh3c1u","event":"Session","hasAccount":false}
2026-01-15T11:16:47.101Z - JWT Callback {"tokenSub":"cmk7e2c1r0001oqeum9zh3c1u","event":"Session","hasAccount":false}
2026-01-15T11:16:55.159Z - JWT Callback {"tokenSub":"cmk7e2c1r0001oqeum9zh3c1u","event":"Session","hasAccount":false}
2026-01-15T11:16:56.859Z - JWT Callback {"tokenSub":"cmk7e2c1r0001oqeum9zh3c1u","event":"Session","hasAccount":false}
2026-01-15T11:19:49.206Z - JWT Callback {"tokenSub":"cmk7e2c1r0001oqeum9zh3c1u","event":"Session","hasAccount":false}
2026-01-15T11:20:11.333Z - JWT Callback {"tokenSub":"cmk7e2c1r0001oqeum9zh3c1u","event":"Session","hasAccount":false}
2026-01-15T11:21:53.000Z - JWT Callback {"tokenSub":"cmk7e2c1r0001oqeum9zh3c1u","event":"Session","hasAccount":false}
2026-01-15T11:22:29.582Z - JWT Callback {"tokenSub":"cmk7e2c1r0001oqeum9zh3c1u","event":"Session","hasAccount":false}
2026-01-15T11:22:30.090Z - JWT Callback {"tokenSub":"cmk7e2c1r0001oqeum9zh3c1u","event":"Session","hasAccount":false}
2026-01-15T11:22:30.101Z - JWT Callback {"tokenSub":"cmk7e2c1r0001oqeum9zh3c1u","event":"Session","hasAccount":false}
2026-01-15T11:23:24.935Z - JWT Callback {"tokenSub":"cmk7e2c1r0001oqeum9zh3c1u","event":"Session","hasAccount":false}
2026-01-15T11:23:50.021Z - JWT Callback {"tokenSub":"cmk7e2c1r0001oqeum9zh3c1u","event":"Session","hasAccount":false}
2026-01-15T11:23:50.098Z - JWT Callback {"tokenSub":"cmk7e2c1r0001oqeum9zh3c1u","event":"Session","hasAccount":false}
2026-01-15T11:24:37.243Z - JWT Callback {"tokenSub":"cmk7e2c1r0001oqeum9zh3c1u","event":"Session","hasAccount":false}
2026-01-15T11:25:18.406Z - JWT Callback {"tokenSub":"cmk7e2c1r0001oqeum9zh3c1u","event":"Session","hasAccount":false}
2026-01-15T11:25:21.610Z - JWT Callback {"tokenSub":"cmk7e2c1r0001oqeum9zh3c1u","event":"Session","hasAccount":false}
2026-01-15T11:25:22.663Z - JWT Callback {"tokenSub":"cmk7e2c1r0001oqeum9zh3c1u","event":"Session","hasAccount":false}
2026-01-15T11:25:22.772Z - JWT Callback {"tokenSub":"cmk7e2c1r0001oqeum9zh3c1u","event":"Session","hasAccount":false}
2026-01-15T11:25:36.442Z - JWT Callback {"tokenSub":"cmk7e2c1r0001oqeum9zh3c1u","event":"Session","hasAccount":false}
2026-01-15T11:26:03.658Z - JWT Callback {"tokenSub":"cmk7e2c1r0001oqeum9zh3c1u","event":"Session","hasAccount":false}
2026-01-15T11:26:03.719Z - JWT Callback {"tokenSub":"cmk7e2c1r0001oqeum9zh3c1u","event":"Session","hasAccount":false}
2026-01-15T11:26:20.256Z - JWT Callback {"tokenSub":"cmk7e2c1r0001oqeum9zh3c1u","event":"Session","hasAccount":false}
2026-01-15T11:27:12.218Z - JWT Callback {"tokenSub":"cmk7e2c1r0001oqeum9zh3c1u","event":"Session","hasAccount":false}
2026-01-15T11:27:39.901Z - JWT Callback {"tokenSub":"cmk7e2c1r0001oqeum9zh3c1u","event":"Session","hasAccount":false}
2026-01-15T11:27:44.174Z - JWT Callback {"tokenSub":"cmk7e2c1r0001oqeum9zh3c1u","event":"Session","hasAccount":false}
2026-01-15T11:27:44.655Z - JWT Callback {"tokenSub":"cmk7e2c1r0001oqeum9zh3c1u","event":"Session","hasAccount":false}
2026-01-15T11:27:44.668Z - JWT Callback {"tokenSub":"cmk7e2c1r0001oqeum9zh3c1u","event":"Session","hasAccount":false}
2026-01-15T11:28:26.625Z - JWT Callback {"tokenSub":"cmk7e2c1r0001oqeum9zh3c1u","event":"Session","hasAccount":false}
2026-01-15T11:28:36.272Z - JWT Callback {"tokenSub":"cmk7e2c1r0001oqeum9zh3c1u","event":"Session","hasAccount":false}
2026-01-15T11:28:36.341Z - JWT Callback {"tokenSub":"cmk7e2c1r0001oqeum9zh3c1u","event":"Session","hasAccount":false}
2026-01-15T11:29:21.051Z - JWT Callback {"tokenSub":"cmk7e2c1r0001oqeum9zh3c1u","event":"Session","hasAccount":false}
2026-01-15T11:29:30.501Z - JWT Callback {"tokenSub":"cmk7e2c1r0001oqeum9zh3c1u","event":"Session","hasAccount":false}
2026-01-15T11:29:35.743Z - JWT Callback {"tokenSub":"cmk7e2c1r0001oqeum9zh3c1u","event":"Session","hasAccount":false}
2026-01-15T11:29:36.147Z - JWT Callback {"tokenSub":"cmk7e2c1r0001oqeum9zh3c1u","event":"Session","hasAccount":false}
2026-01-15T11:29:36.202Z - JWT Callback {"tokenSub":"cmk7e2c1r0001oqeum9zh3c1u","event":"Session","hasAccount":false}
2026-01-15T11:29:47.163Z - JWT Callback {"tokenSub":"cmk7e2c1r0001oqeum9zh3c1u","event":"Session","hasAccount":false}
2026-01-15T11:29:47.257Z - JWT Callback {"tokenSub":"cmk7e2c1r0001oqeum9zh3c1u","event":"Session","hasAccount":false}
2026-01-15T11:29:55.197Z - JWT Callback {"tokenSub":"cmk7e2c1r0001oqeum9zh3c1u","event":"Session","hasAccount":false}
2026-01-15T11:29:55.250Z - JWT Callback {"tokenSub":"cmk7e2c1r0001oqeum9zh3c1u","event":"Session","hasAccount":false}
2026-01-15T11:29:57.971Z - JWT Callback {"tokenSub":"cmk7e2c1r0001oqeum9zh3c1u","event":"Session","hasAccount":false}
2026-01-15T11:29:58.035Z - JWT Callback {"tokenSub":"cmk7e2c1r0001oqeum9zh3c1u","event":"Session","hasAccount":false}
2026-01-15T11:30:31.732Z - JWT Callback {"tokenSub":"cmk7e2c1r0001oqeum9zh3c1u","event":"Session","hasAccount":false}
2026-01-15T11:30:31.809Z - JWT Callback {"tokenSub":"cmk7e2c1r0001oqeum9zh3c1u","event":"Session","hasAccount":false}
2026-01-15T11:30:37.955Z - JWT Callback {"tokenSub":"cmk7e2c1r0001oqeum9zh3c1u","event":"Session","hasAccount":false}
2026-01-15T11:30:50.384Z - JWT Callback {"tokenSub":"cmk7e2c1r0001oqeum9zh3c1u","event":"Session","hasAccount":false}
2026-01-15T11:31:49.601Z - JWT Callback {"tokenSub":"cmk7e2c1r0001oqeum9zh3c1u","event":"Session","hasAccount":false}
2026-01-15T11:31:57.636Z - JWT Callback {"tokenSub":"cmk7e2c1r0001oqeum9zh3c1u","event":"Session","hasAccount":false}
2026-01-15T11:31:59.866Z - JWT Callback {"tokenSub":"cmk7e2c1r0001oqeum9zh3c1u","event":"Session","hasAccount":false}
2026-01-15T11:31:59.923Z - JWT Callback {"tokenSub":"cmk7e2c1r0001oqeum9zh3c1u","event":"Session","hasAccount":false}
2026-01-15T11:34:04.104Z - JWT Callback {"tokenSub":"cmk7e2c1r0001oqeum9zh3c1u","event":"Session","hasAccount":false}
2026-01-15T11:34:32.001Z - JWT Callback {"tokenSub":"cmk7e2c1r0001oqeum9zh3c1u","event":"Session","hasAccount":false}
2026-01-15T11:34:32.063Z - JWT Callback {"tokenSub":"cmk7e2c1r0001oqeum9zh3c1u","event":"Session","hasAccount":false}
2026-01-15T11:34:43.581Z - JWT Callback {"tokenSub":"cmk7e2c1r0001oqeum9zh3c1u","event":"Session","hasAccount":false}
2026-01-15T11:34:51.586Z - JWT Callback {"tokenSub":"cmk7e2c1r0001oqeum9zh3c1u","event":"Session","hasAccount":false}
2026-01-15T11:35:16.785Z - JWT Callback {"tokenSub":"cmk7e2c1r0001oqeum9zh3c1u","event":"Session","hasAccount":false}
2026-01-15T11:35:39.002Z - JWT Callback {"tokenSub":"cmk7e2c1r0001oqeum9zh3c1u","event":"Session","hasAccount":false}
2026-01-15T11:35:48.030Z - JWT Callback {"tokenSub":"cmk7e2c1r0001oqeum9zh3c1u","event":"Session","hasAccount":false}
2026-01-15T11:38:01.228Z - JWT Callback {"tokenSub":"cmk7e2c1r0001oqeum9zh3c1u","event":"Session","hasAccount":false}
2026-01-15T11:38:06.039Z - JWT Callback {"tokenSub":"cmk7e2c1r0001oqeum9zh3c1u","event":"Session","hasAccount":false}
2026-01-15T11:38:06.517Z - JWT Callback {"tokenSub":"cmk7e2c1r0001oqeum9zh3c1u","event":"Session","hasAccount":false}
2026-01-15T11:38:06.531Z - JWT Callback {"tokenSub":"cmk7e2c1r0001oqeum9zh3c1u","event":"Session","hasAccount":false}
2026-01-15T11:38:38.534Z - JWT Callback {"tokenSub":"cmk7e2c1r0001oqeum9zh3c1u","event":"Session","hasAccount":false}
2026-01-15T11:38:38.584Z - JWT Callback {"tokenSub":"cmk7e2c1r0001oqeum9zh3c1u","event":"Session","hasAccount":false}
2026-01-15T11:38:45.500Z - JWT Callback {"tokenSub":"cmk7e2c1r0001oqeum9zh3c1u","event":"Session","hasAccount":false}
2026-01-15T11:38:53.591Z - JWT Callback {"tokenSub":"cmk7e2c1r0001oqeum9zh3c1u","event":"Session","hasAccount":false}
2026-01-15T11:39:30.943Z - JWT Callback {"tokenSub":"cmk7e2c1r0001oqeum9zh3c1u","event":"Session","hasAccount":false}
2026-01-15T11:39:41.229Z - JWT Callback {"tokenSub":"cmk7e2c1r0001oqeum9zh3c1u","event":"Session","hasAccount":false}
2026-01-15T11:45:15.098Z - JWT Callback {"tokenSub":"cmk7e2c1r0001oqeum9zh3c1u","event":"Session","hasAccount":false}
2026-01-15T11:45:17.468Z - JWT Callback {"tokenSub":"cmk7e2c1r0001oqeum9zh3c1u","event":"Session","hasAccount":false}
2026-01-15T11:45:17.681Z - JWT Callback {"tokenSub":"cmk7e2c1r0001oqeum9zh3c1u","event":"Session","hasAccount":false}
2026-01-15T11:45:32.571Z - SignIn Callback {"userEmail":"jasonroycompany@gmail.com","provider":"google"}
2026-01-15T11:45:32.588Z - Reset Resume & Templates for User {"userId":"cmk7e2c1r0001oqeum9zh3c1u"}
2026-01-15T11:45:32.594Z - JWT Callback {"tokenSub":"cmk7e2c1r0001oqeum9zh3c1u","event":"SignIn","hasAccount":true}
2026-01-15T11:45:32.991Z - JWT Callback {"tokenSub":"cmk7e2c1r0001oqeum9zh3c1u","event":"Session","hasAccount":false}
2026-01-15T11:45:33.448Z - JWT Callback {"tokenSub":"cmk7e2c1r0001oqeum9zh3c1u","event":"Session","hasAccount":false}
2026-01-15T11:45:33.494Z - JWT Callback {"tokenSub":"cmk7e2c1r0001oqeum9zh3c1u","event":"Session","hasAccount":false}
2026-01-15T11:45:48.400Z - JWT Callback {"tokenSub":"cmk7e2c1r0001oqeum9zh3c1u","event":"Session","hasAccount":false}
2026-01-15T11:46:22.629Z - JWT Callback {"tokenSub":"cmk7e2c1r0001oqeum9zh3c1u","event":"Session","hasAccount":false}
2026-01-15T11:46:49.532Z - JWT Callback {"tokenSub":"cmk7e2c1r0001oqeum9zh3c1u","event":"Session","hasAccount":false}
2026-01-15T11:46:49.624Z - JWT Callback {"tokenSub":"cmk7e2c1r0001oqeum9zh3c1u","event":"Session","hasAccount":false}
2026-01-15T11:47:21.591Z - JWT Callback {"tokenSub":"cmk7e2c1r0001oqeum9zh3c1u","event":"Session","hasAccount":false}
2026-01-15T11:47:21.653Z - JWT Callback {"tokenSub":"cmk7e2c1r0001oqeum9zh3c1u","event":"Session","hasAccount":false}
2026-01-15T11:47:31.686Z - JWT Callback {"tokenSub":"cmk7e2c1r0001oqeum9zh3c1u","event":"Session","hasAccount":false}
2026-01-15T11:47:35.497Z - JWT Callback {"tokenSub":"cmk7e2c1r0001oqeum9zh3c1u","event":"Session","hasAccount":false}
2026-01-15T11:48:25.713Z - JWT Callback {"tokenSub":"cmk7e2c1r0001oqeum9zh3c1u","event":"Session","hasAccount":false}
2026-01-15T11:49:18.050Z - JWT Callback {"tokenSub":"cmk7e2c1r0001oqeum9zh3c1u","event":"Session","hasAccount":false}
2026-01-15T11:50:10.369Z - JWT Callback {"tokenSub":"cmk7e2c1r0001oqeum9zh3c1u","event":"Session","hasAccount":false}
2026-01-15T11:51:02.675Z - JWT Callback {"tokenSub":"cmk7e2c1r0001oqeum9zh3c1u","event":"Session","hasAccount":false}
2026-01-15T11:51:58.313Z - JWT Callback {"tokenSub":"cmk7e2c1r0001oqeum9zh3c1u","event":"Session","hasAccount":false}
2026-01-15T11:53:34.560Z - JWT Callback {"tokenSub":"cmk7e2c1r0001oqeum9zh3c1u","event":"Session","hasAccount":false}
2026-01-15T11:53:40.927Z - JWT Callback {"tokenSub":"cmk7e2c1r0001oqeum9zh3c1u","event":"Session","hasAccount":false}
2026-01-15T11:53:44.746Z - JWT Callback {"tokenSub":"cmk7e2c1r0001oqeum9zh3c1u","event":"Session","hasAccount":false}
2026-01-15T11:54:38.068Z - JWT Callback {"tokenSub":"cmk7e2c1r0001oqeum9zh3c1u","event":"Session","hasAccount":false}
2026-01-15T11:55:30.364Z - JWT Callback {"tokenSub":"cmk7e2c1r0001oqeum9zh3c1u","event":"Session","hasAccount":false}
2026-01-15T11:56:26.687Z - JWT Callback {"tokenSub":"cmk7e2c1r0001oqeum9zh3c1u","event":"Session","hasAccount":false}
2026-01-15T11:57:27.098Z - JWT Callback {"tokenSub":"cmk7e2c1r0001oqeum9zh3c1u","event":"Session","hasAccount":false}
2026-01-15T11:58:26.443Z - JWT Callback {"tokenSub":"cmk7e2c1r0001oqeum9zh3c1u","event":"Session","hasAccount":false}
2026-01-15T11:59:16.733Z - JWT Callback {"tokenSub":"cmk7e2c1r0001oqeum9zh3c1u","event":"Session","hasAccount":false}
2026-01-15T12:00:07.003Z - JWT Callback {"tokenSub":"cmk7e2c1r0001oqeum9zh3c1u","event":"Session","hasAccount":false}
2026-01-15T12:01:03.414Z - JWT Callback {"tokenSub":"cmk7e2c1r0001oqeum9zh3c1u","event":"Session","hasAccount":false}
2026-01-15T12:01:57.712Z - JWT Callback {"tokenSub":"cmk7e2c1r0001oqeum9zh3c1u","event":"Session","hasAccount":false}
2026-01-15T12:02:46.345Z - JWT Callback {"tokenSub":"cmk7e2c1r0001oqeum9zh3c1u","event":"Session","hasAccount":false}
2026-01-15T12:05:44.627Z - JWT Callback {"tokenSub":"cmk7e2c1r0001oqeum9zh3c1u","event":"Session","hasAccount":false}
2026-01-15T12:05:45.396Z - JWT Callback {"tokenSub":"cmk7e2c1r0001oqeum9zh3c1u","event":"Session","hasAccount":false}
2026-01-15T12:05:45.551Z - JWT Callback {"tokenSub":"cmk7e2c1r0001oqeum9zh3c1u","event":"Session","hasAccount":false}
2026-01-15T12:05:45.621Z - JWT Callback {"tokenSub":"cmk7e2c1r0001oqeum9zh3c1u","event":"Session","hasAccount":false}
2026-01-15T12:06:07.274Z - JWT Callback {"tokenSub":"cmk7e2c1r0001oqeum9zh3c1u","event":"Session","hasAccount":false}
2026-01-15T12:06:07.369Z - JWT Callback {"tokenSub":"cmk7e2c1r0001oqeum9zh3c1u","event":"Session","hasAccount":false}
2026-01-15T12:06:20.825Z - SignIn Callback {"userEmail":"jasonroycompany@gmail.com","provider":"google"}
2026-01-15T12:06:20.847Z - Reset Resume & Templates for User {"userId":"cmk7e2c1r0001oqeum9zh3c1u"}
2026-01-15T12:06:20.859Z - JWT Callback {"tokenSub":"cmk7e2c1r0001oqeum9zh3c1u","event":"SignIn","hasAccount":true}
2026-01-15T12:06:21.280Z - JWT Callback {"tokenSub":"cmk7e2c1r0001oqeum9zh3c1u","event":"Session","hasAccount":false}
2026-01-15T12:06:21.756Z - JWT Callback {"tokenSub":"cmk7e2c1r0001oqeum9zh3c1u","event":"Session","hasAccount":false}
2026-01-15T12:06:21.785Z - JWT Callback {"tokenSub":"cmk7e2c1r0001oqeum9zh3c1u","event":"Session","hasAccount":false}
2026-01-15T12:06:33.088Z - JWT Callback {"tokenSub":"cmk7e2c1r0001oqeum9zh3c1u","event":"Session","hasAccount":false}
2026-01-15T12:07:00.349Z - JWT Callback {"tokenSub":"cmk7e2c1r0001oqeum9zh3c1u","event":"Session","hasAccount":false}
2026-01-15T12:07:01.955Z - JWT Callback {"tokenSub":"cmk7e2c1r0001oqeum9zh3c1u","event":"Session","hasAccount":false}
2026-01-15T12:07:02.020Z - JWT Callback {"tokenSub":"cmk7e2c1r0001oqeum9zh3c1u","event":"Session","hasAccount":false}
2026-01-15T12:08:03.398Z - JWT Callback {"tokenSub":"cmk7e2c1r0001oqeum9zh3c1u","event":"Session","hasAccount":false}
2026-01-15T12:08:03.471Z - JWT Callback {"tokenSub":"cmk7e2c1r0001oqeum9zh3c1u","event":"Session","hasAccount":false}
2026-01-15T12:09:10.024Z - JWT Callback {"tokenSub":"cmk7e2c1r0001oqeum9zh3c1u","event":"Session","hasAccount":false}
2026-01-15T12:09:24.446Z - JWT Callback {"tokenSub":"cmk7e2c1r0001oqeum9zh3c1u","event":"Session","hasAccount":false}
2026-01-15T12:09:25.938Z - JWT Callback {"tokenSub":"cmk7e2c1r0001oqeum9zh3c1u","event":"Session","hasAccount":false}
2026-01-15T12:10:27.842Z - JWT Callback {"tokenSub":"cmk7e2c1r0001oqeum9zh3c1u","event":"Session","hasAccount":false}
2026-01-15T12:10:27.885Z - JWT Callback {"tokenSub":"cmk7e2c1r0001oqeum9zh3c1u","event":"Session","hasAccount":false}
2026-01-15T12:10:37.898Z - JWT Callback {"tokenSub":"cmk7e2c1r0001oqeum9zh3c1u","event":"Session","hasAccount":false}
2026-01-15T12:10:41.698Z - JWT Callback {"tokenSub":"cmk7e2c1r0001oqeum9zh3c1u","event":"Session","hasAccount":false}
2026-01-15T12:10:47.540Z - JWT Callback {"tokenSub":"cmk7e2c1r0001oqeum9zh3c1u","event":"Session","hasAccount":false}
2026-01-15T12:11:40.816Z - JWT Callback {"tokenSub":"cmk7e2c1r0001oqeum9zh3c1u","event":"Session","hasAccount":false}
2026-01-15T12:12:35.134Z - JWT Callback {"tokenSub":"cmk7e2c1r0001oqeum9zh3c1u","event":"Session","hasAccount":false}
2026-01-15T12:13:31.493Z - JWT Callback {"tokenSub":"cmk7e2c1r0001oqeum9zh3c1u","event":"Session","hasAccount":false}
2026-01-15T12:14:27.142Z - JWT Callback {"tokenSub":"cmk7e2c1r0001oqeum9zh3c1u","event":"Session","hasAccount":false}
2026-01-15T12:14:35.322Z - JWT Callback {"tokenSub":"cmk7e2c1r0001oqeum9zh3c1u","event":"Session","hasAccount":false}
2026-01-15T12:14:39.116Z - JWT Callback {"tokenSub":"cmk7e2c1r0001oqeum9zh3c1u","event":"Session","hasAccount":false}
2026-01-15T12:15:38.479Z - JWT Callback {"tokenSub":"cmk7e2c1r0001oqeum9zh3c1u","event":"Session","hasAccount":false}
2026-01-15T12:16:28.790Z - JWT Callback {"tokenSub":"cmk7e2c1r0001oqeum9zh3c1u","event":"Session","hasAccount":false}
2026-01-15T12:17:17.047Z - JWT Callback {"tokenSub":"cmk7e2c1r0001oqeum9zh3c1u","event":"Session","hasAccount":false}
2026-01-15T12:18:10.353Z - JWT Callback {"tokenSub":"cmk7e2c1r0001oqeum9zh3c1u","event":"Session","hasAccount":false}
2026-01-15T12:19:04.734Z - JWT Callback {"tokenSub":"cmk7e2c1r0001oqeum9zh3c1u","event":"Session","hasAccount":false}
2026-01-15T12:20:00.075Z - JWT Callback {"tokenSub":"cmk7e2c1r0001oqeum9zh3c1u","event":"Session","hasAccount":false}
2026-01-15T12:20:53.439Z - JWT Callback {"tokenSub":"cmk7e2c1r0001oqeum9zh3c1u","event":"Session","hasAccount":false}
2026-01-15T12:21:44.762Z - JWT Callback {"tokenSub":"cmk7e2c1r0001oqeum9zh3c1u","event":"Session","hasAccount":false}
2026-01-15T12:22:39.126Z - JWT Callback {"tokenSub":"cmk7e2c1r0001oqeum9zh3c1u","event":"Session","hasAccount":false}
2026-01-15T12:23:36.529Z - JWT Callback {"tokenSub":"cmk7e2c1r0001oqeum9zh3c1u","event":"Session","hasAccount":false}
2026-01-15T12:24:30.833Z - JWT Callback {"tokenSub":"cmk7e2c1r0001oqeum9zh3c1u","event":"Session","hasAccount":false}
2026-01-15T12:25:17.073Z - JWT Callback {"tokenSub":"cmk7e2c1r0001oqeum9zh3c1u","event":"Session","hasAccount":false}
2026-01-15T12:26:09.344Z - JWT Callback {"tokenSub":"cmk7e2c1r0001oqeum9zh3c1u","event":"Session","hasAccount":false}
2026-01-15T12:27:02.681Z - JWT Callback {"tokenSub":"cmk7e2c1r0001oqeum9zh3c1u","event":"Session","hasAccount":false}
2026-01-15T12:28:02.041Z - JWT Callback {"tokenSub":"cmk7e2c1r0001oqeum9zh3c1u","event":"Session","hasAccount":false}
2026-01-15T12:28:58.393Z - JWT Callback {"tokenSub":"cmk7e2c1r0001oqeum9zh3c1u","event":"Session","hasAccount":false}
2026-01-15T12:29:55.751Z - JWT Callback {"tokenSub":"cmk7e2c1r0001oqeum9zh3c1u","event":"Session","hasAccount":false}
2026-01-15T12:30:49.086Z - JWT Callback {"tokenSub":"cmk7e2c1r0001oqeum9zh3c1u","event":"Session","hasAccount":false}
2026-01-15T12:31:37.352Z - JWT Callback {"tokenSub":"cmk7e2c1r0001oqeum9zh3c1u","event":"Session","hasAccount":false}
2026-01-15T12:32:27.994Z - JWT Callback {"tokenSub":"cmk7e2c1r0001oqeum9zh3c1u","event":"Session","hasAccount":false}
2026-01-15T12:40:34.635Z - JWT Callback {"tokenSub":"cmk7e2c1r0001oqeum9zh3c1u","event":"Session","hasAccount":false}
2026-01-15T12:40:34.735Z - JWT Callback {"tokenSub":"cmk7e2c1r0001oqeum9zh3c1u","event":"Session","hasAccount":false}
2026-01-15T12:40:44.527Z - SignIn Callback {"userEmail":"jasonroycompany@gmail.com","provider":"credentials"}
2026-01-15T12:40:44.554Z - Reset Resume & Templates for User {"userId":"cmk7e2c1r0001oqeum9zh3c1u"}
2026-01-15T12:40:44.555Z - JWT Callback {"tokenSub":"cmk7e2c1r0001oqeum9zh3c1u","event":"SignIn","hasAccount":true}
2026-01-15T12:40:44.652Z - JWT Callback {"tokenSub":"cmk7e2c1r0001oqeum9zh3c1u","event":"Session","hasAccount":false}
2026-01-15T12:40:44.793Z - JWT Callback {"tokenSub":"cmk7e2c1r0001oqeum9zh3c1u","event":"Session","hasAccount":false}
2026-01-15T12:40:44.895Z - JWT Callback {"tokenSub":"cmk7e2c1r0001oqeum9zh3c1u","event":"Session","hasAccount":false}
2026-01-15T12:40:45.099Z - JWT Callback {"tokenSub":"cmk7e2c1r0001oqeum9zh3c1u","event":"Session","hasAccount":false}
2026-01-15T12:40:45.138Z - JWT Callback {"tokenSub":"cmk7e2c1r0001oqeum9zh3c1u","event":"Session","hasAccount":false}
2026-01-15T12:41:02.246Z - JWT Callback {"tokenSub":"cmk7e2c1r0001oqeum9zh3c1u","event":"Session","hasAccount":false}
2026-01-15T12:41:08.525Z - JWT Callback {"tokenSub":"cmk7e2c1r0001oqeum9zh3c1u","event":"Session","hasAccount":false}
2026-01-15T12:41:09.830Z - JWT Callback {"tokenSub":"cmk7e2c1r0001oqeum9zh3c1u","event":"Session","hasAccount":false}
2026-01-15T12:41:54.342Z - JWT Callback {"tokenSub":"cmk7e2c1r0001oqeum9zh3c1u","event":"Session","hasAccount":false}
2026-01-15T12:41:54.403Z - JWT Callback {"tokenSub":"cmk7e2c1r0001oqeum9zh3c1u","event":"Session","hasAccount":false}
2026-01-15T12:42:03.829Z - JWT Callback {"tokenSub":"cmk7e2c1r0001oqeum9zh3c1u","event":"Session","hasAccount":false}
2026-01-15T12:42:07.596Z - JWT Callback {"tokenSub":"cmk7e2c1r0001oqeum9zh3c1u","event":"Session","hasAccount":false}
2026-01-15T12:43:03.232Z - JWT Callback {"tokenSub":"cmk7e2c1r0001oqeum9zh3c1u","event":"Session","hasAccount":false}
2026-01-15T12:48:41.749Z - JWT Callback {"tokenSub":"cmk7e2c1r0001oqeum9zh3c1u","event":"Session","hasAccount":false}
2026-01-15T12:48:47.436Z - JWT Callback {"tokenSub":"cmk7e2c1r0001oqeum9zh3c1u","event":"Session","hasAccount":false}
2026-01-15T12:49:00.911Z - JWT Callback {"tokenSub":"cmk7e2c1r0001oqeum9zh3c1u","event":"Session","hasAccount":false}
2026-01-15T12:49:51.756Z - JWT Callback {"tokenSub":"cmk7e2c1r0001oqeum9zh3c1u","event":"Session","hasAccount":false}
2026-01-15T12:51:33.767Z - JWT Callback {"tokenSub":"cmk7e2c1r0001oqeum9zh3c1u","event":"Session","hasAccount":false}
2026-01-15T12:51:37.547Z - JWT Callback {"tokenSub":"cmk7e2c1r0001oqeum9zh3c1u","event":"Session","hasAccount":false}
2026-01-15T12:52:38.011Z - JWT Callback {"tokenSub":"cmk7e2c1r0001oqeum9zh3c1u","event":"Session","hasAccount":false}
2026-01-15T12:52:49.994Z - JWT Callback {"tokenSub":"cmk7e2c1r0001oqeum9zh3c1u","event":"Session","hasAccount":false}
2026-01-15T12:53:16.387Z - JWT Callback {"tokenSub":"cmk7e2c1r0001oqeum9zh3c1u","event":"Session","hasAccount":false}
2026-01-15T12:53:34.021Z - JWT Callback {"tokenSub":"cmk7e2c1r0001oqeum9zh3c1u","event":"Session","hasAccount":false}
2026-01-15T12:53:34.087Z - JWT Callback {"tokenSub":"cmk7e2c1r0001oqeum9zh3c1u","event":"Session","hasAccount":false}
2026-01-15T12:54:32.025Z - JWT Callback {"tokenSub":"cmk7e2c1r0001oqeum9zh3c1u","event":"Session","hasAccount":false}
2026-01-15T12:54:57.788Z - JWT Callback {"tokenSub":"cmk7e2c1r0001oqeum9zh3c1u","event":"Session","hasAccount":false}
2026-01-15T12:55:32.019Z - JWT Callback {"tokenSub":"cmk7e2c1r0001oqeum9zh3c1u","event":"Session","hasAccount":false}
2026-01-15T12:56:05.144Z - JWT Callback {"tokenSub":"cmk7e2c1r0001oqeum9zh3c1u","event":"Session","hasAccount":false}
2026-01-15T12:56:18.138Z - JWT Callback {"tokenSub":"cmk7e2c1r0001oqeum9zh3c1u","event":"Session","hasAccount":false}
2026-01-15T12:56:27.109Z - JWT Callback {"tokenSub":"cmk7e2c1r0001oqeum9zh3c1u","event":"Session","hasAccount":false}
2026-01-15T12:56:32.030Z - JWT Callback {"tokenSub":"cmk7e2c1r0001oqeum9zh3c1u","event":"Session","hasAccount":false}
2026-01-15T12:56:32.077Z - JWT Callback {"tokenSub":"cmk7e2c1r0001oqeum9zh3c1u","event":"Session","hasAccount":false}
2026-01-15T13:01:17.290Z - JWT Callback {"tokenSub":"cmk7e2c1r0001oqeum9zh3c1u","event":"Session","hasAccount":false}
2026-01-15T13:04:32.577Z - JWT Callback {"tokenSub":"cmk7e2c1r0001oqeum9zh3c1u","event":"Session","hasAccount":false}
2026-01-15T13:05:12.280Z - JWT Callback {"tokenSub":"cmk7e2c1r0001oqeum9zh3c1u","event":"Session","hasAccount":false}
2026-01-15T13:05:12.336Z - JWT Callback {"tokenSub":"cmk7e2c1r0001oqeum9zh3c1u","event":"Session","hasAccount":false}
2026-01-15T13:05:22.838Z - JWT Callback {"tokenSub":"cmk7e2c1r0001oqeum9zh3c1u","event":"Session","hasAccount":false}
2026-01-15T13:05:23.506Z - JWT Callback {"tokenSub":"cmk7e2c1r0001oqeum9zh3c1u","event":"Session","hasAccount":false}
2026-01-15T13:06:14.184Z - JWT Callback {"tokenSub":"cmk7e2c1r0001oqeum9zh3c1u","event":"Session","hasAccount":false}
2026-01-15T13:07:02.497Z - JWT Callback {"tokenSub":"cmk7e2c1r0001oqeum9zh3c1u","event":"Session","hasAccount":false}
2026-01-15T13:07:51.032Z - JWT Callback {"tokenSub":"cmk7e2c1r0001oqeum9zh3c1u","event":"Session","hasAccount":false}
2026-01-15T13:08:37.513Z - JWT Callback {"tokenSub":"cmk7e2c1r0001oqeum9zh3c1u","event":"Session","hasAccount":false}
2026-01-15T13:08:55.751Z - JWT Callback {"tokenSub":"cmk7e2c1r0001oqeum9zh3c1u","event":"Session","hasAccount":false}
2026-01-15T13:08:56.577Z - JWT Callback {"tokenSub":"cmk7e2c1r0001oqeum9zh3c1u","event":"Session","hasAccount":false}
2026-01-15T13:08:56.617Z - JWT Callback {"tokenSub":"cmk7e2c1r0001oqeum9zh3c1u","event":"Session","hasAccount":false}
2026-01-15T13:09:01.972Z - JWT Callback {"tokenSub":"cmk7e2c1r0001oqeum9zh3c1u","event":"Session","hasAccount":false}
2026-01-15T13:09:03.604Z - JWT Callback {"tokenSub":"cmk7e2c1r0001oqeum9zh3c1u","event":"Session","hasAccount":false}
2026-01-15T13:09:32.713Z - JWT Callback {"tokenSub":"cmk7e2c1r0001oqeum9zh3c1u","event":"Session","hasAccount":false}
2026-01-15T13:09:32.775Z - JWT Callback {"tokenSub":"cmk7e2c1r0001oqeum9zh3c1u","event":"Session","hasAccount":false}
2026-01-15T13:14:04.705Z - JWT Callback {"tokenSub":"cmk7e2c1r0001oqeum9zh3c1u","event":"Session","hasAccount":false}
2026-01-15T13:14:06.705Z - JWT Callback {"tokenSub":"cmk7e2c1r0001oqeum9zh3c1u","event":"Session","hasAccount":false}
2026-01-15T13:14:07.390Z - JWT Callback {"tokenSub":"cmk7e2c1r0001oqeum9zh3c1u","event":"Session","hasAccount":false}
2026-01-15T13:14:53.745Z - JWT Callback {"tokenSub":"cmk7e2c1r0001oqeum9zh3c1u","event":"Session","hasAccount":false}
2026-01-15T13:15:47.044Z - JWT Callback {"tokenSub":"cmk7e2c1r0001oqeum9zh3c1u","event":"Session","hasAccount":false}
2026-01-15T13:16:50.004Z - JWT Callback {"tokenSub":"cmk7e2c1r0001oqeum9zh3c1u","event":"Session","hasAccount":false}
2026-01-15T13:16:59.041Z - JWT Callback {"tokenSub":"cmk7e2c1r0001oqeum9zh3c1u","event":"Session","hasAccount":false}
2026-01-15T13:17:43.012Z - JWT Callback {"tokenSub":"cmk7e2c1r0001oqeum9zh3c1u","event":"Session","hasAccount":false}
2026-01-15T13:18:39.028Z - JWT Callback {"tokenSub":"cmk7e2c1r0001oqeum9zh3c1u","event":"Session","hasAccount":false}
2026-01-15T13:19:57.069Z - JWT Callback {"tokenSub":"cmk7e2c1r0001oqeum9zh3c1u","event":"Session","hasAccount":false}
2026-01-15T13:20:02.996Z - JWT Callback {"tokenSub":"cmk7e2c1r0001oqeum9zh3c1u","event":"Session","hasAccount":false}
2026-01-15T13:20:04.503Z - JWT Callback {"tokenSub":"cmk7e2c1r0001oqeum9zh3c1u","event":"Session","hasAccount":false}
2026-01-15T13:20:53.860Z - JWT Callback {"tokenSub":"cmk7e2c1r0001oqeum9zh3c1u","event":"Session","hasAccount":false}
2026-01-15T13:21:54.023Z - JWT Callback {"tokenSub":"cmk7e2c1r0001oqeum9zh3c1u","event":"Session","hasAccount":false}
2026-01-15T13:22:49.557Z - JWT Callback {"tokenSub":"cmk7e2c1r0001oqeum9zh3c1u","event":"Session","hasAccount":false}
2026-01-15T13:23:39.825Z - JWT Callback {"tokenSub":"cmk7e2c1r0001oqeum9zh3c1u","event":"Session","hasAccount":false}
2026-01-15T13:25:16.893Z - JWT Callback {"tokenSub":"cmk7e2c1r0001oqeum9zh3c1u","event":"Session","hasAccount":false}
2026-01-15T13:25:16.934Z - JWT Callback {"tokenSub":"cmk7e2c1r0001oqeum9zh3c1u","event":"Session","hasAccount":false}
2026-01-15T13:25:16.972Z - JWT Callback {"tokenSub":"cmk7e2c1r0001oqeum9zh3c1u","event":"Session","hasAccount":false}
2026-01-15T13:25:17.612Z - JWT Callback {"tokenSub":"cmk7e2c1r0001oqeum9zh3c1u","event":"Session","hasAccount":false}
2026-01-15T13:25:17.648Z - JWT Callback {"tokenSub":"cmk7e2c1r0001oqeum9zh3c1u","event":"Session","hasAccount":false}
2026-01-15T13:25:36.508Z - JWT Callback {"tokenSub":"cmk7e2c1r0001oqeum9zh3c1u","event":"Session","hasAccount":false}
2026-01-15T13:38:07.525Z - JWT Callback {"tokenSub":"cmk7e2c1r0001oqeum9zh3c1u","event":"Session","hasAccount":false}
2026-01-15T13:38:08.582Z - JWT Callback {"tokenSub":"cmk7e2c1r0001oqeum9zh3c1u","event":"Session","hasAccount":false}
2026-01-15T13:38:09.226Z - JWT Callback {"tokenSub":"cmk7e2c1r0001oqeum9zh3c1u","event":"Session","hasAccount":false}
2026-01-15T13:45:11.643Z - JWT Callback {"tokenSub":"cmk7e2c1r0001oqeum9zh3c1u","event":"Session","hasAccount":false}
2026-01-15T13:45:11.708Z - JWT Callback {"tokenSub":"cmk7e2c1r0001oqeum9zh3c1u","event":"Session","hasAccount":false}
2026-01-15T13:45:11.754Z - JWT Callback {"tokenSub":"cmk7e2c1r0001oqeum9zh3c1u","event":"Session","hasAccount":false}
2026-01-15T13:45:11.830Z - JWT Callback {"tokenSub":"cmk7e2c1r0001oqeum9zh3c1u","event":"Session","hasAccount":false}
2026-01-15T13:45:33.368Z - JWT Callback {"tokenSub":"cmk7e2c1r0001oqeum9zh3c1u","event":"Session","hasAccount":false}
2026-01-15T13:45:33.469Z - JWT Callback {"tokenSub":"cmk7e2c1r0001oqeum9zh3c1u","event":"Session","hasAccount":false}
2026-01-15T13:45:33.687Z - JWT Callback {"tokenSub":"cmk7e2c1r0001oqeum9zh3c1u","event":"Session","hasAccount":false}
2026-01-15T13:45:33.749Z - JWT Callback {"tokenSub":"cmk7e2c1r0001oqeum9zh3c1u","event":"Session","hasAccount":false}
2026-01-15T13:46:10.222Z - JWT Callback {"tokenSub":"cmk7e2c1r0001oqeum9zh3c1u","event":"Session","hasAccount":false}
2026-01-15T13:46:10.305Z - JWT Callback {"tokenSub":"cmk7e2c1r0001oqeum9zh3c1u","event":"Session","hasAccount":false}
2026-01-15T13:46:10.425Z - JWT Callback {"tokenSub":"cmk7e2c1r0001oqeum9zh3c1u","event":"Session","hasAccount":false}
2026-01-15T13:46:10.531Z - JWT Callback {"tokenSub":"cmk7e2c1r0001oqeum9zh3c1u","event":"Session","hasAccount":false}
2026-01-15T14:26:44.480Z - JWT Callback {"tokenSub":"cmk7e2c1r0001oqeum9zh3c1u","event":"Session","hasAccount":false}
2026-01-15T14:26:44.522Z - JWT Callback {"tokenSub":"cmk7e2c1r0001oqeum9zh3c1u","event":"Session","hasAccount":false}
2026-01-15T14:27:27.350Z - JWT Callback {"tokenSub":"cmk7e2c1r0001oqeum9zh3c1u","event":"Session","hasAccount":false}
2026-01-15T14:27:27.447Z - JWT Callback {"tokenSub":"cmk7e2c1r0001oqeum9zh3c1u","event":"Session","hasAccount":false}
2026-01-15T14:27:34.035Z - JWT Callback {"tokenSub":"cmk7e2c1r0001oqeum9zh3c1u","event":"Session","hasAccount":false}
2026-01-15T14:27:42.037Z - JWT Callback {"tokenSub":"cmk7e2c1r0001oqeum9zh3c1u","event":"Session","hasAccount":false}
2026-01-15T14:27:43.034Z - JWT Callback {"tokenSub":"cmk7e2c1r0001oqeum9zh3c1u","event":"Session","hasAccount":false}
2026-01-15T14:27:47.197Z - JWT Callback {"tokenSub":"cmk7e2c1r0001oqeum9zh3c1u","event":"Session","hasAccount":false}
2026-01-15T14:27:47.764Z - JWT Callback {"tokenSub":"cmk7e2c1r0001oqeum9zh3c1u","event":"Session","hasAccount":false}
2026-01-15T14:27:53.208Z - JWT Callback {"tokenSub":"cmk7e2c1r0001oqeum9zh3c1u","event":"Session","hasAccount":false}
2026-01-15T14:28:56.780Z - JWT Callback {"tokenSub":"cmk7e2c1r0001oqeum9zh3c1u","event":"Session","hasAccount":false}
2026-01-15T14:28:56.848Z - JWT Callback {"tokenSub":"cmk7e2c1r0001oqeum9zh3c1u","event":"Session","hasAccount":false}
2026-01-15T14:29:00.022Z - JWT Callback {"tokenSub":"cmk7e2c1r0001oqeum9zh3c1u","event":"Session","hasAccount":false}
2026-01-15T14:29:00.719Z - JWT Callback {"tokenSub":"cmk7e2c1r0001oqeum9zh3c1u","event":"Session","hasAccount":false}
2026-01-15T14:29:00.746Z - JWT Callback {"tokenSub":"cmk7e2c1r0001oqeum9zh3c1u","event":"Session","hasAccount":false}
2026-01-15T14:29:00.843Z - JWT Callback {"tokenSub":"cmk7e2c1r0001oqeum9zh3c1u","event":"Session","hasAccount":false}
2026-01-15T14:30:36.189Z - JWT Callback {"tokenSub":"cmk7e2c1r0001oqeum9zh3c1u","event":"Session","hasAccount":false}
2026-01-15T14:30:36.243Z - JWT Callback {"tokenSub":"cmk7e2c1r0001oqeum9zh3c1u","event":"Session","hasAccount":false}
2026-01-15T14:30:42.617Z - JWT Callback {"tokenSub":"cmk7e2c1r0001oqeum9zh3c1u","event":"Session","hasAccount":false}
2026-01-15T14:30:42.687Z - JWT Callback {"tokenSub":"cmk7e2c1r0001oqeum9zh3c1u","event":"Session","hasAccount":false}
2026-01-15T14:32:23.699Z - JWT Callback {"tokenSub":"cmk7e2c1r0001oqeum9zh3c1u","event":"Session","hasAccount":false}
2026-01-15T14:32:23.788Z - JWT Callback {"tokenSub":"cmk7e2c1r0001oqeum9zh3c1u","event":"Session","hasAccount":false}
2026-01-15T14:32:26.038Z - JWT Callback {"tokenSub":"cmk7e2c1r0001oqeum9zh3c1u","event":"Session","hasAccount":false}
2026-01-15T14:32:26.141Z - JWT Callback {"tokenSub":"cmk7e2c1r0001oqeum9zh3c1u","event":"Session","hasAccount":false}
2026-01-15T14:32:30.073Z - JWT Callback {"tokenSub":"cmk7e2c1r0001oqeum9zh3c1u","event":"Session","hasAccount":false}
2026-01-15T14:32:30.634Z - JWT Callback {"tokenSub":"cmk7e2c1r0001oqeum9zh3c1u","event":"Session","hasAccount":false}
2026-01-15T14:32:30.655Z - JWT Callback {"tokenSub":"cmk7e2c1r0001oqeum9zh3c1u","event":"Session","hasAccount":false}
2026-01-15T14:32:30.731Z - JWT Callback {"tokenSub":"cmk7e2c1r0001oqeum9zh3c1u","event":"Session","hasAccount":false}
2026-01-15T14:33:03.442Z - JWT Callback {"tokenSub":"cmk7e2c1r0001oqeum9zh3c1u","event":"Session","hasAccount":false}
2026-01-15T14:33:03.520Z - JWT Callback {"tokenSub":"cmk7e2c1r0001oqeum9zh3c1u","event":"Session","hasAccount":false}
2026-01-15T14:33:06.673Z - JWT Callback {"tokenSub":"cmk7e2c1r0001oqeum9zh3c1u","event":"Session","hasAccount":false}
2026-01-15T14:33:07.145Z - JWT Callback {"tokenSub":"cmk7e2c1r0001oqeum9zh3c1u","event":"Session","hasAccount":false}
2026-01-15T14:33:07.160Z - JWT Callback {"tokenSub":"cmk7e2c1r0001oqeum9zh3c1u","event":"Session","hasAccount":false}
2026-01-15T14:33:07.200Z - JWT Callback {"tokenSub":"cmk7e2c1r0001oqeum9zh3c1u","event":"Session","hasAccount":false}
2026-01-15T14:33:22.842Z - JWT Callback {"tokenSub":"cmk7e2c1r0001oqeum9zh3c1u","event":"Session","hasAccount":false}
2026-01-15T14:33:22.909Z - JWT Callback {"tokenSub":"cmk7e2c1r0001oqeum9zh3c1u","event":"Session","hasAccount":false}
2026-01-15T14:33:24.881Z - JWT Callback {"tokenSub":"cmk7e2c1r0001oqeum9zh3c1u","event":"Session","hasAccount":false}
2026-01-15T14:33:25.366Z - JWT Callback {"tokenSub":"cmk7e2c1r0001oqeum9zh3c1u","event":"Session","hasAccount":false}
2026-01-15T14:33:25.429Z - JWT Callback {"tokenSub":"cmk7e2c1r0001oqeum9zh3c1u","event":"Session","hasAccount":false}
2026-01-15T14:33:25.529Z - JWT Callback {"tokenSub":"cmk7e2c1r0001oqeum9zh3c1u","event":"Session","hasAccount":false}
2026-01-15T14:35:45.954Z - JWT Callback {"tokenSub":"cmk7e2c1r0001oqeum9zh3c1u","event":"Session","hasAccount":false}
2026-01-15T14:35:50.345Z - JWT Callback {"tokenSub":"cmk7e2c1r0001oqeum9zh3c1u","event":"Session","hasAccount":false}
2026-01-15T14:35:50.383Z - JWT Callback {"tokenSub":"cmk7e2c1r0001oqeum9zh3c1u","event":"Session","hasAccount":false}
2026-01-15T14:35:50.590Z - JWT Callback {"tokenSub":"cmk7e2c1r0001oqeum9zh3c1u","event":"Session","hasAccount":false}
2026-01-15T14:35:54.944Z - JWT Callback {"tokenSub":"cmk7e2c1r0001oqeum9zh3c1u","event":"Session","hasAccount":false}
2026-01-15T14:35:55.026Z - JWT Callback {"tokenSub":"cmk7e2c1r0001oqeum9zh3c1u","event":"Session","hasAccount":false}
2026-01-15T14:35:57.162Z - JWT Callback {"tokenSub":"cmk7e2c1r0001oqeum9zh3c1u","event":"Session","hasAccount":false}
2026-01-15T14:35:57.249Z - JWT Callback {"tokenSub":"cmk7e2c1r0001oqeum9zh3c1u","event":"Session","hasAccount":false}
2026-01-15T14:36:00.695Z - JWT Callback {"tokenSub":"cmk7e2c1r0001oqeum9zh3c1u","event":"Session","hasAccount":false}
2026-01-15T14:36:01.969Z - JWT Callback {"tokenSub":"cmk7e2c1r0001oqeum9zh3c1u","event":"Session","hasAccount":false}
2026-01-15T14:36:01.982Z - JWT Callback {"tokenSub":"cmk7e2c1r0001oqeum9zh3c1u","event":"Session","hasAccount":false}
2026-01-15T14:36:03.084Z - JWT Callback {"tokenSub":"cmk7e2c1r0001oqeum9zh3c1u","event":"Session","hasAccount":false}
2026-01-15T14:36:10.894Z - JWT Callback {"tokenSub":"cmk7e2c1r0001oqeum9zh3c1u","event":"Session","hasAccount":false}
2026-01-15T14:36:10.953Z - JWT Callback {"tokenSub":"cmk7e2c1r0001oqeum9zh3c1u","event":"Session","hasAccount":false}
2026-01-15T14:36:13.156Z - JWT Callback {"tokenSub":"cmk7e2c1r0001oqeum9zh3c1u","event":"Session","hasAccount":false}
2026-01-15T14:36:13.543Z - JWT Callback {"tokenSub":"cmk7e2c1r0001oqeum9zh3c1u","event":"Session","hasAccount":false}
2026-01-15T14:36:13.594Z - JWT Callback {"tokenSub":"cmk7e2c1r0001oqeum9zh3c1u","event":"Session","hasAccount":false}
2026-01-15T14:36:13.665Z - JWT Callback {"tokenSub":"cmk7e2c1r0001oqeum9zh3c1u","event":"Session","hasAccount":false}
2026-01-15T14:37:37.410Z - JWT Callback {"tokenSub":"cmk7e2c1r0001oqeum9zh3c1u","event":"Session","hasAccount":false}
2026-01-15T14:37:37.479Z - JWT Callback {"tokenSub":"cmk7e2c1r0001oqeum9zh3c1u","event":"Session","hasAccount":false}
2026-01-15T14:38:22.104Z - JWT Callback {"tokenSub":"cmk7e2c1r0001oqeum9zh3c1u","event":"Session","hasAccount":false}
2026-01-15T14:38:23.561Z - JWT Callback {"tokenSub":"cmk7e2c1r0001oqeum9zh3c1u","event":"Session","hasAccount":false}
2026-01-15T14:38:38.463Z - JWT Callback {"tokenSub":"cmk7e2c1r0001oqeum9zh3c1u","event":"Session","hasAccount":false}
2026-01-15T14:38:38.559Z - JWT Callback {"tokenSub":"cmk7e2c1r0001oqeum9zh3c1u","event":"Session","hasAccount":false}
2026-01-15T14:38:40.234Z - JWT Callback {"tokenSub":"cmk7e2c1r0001oqeum9zh3c1u","event":"Session","hasAccount":false}
2026-01-15T14:38:40.327Z - JWT Callback {"tokenSub":"cmk7e2c1r0001oqeum9zh3c1u","event":"Session","hasAccount":false}
2026-01-15T14:45:00.007Z - JWT Callback {"tokenSub":"cmk7e2c1r0001oqeum9zh3c1u","event":"Session","hasAccount":false}
2026-01-15T14:45:04.511Z - JWT Callback {"tokenSub":"cmk7e2c1r0001oqeum9zh3c1u","event":"Session","hasAccount":false}
2026-01-15T14:45:09.974Z - JWT Callback {"tokenSub":"cmk7e2c1r0001oqeum9zh3c1u","event":"Session","hasAccount":false}
2026-01-15T14:45:10.196Z - JWT Callback {"tokenSub":"cmk7e2c1r0001oqeum9zh3c1u","event":"Session","hasAccount":false}
2026-01-15T14:45:11.230Z - JWT Callback {"tokenSub":"cmk7e2c1r0001oqeum9zh3c1u","event":"Session","hasAccount":false}
2026-01-15T14:45:11.308Z - JWT Callback {"tokenSub":"cmk7e2c1r0001oqeum9zh3c1u","event":"Session","hasAccount":false}
2026-01-15T14:45:32.685Z - JWT Callback {"tokenSub":"cmk7e2c1r0001oqeum9zh3c1u","event":"Session","hasAccount":false}
2026-01-15T14:45:32.748Z - JWT Callback {"tokenSub":"cmk7e2c1r0001oqeum9zh3c1u","event":"Session","hasAccount":false}
2026-01-15T14:46:29.089Z - JWT Callback {"tokenSub":"cmk7e2c1r0001oqeum9zh3c1u","event":"Session","hasAccount":false}
2026-01-15T14:46:29.147Z - JWT Callback {"tokenSub":"cmk7e2c1r0001oqeum9zh3c1u","event":"Session","hasAccount":false}
2026-01-15T14:47:32.652Z - JWT Callback {"tokenSub":"cmk7e2c1r0001oqeum9zh3c1u","event":"Session","hasAccount":false}
2026-01-15T14:47:36.899Z - JWT Callback {"tokenSub":"cmk7e2c1r0001oqeum9zh3c1u","event":"Session","hasAccount":false}
2026-01-15T14:48:42.612Z - JWT Callback {"tokenSub":"cmk7e2c1r0001oqeum9zh3c1u","event":"Session","hasAccount":false}
2026-01-15T14:48:42.677Z - JWT Callback {"tokenSub":"cmk7e2c1r0001oqeum9zh3c1u","event":"Session","hasAccount":false}
2026-01-15T14:49:03.478Z - JWT Callback {"tokenSub":"cmk7e2c1r0001oqeum9zh3c1u","event":"Session","hasAccount":false}
2026-01-15T14:49:03.556Z - JWT Callback {"tokenSub":"cmk7e2c1r0001oqeum9zh3c1u","event":"Session","hasAccount":false}
2026-01-15T14:50:05.266Z - JWT Callback {"tokenSub":"cmk7e2c1r0001oqeum9zh3c1u","event":"Session","hasAccount":false}
2026-01-15T14:50:05.342Z - JWT Callback {"tokenSub":"cmk7e2c1r0001oqeum9zh3c1u","event":"Session","hasAccount":false}
2026-01-15T14:50:07.132Z - JWT Callback {"tokenSub":"cmk7e2c1r0001oqeum9zh3c1u","event":"Session","hasAccount":false}
2026-01-15T14:50:07.173Z - JWT Callback {"tokenSub":"cmk7e2c1r0001oqeum9zh3c1u","event":"Session","hasAccount":false}
2026-01-15T14:50:24.106Z - JWT Callback {"tokenSub":"cmk7e2c1r0001oqeum9zh3c1u","event":"Session","hasAccount":false}
2026-01-15T14:50:24.168Z - JWT Callback {"tokenSub":"cmk7e2c1r0001oqeum9zh3c1u","event":"Session","hasAccount":false}
2026-01-15T14:51:01.099Z - JWT Callback {"tokenSub":"cmk7e2c1r0001oqeum9zh3c1u","event":"Session","hasAccount":false}
2026-01-15T14:51:01.184Z - JWT Callback {"tokenSub":"cmk7e2c1r0001oqeum9zh3c1u","event":"Session","hasAccount":false}
2026-01-15T14:59:01.491Z - JWT Callback {"tokenSub":"cmk7e2c1r0001oqeum9zh3c1u","event":"Session","hasAccount":false}
2026-01-15T14:59:01.561Z - JWT Callback {"tokenSub":"cmk7e2c1r0001oqeum9zh3c1u","event":"Session","hasAccount":false}
2026-01-15T14:59:43.352Z - JWT Callback {"tokenSub":"cmk7e2c1r0001oqeum9zh3c1u","event":"Session","hasAccount":false}
2026-01-15T14:59:43.416Z - JWT Callback {"tokenSub":"cmk7e2c1r0001oqeum9zh3c1u","event":"Session","hasAccount":false}
2026-01-15T15:00:03.346Z - JWT Callback {"tokenSub":"cmk7e2c1r0001oqeum9zh3c1u","event":"Session","hasAccount":false}
2026-01-15T15:00:03.407Z - JWT Callback {"tokenSub":"cmk7e2c1r0001oqeum9zh3c1u","event":"Session","hasAccount":false}
2026-01-15T15:00:48.773Z - JWT Callback {"tokenSub":"cmk7e2c1r0001oqeum9zh3c1u","event":"Session","hasAccount":false}
2026-01-15T15:00:48.821Z - JWT Callback {"tokenSub":"cmk7e2c1r0001oqeum9zh3c1u","event":"Session","hasAccount":false}
2026-01-15T15:00:51.539Z - JWT Callback {"tokenSub":"cmk7e2c1r0001oqeum9zh3c1u","event":"Session","hasAccount":false}
2026-01-15T15:00:51.605Z - JWT Callback {"tokenSub":"cmk7e2c1r0001oqeum9zh3c1u","event":"Session","hasAccount":false}
2026-01-15T15:01:00.974Z - JWT Callback {"tokenSub":"cmk7e2c1r0001oqeum9zh3c1u","event":"Session","hasAccount":false}
2026-01-15T15:01:01.615Z - JWT Callback {"tokenSub":"cmk7e2c1r0001oqeum9zh3c1u","event":"Session","hasAccount":false}
2026-01-15T15:01:01.692Z - JWT Callback {"tokenSub":"cmk7e2c1r0001oqeum9zh3c1u","event":"Session","hasAccount":false}
2026-01-15T15:01:01.814Z - JWT Callback {"tokenSub":"cmk7e2c1r0001oqeum9zh3c1u","event":"Session","hasAccount":false}
2026-01-15T15:02:44.553Z - JWT Callback {"tokenSub":"cmk7e2c1r0001oqeum9zh3c1u","event":"Session","hasAccount":false}
2026-01-15T15:02:44.616Z - JWT Callback {"tokenSub":"cmk7e2c1r0001oqeum9zh3c1u","event":"Session","hasAccount":false}
2026-01-15T15:04:34.118Z - JWT Callback {"tokenSub":"cmk7e2c1r0001oqeum9zh3c1u","event":"Session","hasAccount":false}
2026-01-15T15:04:34.163Z - JWT Callback {"tokenSub":"cmk7e2c1r0001oqeum9zh3c1u","event":"Session","hasAccount":false}
2026-01-15T15:04:37.397Z - JWT Callback {"tokenSub":"cmk7e2c1r0001oqeum9zh3c1u","event":"Session","hasAccount":false}
2026-01-15T15:04:38.026Z - JWT Callback {"tokenSub":"cmk7e2c1r0001oqeum9zh3c1u","event":"Session","hasAccount":false}
2026-01-15T15:04:38.201Z - JWT Callback {"tokenSub":"cmk7e2c1r0001oqeum9zh3c1u","event":"Session","hasAccount":false}
2026-01-15T15:04:38.439Z - JWT Callback {"tokenSub":"cmk7e2c1r0001oqeum9zh3c1u","event":"Session","hasAccount":false}
2026-01-15T15:05:23.105Z - JWT Callback {"tokenSub":"cmk7e2c1r0001oqeum9zh3c1u","event":"Session","hasAccount":false}
2026-01-15T15:05:23.215Z - JWT Callback {"tokenSub":"cmk7e2c1r0001oqeum9zh3c1u","event":"Session","hasAccount":false}
2026-01-15T15:05:30.871Z - JWT Callback {"tokenSub":"cmk7e2c1r0001oqeum9zh3c1u","event":"Session","hasAccount":false}
2026-01-15T15:05:31.431Z - JWT Callback {"tokenSub":"cmk7e2c1r0001oqeum9zh3c1u","event":"Session","hasAccount":false}
2026-01-15T15:05:36.803Z - JWT Callback {"tokenSub":"cmk7e2c1r0001oqeum9zh3c1u","event":"Session","hasAccount":false}
2026-01-15T15:05:41.059Z - JWT Callback {"tokenSub":"cmk7e2c1r0001oqeum9zh3c1u","event":"Session","hasAccount":false}
2026-01-15T15:05:45.157Z - JWT Callback {"tokenSub":"cmk7e2c1r0001oqeum9zh3c1u","event":"Session","hasAccount":false}
2026-01-15T15:05:49.427Z - JWT Callback {"tokenSub":"cmk7e2c1r0001oqeum9zh3c1u","event":"Session","hasAccount":false}
2026-01-15T15:05:53.817Z - JWT Callback {"tokenSub":"cmk7e2c1r0001oqeum9zh3c1u","event":"Session","hasAccount":false}
2026-01-15T15:05:59.140Z - JWT Callback {"tokenSub":"cmk7e2c1r0001oqeum9zh3c1u","event":"Session","hasAccount":false}
2026-01-15T15:06:11.353Z - JWT Callback {"tokenSub":"cmk7e2c1r0001oqeum9zh3c1u","event":"Session","hasAccount":false}
2026-01-15T15:06:16.515Z - JWT Callback {"tokenSub":"cmk7e2c1r0001oqeum9zh3c1u","event":"Session","hasAccount":false}
2026-01-15T15:06:19.873Z - JWT Callback {"tokenSub":"cmk7e2c1r0001oqeum9zh3c1u","event":"Session","hasAccount":false}
2026-01-15T15:06:22.723Z - JWT Callback {"tokenSub":"cmk7e2c1r0001oqeum9zh3c1u","event":"Session","hasAccount":false}
2026-01-15T15:07:47.167Z - JWT Callback {"tokenSub":"cmk7e2c1r0001oqeum9zh3c1u","event":"Session","hasAccount":false}
2026-01-15T15:07:47.213Z - JWT Callback {"tokenSub":"cmk7e2c1r0001oqeum9zh3c1u","event":"Session","hasAccount":false}
2026-01-15T15:07:57.878Z - JWT Callback {"tokenSub":"cmk7e2c1r0001oqeum9zh3c1u","event":"Session","hasAccount":false}
2026-01-15T15:07:57.922Z - JWT Callback {"tokenSub":"cmk7e2c1r0001oqeum9zh3c1u","event":"Session","hasAccount":false}
2026-01-15T16:14:14.477Z - JWT Callback {"tokenSub":"cmk7e2c1r0001oqeum9zh3c1u","event":"Session","hasAccount":false}
2026-01-15T16:42:00.543Z - JWT Callback {"tokenSub":"cmk7e2c1r0001oqeum9zh3c1u","event":"Session","hasAccount":false}
2026-01-15T16:42:05.579Z - JWT Callback {"tokenSub":"cmk7e2c1r0001oqeum9zh3c1u","event":"Session","hasAccount":false}
2026-01-15T16:42:06.554Z - JWT Callback {"tokenSub":"cmk7e2c1r0001oqeum9zh3c1u","event":"Session","hasAccount":false}
2026-01-15T16:42:22.854Z - JWT Callback {"tokenSub":"cmk7e2c1r0001oqeum9zh3c1u","event":"Session","hasAccount":false}
2026-01-15T16:42:41.268Z - JWT Callback {"tokenSub":"cmk7e2c1r0001oqeum9zh3c1u","event":"Session","hasAccount":false}
2026-01-15T16:42:41.696Z - JWT Callback {"tokenSub":"cmk7e2c1r0001oqeum9zh3c1u","event":"Session","hasAccount":false}
2026-01-15T16:42:41.746Z - JWT Callback {"tokenSub":"cmk7e2c1r0001oqeum9zh3c1u","event":"Session","hasAccount":false}
2026-01-15T16:43:28.920Z - JWT Callback {"tokenSub":"cmk7e2c1r0001oqeum9zh3c1u","event":"Session","hasAccount":false}
2026-01-15T16:44:35.615Z - JWT Callback {"tokenSub":"cmk7e2c1r0001oqeum9zh3c1u","event":"Session","hasAccount":false}
2026-01-15T16:44:40.105Z - JWT Callback {"tokenSub":"cmk7e2c1r0001oqeum9zh3c1u","event":"Session","hasAccount":false}
2026-01-15T16:44:40.554Z - JWT Callback {"tokenSub":"cmk7e2c1r0001oqeum9zh3c1u","event":"Session","hasAccount":false}
2026-01-15T16:44:40.564Z - JWT Callback {"tokenSub":"cmk7e2c1r0001oqeum9zh3c1u","event":"Session","hasAccount":false}
2026-01-15T16:51:08.239Z - JWT Callback {"tokenSub":"cmk7e2c1r0001oqeum9zh3c1u","event":"Session","hasAccount":false}
2026-01-15T16:51:15.010Z - JWT Callback {"tokenSub":"cmk7e2c1r0001oqeum9zh3c1u","event":"Session","hasAccount":false}
2026-01-15T16:51:16.092Z - JWT Callback {"tokenSub":"cmk7e2c1r0001oqeum9zh3c1u","event":"Session","hasAccount":false}
2026-01-15T16:51:35.845Z - JWT Callback {"tokenSub":"cmk7e2c1r0001oqeum9zh3c1u","event":"Session","hasAccount":false}
2026-01-15T16:51:41.891Z - JWT Callback {"tokenSub":"cmk7e2c1r0001oqeum9zh3c1u","event":"Session","hasAccount":false}
2026-01-15T16:51:42.089Z - JWT Callback {"tokenSub":"cmk7e2c1r0001oqeum9zh3c1u","event":"Session","hasAccount":false}
2026-01-15T16:51:55.804Z - JWT Callback {"tokenSub":"cmk7e2c1r0001oqeum9zh3c1u","event":"Session","hasAccount":false}
2026-01-15T16:51:56.277Z - JWT Callback {"tokenSub":"cmk7e2c1r0001oqeum9zh3c1u","event":"Session","hasAccount":false}
2026-01-15T16:52:10.702Z - JWT Callback {"tokenSub":"cmk7e2c1r0001oqeum9zh3c1u","event":"Session","hasAccount":false}
2026-01-15T16:52:13.604Z - JWT Callback {"tokenSub":"cmk7e2c1r0001oqeum9zh3c1u","event":"Session","hasAccount":false}
2026-01-15T16:52:13.667Z - JWT Callback {"tokenSub":"cmk7e2c1r0001oqeum9zh3c1u","event":"Session","hasAccount":false}
2026-01-15T16:52:42.172Z - JWT Callback {"tokenSub":"cmk7e2c1r0001oqeum9zh3c1u","event":"Session","hasAccount":false}
2026-01-15T16:56:00.518Z - JWT Callback {"tokenSub":"cmk7e2c1r0001oqeum9zh3c1u","event":"Session","hasAccount":false}
2026-01-15T16:58:11.090Z - JWT Callback {"tokenSub":"cmk7e2c1r0001oqeum9zh3c1u","event":"Session","hasAccount":false}
2026-01-15T16:58:19.096Z - JWT Callback {"tokenSub":"cmk7e2c1r0001oqeum9zh3c1u","event":"Session","hasAccount":false}
2026-01-15T16:58:19.733Z - JWT Callback {"tokenSub":"cmk7e2c1r0001oqeum9zh3c1u","event":"Session","hasAccount":false}
2026-01-15T16:58:19.763Z - JWT Callback {"tokenSub":"cmk7e2c1r0001oqeum9zh3c1u","event":"Session","hasAccount":false}
2026-01-15T16:59:32.919Z - JWT Callback {"tokenSub":"cmk7e2c1r0001oqeum9zh3c1u","event":"Session","hasAccount":false}
2026-01-15T17:01:18.047Z - JWT Callback {"tokenSub":"cmk7e2c1r0001oqeum9zh3c1u","event":"Session","hasAccount":false}
2026-01-15T17:01:21.231Z - JWT Callback {"tokenSub":"cmk7e2c1r0001oqeum9zh3c1u","event":"Session","hasAccount":false}
2026-01-15T17:01:21.800Z - JWT Callback {"tokenSub":"cmk7e2c1r0001oqeum9zh3c1u","event":"Session","hasAccount":false}
2026-01-15T17:01:21.805Z - JWT Callback {"tokenSub":"cmk7e2c1r0001oqeum9zh3c1u","event":"Session","hasAccount":false}
2026-01-15T17:05:53.758Z - JWT Callback {"tokenSub":"cmk7e2c1r0001oqeum9zh3c1u","event":"Session","hasAccount":false}
2026-01-15T17:05:56.240Z - JWT Callback {"tokenSub":"cmk7e2c1r0001oqeum9zh3c1u","event":"Session","hasAccount":false}
2026-01-15T17:05:56.329Z - JWT Callback {"tokenSub":"cmk7e2c1r0001oqeum9zh3c1u","event":"Session","hasAccount":false}
2026-01-15T17:09:43.831Z - JWT Callback {"tokenSub":"cmk7e2c1r0001oqeum9zh3c1u","event":"Session","hasAccount":false}
2026-01-15T17:11:07.059Z - JWT Callback {"tokenSub":"cmk7e2c1r0001oqeum9zh3c1u","event":"Session","hasAccount":false}
2026-01-15T17:11:51.388Z - JWT Callback {"tokenSub":"cmk7e2c1r0001oqeum9zh3c1u","event":"Session","hasAccount":false}
2026-01-15T17:11:54.688Z - JWT Callback {"tokenSub":"cmk7e2c1r0001oqeum9zh3c1u","event":"Session","hasAccount":false}
2026-01-15T17:11:54.764Z - JWT Callback {"tokenSub":"cmk7e2c1r0001oqeum9zh3c1u","event":"Session","hasAccount":false}
2026-01-15T17:12:15.755Z - JWT Callback {"tokenSub":"cmk7e2c1r0001oqeum9zh3c1u","event":"Session","hasAccount":false}
2026-01-15T17:12:15.801Z - JWT Callback {"tokenSub":"cmk7e2c1r0001oqeum9zh3c1u","event":"Session","hasAccount":false}
2026-01-15T17:12:58.943Z - JWT Callback {"tokenSub":"cmk7e2c1r0001oqeum9zh3c1u","event":"Session","hasAccount":false}
2026-01-15T17:12:59.054Z - JWT Callback {"tokenSub":"cmk7e2c1r0001oqeum9zh3c1u","event":"Session","hasAccount":false}
2026-01-15T17:13:09.054Z - JWT Callback {"tokenSub":"cmk7e2c1r0001oqeum9zh3c1u","event":"Session","hasAccount":false}
2026-01-15T17:13:13.631Z - JWT Callback {"tokenSub":"cmk7e2c1r0001oqeum9zh3c1u","event":"Session","hasAccount":false}
2026-01-15T17:13:22.558Z - JWT Callback {"tokenSub":"cmk7e2c1r0001oqeum9zh3c1u","event":"Session","hasAccount":false}
2026-01-15T17:13:27.312Z - JWT Callback {"tokenSub":"cmk7e2c1r0001oqeum9zh3c1u","event":"Session","hasAccount":false}
2026-01-15T17:13:27.389Z - JWT Callback {"tokenSub":"cmk7e2c1r0001oqeum9zh3c1u","event":"Session","hasAccount":false}
2026-01-15T17:20:16.429Z - JWT Callback {"tokenSub":"cmk7e2c1r0001oqeum9zh3c1u","event":"Session","hasAccount":false}
2026-01-15T17:20:19.069Z - JWT Callback {"tokenSub":"cmk7e2c1r0001oqeum9zh3c1u","event":"Session","hasAccount":false}
2026-01-15T17:20:19.132Z - JWT Callback {"tokenSub":"cmk7e2c1r0001oqeum9zh3c1u","event":"Session","hasAccount":false}
2026-01-15T17:21:15.367Z - JWT Callback {"tokenSub":"cmk7e2c1r0001oqeum9zh3c1u","event":"Session","hasAccount":false}
2026-01-15T17:21:15.463Z - JWT Callback {"tokenSub":"cmk7e2c1r0001oqeum9zh3c1u","event":"Session","hasAccount":false}
2026-01-15T17:21:19.131Z - JWT Callback {"tokenSub":"cmk7e2c1r0001oqeum9zh3c1u","event":"Session","hasAccount":false}
2026-01-15T17:21:21.884Z - JWT Callback {"tokenSub":"cmk7e2c1r0001oqeum9zh3c1u","event":"Session","hasAccount":false}
2026-01-15T17:21:25.937Z - JWT Callback {"tokenSub":"cmk7e2c1r0001oqeum9zh3c1u","event":"Session","hasAccount":false}
2026-01-15T17:21:29.973Z - JWT Callback {"tokenSub":"cmk7e2c1r0001oqeum9zh3c1u","event":"Session","hasAccount":false}
2026-01-15T17:21:30.036Z - JWT Callback {"tokenSub":"cmk7e2c1r0001oqeum9zh3c1u","event":"Session","hasAccount":false}
2026-01-15T17:21:59.138Z - JWT Callback {"tokenSub":"cmk7e2c1r0001oqeum9zh3c1u","event":"Session","hasAccount":false}
2026-01-15T17:22:03.324Z - JWT Callback {"tokenSub":"cmk7e2c1r0001oqeum9zh3c1u","event":"Session","hasAccount":false}
2026-01-15T17:22:03.371Z - JWT Callback {"tokenSub":"cmk7e2c1r0001oqeum9zh3c1u","event":"Session","hasAccount":false}
2026-01-15T17:22:55.887Z - JWT Callback {"tokenSub":"cmk7e2c1r0001oqeum9zh3c1u","event":"Session","hasAccount":false}
2026-01-15T17:22:55.966Z - JWT Callback {"tokenSub":"cmk7e2c1r0001oqeum9zh3c1u","event":"Session","hasAccount":false}
2026-01-15T17:22:59.864Z - JWT Callback {"tokenSub":"cmk7e2c1r0001oqeum9zh3c1u","event":"Session","hasAccount":false}
2026-01-15T17:23:00.425Z - JWT Callback {"tokenSub":"cmk7e2c1r0001oqeum9zh3c1u","event":"Session","hasAccount":false}
2026-01-15T17:23:09.340Z - JWT Callback {"tokenSub":"cmk7e2c1r0001oqeum9zh3c1u","event":"Session","hasAccount":false}
2026-01-15T17:29:21.804Z - JWT Callback {"tokenSub":"cmk7e2c1r0001oqeum9zh3c1u","event":"Session","hasAccount":false}
2026-01-15T17:29:26.099Z - JWT Callback {"tokenSub":"cmk7e2c1r0001oqeum9zh3c1u","event":"Session","hasAccount":false}
2026-01-15T17:29:26.684Z - JWT Callback {"tokenSub":"cmk7e2c1r0001oqeum9zh3c1u","event":"Session","hasAccount":false}
2026-01-15T17:29:29.858Z - JWT Callback {"tokenSub":"cmk7e2c1r0001oqeum9zh3c1u","event":"Session","hasAccount":false}
2026-01-15T17:29:37.001Z - JWT Callback {"tokenSub":"cmk7e2c1r0001oqeum9zh3c1u","event":"Session","hasAccount":false}
2026-01-15T17:29:37.583Z - JWT Callback {"tokenSub":"cmk7e2c1r0001oqeum9zh3c1u","event":"Session","hasAccount":false}
2026-01-15T17:29:40.751Z - JWT Callback {"tokenSub":"cmk7e2c1r0001oqeum9zh3c1u","event":"Session","hasAccount":false}
2026-01-15T17:29:43.767Z - JWT Callback {"tokenSub":"cmk7e2c1r0001oqeum9zh3c1u","event":"Session","hasAccount":false}
2026-01-15T17:29:43.856Z - JWT Callback {"tokenSub":"cmk7e2c1r0001oqeum9zh3c1u","event":"Session","hasAccount":false}
2026-01-15T17:33:26.165Z - JWT Callback {"tokenSub":"cmk7e2c1r0001oqeum9zh3c1u","event":"Session","hasAccount":false}
2026-01-15T17:33:30.461Z - JWT Callback {"tokenSub":"cmk7e2c1r0001oqeum9zh3c1u","event":"Session","hasAccount":false}
2026-01-15T17:33:30.551Z - JWT Callback {"tokenSub":"cmk7e2c1r0001oqeum9zh3c1u","event":"Session","hasAccount":false}
2026-01-15T17:34:16.990Z - JWT Callback {"tokenSub":"cmk7e2c1r0001oqeum9zh3c1u","event":"Session","hasAccount":false}
2026-01-15T17:34:17.065Z - JWT Callback {"tokenSub":"cmk7e2c1r0001oqeum9zh3c1u","event":"Session","hasAccount":false}
2026-01-15T17:34:21.776Z - JWT Callback {"tokenSub":"cmk7e2c1r0001oqeum9zh3c1u","event":"Session","hasAccount":false}
2026-01-15T17:34:22.321Z - JWT Callback {"tokenSub":"cmk7e2c1r0001oqeum9zh3c1u","event":"Session","hasAccount":false}
2026-01-15T17:34:26.503Z - JWT Callback {"tokenSub":"cmk7e2c1r0001oqeum9zh3c1u","event":"Session","hasAccount":false}
2026-01-15T17:34:29.729Z - JWT Callback {"tokenSub":"cmk7e2c1r0001oqeum9zh3c1u","event":"Session","hasAccount":false}
2026-01-15T17:34:32.773Z - JWT Callback {"tokenSub":"cmk7e2c1r0001oqeum9zh3c1u","event":"Session","hasAccount":false}
2026-01-15T17:34:35.883Z - JWT Callback {"tokenSub":"cmk7e2c1r0001oqeum9zh3c1u","event":"Session","hasAccount":false}
2026-01-15T17:34:38.501Z - JWT Callback {"tokenSub":"cmk7e2c1r0001oqeum9zh3c1u","event":"Session","hasAccount":false}
2026-01-15T17:35:31.620Z - JWT Callback {"tokenSub":"cmk7e2c1r0001oqeum9zh3c1u","event":"Session","hasAccount":false}
2026-01-15T17:35:35.335Z - JWT Callback {"tokenSub":"cmk7e2c1r0001oqeum9zh3c1u","event":"Session","hasAccount":false}
2026-01-15T17:35:35.929Z - JWT Callback {"tokenSub":"cmk7e2c1r0001oqeum9zh3c1u","event":"Session","hasAccount":false}
2026-01-15T17:35:39.153Z - JWT Callback {"tokenSub":"cmk7e2c1r0001oqeum9zh3c1u","event":"Session","hasAccount":false}
2026-01-15T17:35:40.744Z - JWT Callback {"tokenSub":"cmk7e2c1r0001oqeum9zh3c1u","event":"Session","hasAccount":false}
2026-01-15T17:35:41.336Z - JWT Callback {"tokenSub":"cmk7e2c1r0001oqeum9zh3c1u","event":"Session","hasAccount":false}
2026-01-15T17:35:44.804Z - JWT Callback {"tokenSub":"cmk7e2c1r0001oqeum9zh3c1u","event":"Session","hasAccount":false}
2026-01-15T17:42:13.413Z - JWT Callback {"tokenSub":"cmk7e2c1r0001oqeum9zh3c1u","event":"Session","hasAccount":false}
2026-01-15T17:45:00.831Z - JWT Callback {"tokenSub":"cmk7e2c1r0001oqeum9zh3c1u","event":"Session","hasAccount":false}
2026-01-15T17:45:00.873Z - JWT Callback {"tokenSub":"cmk7e2c1r0001oqeum9zh3c1u","event":"Session","hasAccount":false}
2026-01-15T17:45:00.913Z - JWT Callback {"tokenSub":"cmk7e2c1r0001oqeum9zh3c1u","event":"Session","hasAccount":false}
2026-01-15T17:45:00.956Z - JWT Callback {"tokenSub":"cmk7e2c1r0001oqeum9zh3c1u","event":"Session","hasAccount":false}
2026-01-15T17:45:00.995Z - JWT Callback {"tokenSub":"cmk7e2c1r0001oqeum9zh3c1u","event":"Session","hasAccount":false}
2026-01-15T17:45:01.036Z - JWT Callback {"tokenSub":"cmk7e2c1r0001oqeum9zh3c1u","event":"Session","hasAccount":false}
2026-01-15T17:45:01.074Z - JWT Callback {"tokenSub":"cmk7e2c1r0001oqeum9zh3c1u","event":"Session","hasAccount":false}
2026-01-15T17:45:01.112Z - JWT Callback {"tokenSub":"cmk7e2c1r0001oqeum9zh3c1u","event":"Session","hasAccount":false}
2026-01-15T17:45:01.148Z - JWT Callback {"tokenSub":"cmk7e2c1r0001oqeum9zh3c1u","event":"Session","hasAccount":false}
2026-01-15T17:45:01.190Z - JWT Callback {"tokenSub":"cmk7e2c1r0001oqeum9zh3c1u","event":"Session","hasAccount":false}
2026-01-15T17:45:01.230Z - JWT Callback {"tokenSub":"cmk7e2c1r0001oqeum9zh3c1u","event":"Session","hasAccount":false}
2026-01-15T17:45:01.268Z - JWT Callback {"tokenSub":"cmk7e2c1r0001oqeum9zh3c1u","event":"Session","hasAccount":false}
2026-01-15T17:45:01.305Z - JWT Callback {"tokenSub":"cmk7e2c1r0001oqeum9zh3c1u","event":"Session","hasAccount":false}
2026-01-15T17:45:01.344Z - JWT Callback {"tokenSub":"cmk7e2c1r0001oqeum9zh3c1u","event":"Session","hasAccount":false}
2026-01-15T17:45:01.379Z - JWT Callback {"tokenSub":"cmk7e2c1r0001oqeum9zh3c1u","event":"Session","hasAccount":false}
2026-01-15T17:45:01.418Z - JWT Callback {"tokenSub":"cmk7e2c1r0001oqeum9zh3c1u","event":"Session","hasAccount":false}
2026-01-15T17:45:01.457Z - JWT Callback {"tokenSub":"cmk7e2c1r0001oqeum9zh3c1u","event":"Session","hasAccount":false}
2026-01-15T17:45:01.498Z - JWT Callback {"tokenSub":"cmk7e2c1r0001oqeum9zh3c1u","event":"Session","hasAccount":false}
2026-01-15T17:45:01.536Z - JWT Callback {"tokenSub":"cmk7e2c1r0001oqeum9zh3c1u","event":"Session","hasAccount":false}
2026-01-15T17:45:01.575Z - JWT Callback {"tokenSub":"cmk7e2c1r0001oqeum9zh3c1u","event":"Session","hasAccount":false}
2026-01-15T17:45:01.617Z - JWT Callback {"tokenSub":"cmk7e2c1r0001oqeum9zh3c1u","event":"Session","hasAccount":false}
2026-01-15T17:45:01.652Z - JWT Callback {"tokenSub":"cmk7e2c1r0001oqeum9zh3c1u","event":"Session","hasAccount":false}
2026-01-15T17:45:01.687Z - JWT Callback {"tokenSub":"cmk7e2c1r0001oqeum9zh3c1u","event":"Session","hasAccount":false}
2026-01-15T17:45:01.725Z - JWT Callback {"tokenSub":"cmk7e2c1r0001oqeum9zh3c1u","event":"Session","hasAccount":false}
2026-01-15T17:45:01.760Z - JWT Callback {"tokenSub":"cmk7e2c1r0001oqeum9zh3c1u","event":"Session","hasAccount":false}
2026-01-15T17:45:01.805Z - JWT Callback {"tokenSub":"cmk7e2c1r0001oqeum9zh3c1u","event":"Session","hasAccount":false}
2026-01-15T17:45:01.842Z - JWT Callback {"tokenSub":"cmk7e2c1r0001oqeum9zh3c1u","event":"Session","hasAccount":false}
2026-01-15T17:45:01.877Z - JWT Callback {"tokenSub":"cmk7e2c1r0001oqeum9zh3c1u","event":"Session","hasAccount":false}
2026-01-15T17:45:01.914Z - JWT Callback {"tokenSub":"cmk7e2c1r0001oqeum9zh3c1u","event":"Session","hasAccount":false}
2026-01-15T17:45:01.952Z - JWT Callback {"tokenSub":"cmk7e2c1r0001oqeum9zh3c1u","event":"Session","hasAccount":false}
2026-01-15T17:45:01.999Z - JWT Callback {"tokenSub":"cmk7e2c1r0001oqeum9zh3c1u","event":"Session","hasAccount":false}
2026-01-15T17:45:02.039Z - JWT Callback {"tokenSub":"cmk7e2c1r0001oqeum9zh3c1u","event":"Session","hasAccount":false}
2026-01-15T17:45:02.076Z - JWT Callback {"tokenSub":"cmk7e2c1r0001oqeum9zh3c1u","event":"Session","hasAccount":false}
2026-01-15T17:45:02.118Z - JWT Callback {"tokenSub":"cmk7e2c1r0001oqeum9zh3c1u","event":"Session","hasAccount":false}
2026-01-15T17:45:02.153Z - JWT Callback {"tokenSub":"cmk7e2c1r0001oqeum9zh3c1u","event":"Session","hasAccount":false}
2026-01-15T17:45:02.200Z - JWT Callback {"tokenSub":"cmk7e2c1r0001oqeum9zh3c1u","event":"Session","hasAccount":false}
2026-01-15T17:45:02.252Z - JWT Callback {"tokenSub":"cmk7e2c1r0001oqeum9zh3c1u","event":"Session","hasAccount":false}
2026-01-15T17:45:02.305Z - JWT Callback {"tokenSub":"cmk7e2c1r0001oqeum9zh3c1u","event":"Session","hasAccount":false}
2026-01-15T17:45:02.355Z - JWT Callback {"tokenSub":"cmk7e2c1r0001oqeum9zh3c1u","event":"Session","hasAccount":false}
2026-01-15T17:45:02.404Z - JWT Callback {"tokenSub":"cmk7e2c1r0001oqeum9zh3c1u","event":"Session","hasAccount":false}
2026-01-15T17:45:02.448Z - JWT Callback {"tokenSub":"cmk7e2c1r0001oqeum9zh3c1u","event":"Session","hasAccount":false}
2026-01-15T17:45:02.493Z - JWT Callback {"tokenSub":"cmk7e2c1r0001oqeum9zh3c1u","event":"Session","hasAccount":false}
2026-01-15T17:45:02.548Z - JWT Callback {"tokenSub":"cmk7e2c1r0001oqeum9zh3c1u","event":"Session","hasAccount":false}
2026-01-15T17:45:02.590Z - JWT Callback {"tokenSub":"cmk7e2c1r0001oqeum9zh3c1u","event":"Session","hasAccount":false}
2026-01-15T17:45:02.625Z - JWT Callback {"tokenSub":"cmk7e2c1r0001oqeum9zh3c1u","event":"Session","hasAccount":false}
2026-01-15T17:45:02.658Z - JWT Callback {"tokenSub":"cmk7e2c1r0001oqeum9zh3c1u","event":"Session","hasAccount":false}
2026-01-15T17:45:02.694Z - JWT Callback {"tokenSub":"cmk7e2c1r0001oqeum9zh3c1u","event":"Session","hasAccount":false}
2026-01-15T17:45:02.728Z - JWT Callback {"tokenSub":"cmk7e2c1r0001oqeum9zh3c1u","event":"Session","hasAccount":false}
2026-01-15T17:45:02.763Z - JWT Callback {"tokenSub":"cmk7e2c1r0001oqeum9zh3c1u","event":"Session","hasAccount":false}
2026-01-15T17:45:02.804Z - JWT Callback {"tokenSub":"cmk7e2c1r0001oqeum9zh3c1u","event":"Session","hasAccount":false}
2026-01-15T17:45:02.850Z - JWT Callback {"tokenSub":"cmk7e2c1r0001oqeum9zh3c1u","event":"Session","hasAccount":false}
2026-01-15T17:45:02.892Z - JWT Callback {"tokenSub":"cmk7e2c1r0001oqeum9zh3c1u","event":"Session","hasAccount":false}
2026-01-15T17:45:02.935Z - JWT Callback {"tokenSub":"cmk7e2c1r0001oqeum9zh3c1u","event":"Session","hasAccount":false}
2026-01-15T17:45:02.967Z - JWT Callback {"tokenSub":"cmk7e2c1r0001oqeum9zh3c1u","event":"Session","hasAccount":false}
2026-01-15T17:45:03.005Z - JWT Callback {"tokenSub":"cmk7e2c1r0001oqeum9zh3c1u","event":"Session","hasAccount":false}
2026-01-15T17:45:03.046Z - JWT Callback {"tokenSub":"cmk7e2c1r0001oqeum9zh3c1u","event":"Session","hasAccount":false}
2026-01-15T17:45:03.077Z - JWT Callback {"tokenSub":"cmk7e2c1r0001oqeum9zh3c1u","event":"Session","hasAccount":false}
2026-01-15T17:45:03.107Z - JWT Callback {"tokenSub":"cmk7e2c1r0001oqeum9zh3c1u","event":"Session","hasAccount":false}
2026-01-15T17:46:35.757Z - JWT Callback {"tokenSub":"cmk7e2c1r0001oqeum9zh3c1u","event":"Session","hasAccount":false}
2026-01-15T17:55:26.513Z - JWT Callback {"tokenSub":"cmk7e2c1r0001oqeum9zh3c1u","event":"Session","hasAccount":false}
2026-01-15T17:55:28.864Z - JWT Callback {"tokenSub":"cmk7e2c1r0001oqeum9zh3c1u","event":"Session","hasAccount":false}
2026-01-15T17:55:28.976Z - JWT Callback {"tokenSub":"cmk7e2c1r0001oqeum9zh3c1u","event":"Session","hasAccount":false}
2026-01-15T17:56:42.718Z - JWT Callback {"tokenSub":"cmk7e2c1r0001oqeum9zh3c1u","event":"Session","hasAccount":false}
2026-01-15T17:57:06.038Z - JWT Callback {"tokenSub":"cmk7e2c1r0001oqeum9zh3c1u","event":"Session","hasAccount":false}
2026-01-15T17:57:06.130Z - JWT Callback {"tokenSub":"cmk7e2c1r0001oqeum9zh3c1u","event":"Session","hasAccount":false}
2026-01-15T17:57:08.840Z - JWT Callback {"tokenSub":"cmk7e2c1r0001oqeum9zh3c1u","event":"Session","hasAccount":false}
2026-01-15T17:57:09.147Z - JWT Callback {"tokenSub":"cmk7e2c1r0001oqeum9zh3c1u","event":"Session","hasAccount":false}
2026-01-15T17:57:36.364Z - JWT Callback {"tokenSub":"cmk7e2c1r0001oqeum9zh3c1u","event":"Session","hasAccount":false}
2026-01-15T17:57:39.170Z - JWT Callback {"tokenSub":"cmk7e2c1r0001oqeum9zh3c1u","event":"Session","hasAccount":false}
2026-01-15T17:57:39.683Z - JWT Callback {"tokenSub":"cmk7e2c1r0001oqeum9zh3c1u","event":"Session","hasAccount":false}
2026-01-15T17:57:39.715Z - JWT Callback {"tokenSub":"cmk7e2c1r0001oqeum9zh3c1u","event":"Session","hasAccount":false}
2026-01-15T17:58:48.941Z - JWT Callback {"tokenSub":"cmk7e2c1r0001oqeum9zh3c1u","event":"Session","hasAccount":false}
2026-01-15T17:58:54.650Z - JWT Callback {"tokenSub":"cmk7e2c1r0001oqeum9zh3c1u","event":"Session","hasAccount":false}
2026-01-15T17:58:54.733Z - JWT Callback {"tokenSub":"cmk7e2c1r0001oqeum9zh3c1u","event":"Session","hasAccount":false}
2026-01-15T17:58:56.818Z - JWT Callback {"tokenSub":"cmk7e2c1r0001oqeum9zh3c1u","event":"Session","hasAccount":false}
2026-01-15T17:58:57.092Z - JWT Callback {"tokenSub":"cmk7e2c1r0001oqeum9zh3c1u","event":"Session","hasAccount":false}
2026-01-15T17:59:21.685Z - JWT Callback {"tokenSub":"cmk7e2c1r0001oqeum9zh3c1u","event":"Session","hasAccount":false}
2026-01-15T18:00:11.829Z - JWT Callback {"tokenSub":"cmk7e2c1r0001oqeum9zh3c1u","event":"Session","hasAccount":false}
2026-01-15T18:00:14.771Z - JWT Callback {"tokenSub":"cmk7e2c1r0001oqeum9zh3c1u","event":"Session","hasAccount":false}
2026-01-15T18:00:15.157Z - JWT Callback {"tokenSub":"cmk7e2c1r0001oqeum9zh3c1u","event":"Session","hasAccount":false}
2026-01-15T18:00:15.436Z - JWT Callback {"tokenSub":"cmk7e2c1r0001oqeum9zh3c1u","event":"Session","hasAccount":false}
2026-01-15T18:00:31.497Z - JWT Callback {"tokenSub":"cmk7e2c1r0001oqeum9zh3c1u","event":"Session","hasAccount":false}
2026-01-15T18:00:31.559Z - JWT Callback {"tokenSub":"cmk7e2c1r0001oqeum9zh3c1u","event":"Session","hasAccount":false}
2026-01-15T18:01:10.704Z - JWT Callback {"tokenSub":"cmk7e2c1r0001oqeum9zh3c1u","event":"Session","hasAccount":false}
2026-01-15T18:01:10.783Z - JWT Callback {"tokenSub":"cmk7e2c1r0001oqeum9zh3c1u","event":"Session","hasAccount":false}
2026-01-15T18:01:15.842Z - JWT Callback {"tokenSub":"cmk7e2c1r0001oqeum9zh3c1u","event":"Session","hasAccount":false}
2026-01-15T18:01:20.470Z - JWT Callback {"tokenSub":"cmk7e2c1r0001oqeum9zh3c1u","event":"Session","hasAccount":false}
2026-01-15T18:01:25.375Z - JWT Callback {"tokenSub":"cmk7e2c1r0001oqeum9zh3c1u","event":"Session","hasAccount":false}
2026-01-15T18:01:29.307Z - JWT Callback {"tokenSub":"cmk7e2c1r0001oqeum9zh3c1u","event":"Session","hasAccount":false}
2026-01-15T18:01:33.601Z - JWT Callback {"tokenSub":"cmk7e2c1r0001oqeum9zh3c1u","event":"Session","hasAccount":false}
2026-01-15T18:01:38.420Z - JWT Callback {"tokenSub":"cmk7e2c1r0001oqeum9zh3c1u","event":"Session","hasAccount":false}
2026-01-15T18:01:43.040Z - JWT Callback {"tokenSub":"cmk7e2c1r0001oqeum9zh3c1u","event":"Session","hasAccount":false}
2026-01-15T18:01:47.570Z - JWT Callback {"tokenSub":"cmk7e2c1r0001oqeum9zh3c1u","event":"Session","hasAccount":false}
2026-01-15T18:01:52.316Z - JWT Callback {"tokenSub":"cmk7e2c1r0001oqeum9zh3c1u","event":"Session","hasAccount":false}
2026-01-15T18:01:56.734Z - JWT Callback {"tokenSub":"cmk7e2c1r0001oqeum9zh3c1u","event":"Session","hasAccount":false}
2026-01-15T18:02:01.969Z - JWT Callback {"tokenSub":"cmk7e2c1r0001oqeum9zh3c1u","event":"Session","hasAccount":false}
2026-01-15T18:02:05.830Z - JWT Callback {"tokenSub":"cmk7e2c1r0001oqeum9zh3c1u","event":"Session","hasAccount":false}
2026-01-15T18:02:18.560Z - JWT Callback {"tokenSub":"cmk7e2c1r0001oqeum9zh3c1u","event":"Session","hasAccount":false}
2026-01-15T18:02:18.946Z - JWT Callback {"tokenSub":"cmk7e2c1r0001oqeum9zh3c1u","event":"Session","hasAccount":false}
2026-01-15T18:02:18.993Z - JWT Callback {"tokenSub":"cmk7e2c1r0001oqeum9zh3c1u","event":"Session","hasAccount":false}
2026-01-15T18:02:29.505Z - JWT Callback {"tokenSub":"cmk7e2c1r0001oqeum9zh3c1u","event":"Session","hasAccount":false}
2026-01-15T18:02:30.684Z - JWT Callback {"tokenSub":"cmk7e2c1r0001oqeum9zh3c1u","event":"Session","hasAccount":false}
2026-01-15T18:03:09.501Z - JWT Callback {"tokenSub":"cmk7e2c1r0001oqeum9zh3c1u","event":"Session","hasAccount":false}
2026-01-15T18:03:09.541Z - JWT Callback {"tokenSub":"cmk7e2c1r0001oqeum9zh3c1u","event":"Session","hasAccount":false}
2026-01-15T18:03:17.576Z - JWT Callback {"tokenSub":"cmk7e2c1r0001oqeum9zh3c1u","event":"Session","hasAccount":false}
2026-01-15T18:03:17.621Z - JWT Callback {"tokenSub":"cmk7e2c1r0001oqeum9zh3c1u","event":"Session","hasAccount":false}
2026-01-15T18:03:31.476Z - JWT Callback {"tokenSub":"cmk7e2c1r0001oqeum9zh3c1u","event":"Session","hasAccount":false}
2026-01-15T18:03:31.832Z - JWT Callback {"tokenSub":"cmk7e2c1r0001oqeum9zh3c1u","event":"Session","hasAccount":false}
2026-01-15T18:03:31.840Z - JWT Callback {"tokenSub":"cmk7e2c1r0001oqeum9zh3c1u","event":"Session","hasAccount":false}
2026-01-15T18:03:38.152Z - JWT Callback {"tokenSub":"cmk7e2c1r0001oqeum9zh3c1u","event":"Session","hasAccount":false}
2026-01-15T18:03:46.720Z - JWT Callback {"tokenSub":"cmk7e2c1r0001oqeum9zh3c1u","event":"Session","hasAccount":false}
2026-01-15T18:03:46.798Z - JWT Callback {"tokenSub":"cmk7e2c1r0001oqeum9zh3c1u","event":"Session","hasAccount":false}
2026-01-15T18:04:04.580Z - JWT Callback {"tokenSub":"cmk7e2c1r0001oqeum9zh3c1u","event":"Session","hasAccount":false}
2026-01-15T18:04:06.192Z - JWT Callback {"tokenSub":"cmk7e2c1r0001oqeum9zh3c1u","event":"Session","hasAccount":false}
2026-01-15T18:04:06.254Z - JWT Callback {"tokenSub":"cmk7e2c1r0001oqeum9zh3c1u","event":"Session","hasAccount":false}
2026-01-15T18:05:18.113Z - JWT Callback {"tokenSub":"cmk7e2c1r0001oqeum9zh3c1u","event":"Session","hasAccount":false}
2026-01-15T18:05:20.761Z - JWT Callback {"tokenSub":"cmk7e2c1r0001oqeum9zh3c1u","event":"Session","hasAccount":false}
2026-01-15T18:05:21.263Z - JWT Callback {"tokenSub":"cmk7e2c1r0001oqeum9zh3c1u","event":"Session","hasAccount":false}
2026-01-15T18:05:21.332Z - JWT Callback {"tokenSub":"cmk7e2c1r0001oqeum9zh3c1u","event":"Session","hasAccount":false}
2026-01-15T18:05:39.958Z - JWT Callback {"tokenSub":"cmk7e2c1r0001oqeum9zh3c1u","event":"Session","hasAccount":false}
2026-01-15T18:05:40.291Z - JWT Callback {"tokenSub":"cmk7e2c1r0001oqeum9zh3c1u","event":"Session","hasAccount":false}
2026-01-15T18:05:40.305Z - JWT Callback {"tokenSub":"cmk7e2c1r0001oqeum9zh3c1u","event":"Session","hasAccount":false}
2026-01-15T18:06:13.756Z - JWT Callback {"tokenSub":"cmk7e2c1r0001oqeum9zh3c1u","event":"Session","hasAccount":false}
2026-01-15T18:06:32.712Z - JWT Callback {"tokenSub":"cmk7e2c1r0001oqeum9zh3c1u","event":"Session","hasAccount":false}
2026-01-15T18:06:33.657Z - JWT Callback {"tokenSub":"cmk7e2c1r0001oqeum9zh3c1u","event":"Session","hasAccount":false}
2026-01-15T18:06:34.327Z - JWT Callback {"tokenSub":"cmk7e2c1r0001oqeum9zh3c1u","event":"Session","hasAccount":false}
2026-01-15T18:07:07.753Z - JWT Callback {"tokenSub":"cmk7e2c1r0001oqeum9zh3c1u","event":"Session","hasAccount":false}
2026-01-15T18:07:11.975Z - JWT Callback {"tokenSub":"cmk7e2c1r0001oqeum9zh3c1u","event":"Session","hasAccount":false}
2026-01-15T18:07:12.106Z - JWT Callback {"tokenSub":"cmk7e2c1r0001oqeum9zh3c1u","event":"Session","hasAccount":false}
2026-01-15T18:08:32.893Z - SignIn Callback {"userEmail":"jasonroycompany@gmail.com","provider":"google"}
2026-01-15T18:08:32.921Z - Reset Resume & Templates for User {"userId":"cmk7e2c1r0001oqeum9zh3c1u"}
2026-01-15T18:08:32.929Z - JWT Callback {"tokenSub":"cmk7e2c1r0001oqeum9zh3c1u","event":"SignIn","hasAccount":true}
2026-01-15T18:08:33.132Z - JWT Callback {"tokenSub":"cmk7e2c1r0001oqeum9zh3c1u","event":"Session","hasAccount":false}
2026-01-15T18:08:33.579Z - JWT Callback {"tokenSub":"cmk7e2c1r0001oqeum9zh3c1u","event":"Session","hasAccount":false}
2026-01-15T18:08:33.599Z - JWT Callback {"tokenSub":"cmk7e2c1r0001oqeum9zh3c1u","event":"Session","hasAccount":false}
2026-01-15T18:08:41.309Z - JWT Callback {"tokenSub":"cmk7e2c1r0001oqeum9zh3c1u","event":"Session","hasAccount":false}
2026-01-15T18:09:01.918Z - JWT Callback {"tokenSub":"cmk7e2c1r0001oqeum9zh3c1u","event":"Session","hasAccount":false}
2026-01-15T18:09:03.543Z - JWT Callback {"tokenSub":"cmk7e2c1r0001oqeum9zh3c1u","event":"Session","hasAccount":false}
2026-01-15T18:09:03.619Z - JWT Callback {"tokenSub":"cmk7e2c1r0001oqeum9zh3c1u","event":"Session","hasAccount":false}
2026-01-15T18:09:53.634Z - JWT Callback {"tokenSub":"cmk7e2c1r0001oqeum9zh3c1u","event":"Session","hasAccount":false}
2026-01-15T18:09:53.674Z - JWT Callback {"tokenSub":"cmk7e2c1r0001oqeum9zh3c1u","event":"Session","hasAccount":false}
2026-01-15T18:10:10.954Z - JWT Callback {"tokenSub":"cmk7e2c1r0001oqeum9zh3c1u","event":"Session","hasAccount":false}
2026-01-15T18:10:12.309Z - JWT Callback {"tokenSub":"cmk7e2c1r0001oqeum9zh3c1u","event":"Session","hasAccount":false}
2026-01-15T18:10:41.740Z - JWT Callback {"tokenSub":"cmk7e2c1r0001oqeum9zh3c1u","event":"Session","hasAccount":false}
2026-01-15T18:10:41.792Z - JWT Callback {"tokenSub":"cmk7e2c1r0001oqeum9zh3c1u","event":"Session","hasAccount":false}
2026-01-15T18:10:51.315Z - JWT Callback {"tokenSub":"cmk7e2c1r0001oqeum9zh3c1u","event":"Session","hasAccount":false}
2026-01-15T18:10:54.973Z - JWT Callback {"tokenSub":"cmk7e2c1r0001oqeum9zh3c1u","event":"Session","hasAccount":false}
2026-01-15T18:10:55.954Z - JWT Callback {"tokenSub":"cmk7e2c1r0001oqeum9zh3c1u","event":"Session","hasAccount":false}
2026-01-15T18:11:02.650Z - JWT Callback {"tokenSub":"cmk7e2c1r0001oqeum9zh3c1u","event":"Session","hasAccount":false}
2026-01-15T18:11:02.747Z - JWT Callback {"tokenSub":"cmk7e2c1r0001oqeum9zh3c1u","event":"Session","hasAccount":false}
2026-01-15T18:11:16.503Z - JWT Callback {"tokenSub":"cmk7e2c1r0001oqeum9zh3c1u","event":"Session","hasAccount":false}
2026-01-15T18:11:16.596Z - JWT Callback {"tokenSub":"cmk7e2c1r0001oqeum9zh3c1u","event":"Session","hasAccount":false}
2026-01-15T18:14:35.114Z - JWT Callback {"tokenSub":"cmk7e2c1r0001oqeum9zh3c1u","event":"Session","hasAccount":false}
2026-01-15T18:14:41.270Z - JWT Callback {"tokenSub":"cmk7e2c1r0001oqeum9zh3c1u","event":"Session","hasAccount":false}
2026-01-15T18:14:41.697Z - JWT Callback {"tokenSub":"cmk7e2c1r0001oqeum9zh3c1u","event":"Session","hasAccount":false}
2026-01-15T18:14:41.730Z - JWT Callback {"tokenSub":"cmk7e2c1r0001oqeum9zh3c1u","event":"Session","hasAccount":false}
2026-01-15T18:15:17.099Z - JWT Callback {"tokenSub":"cmk7e2c1r0001oqeum9zh3c1u","event":"Session","hasAccount":false}
2026-01-15T18:15:17.164Z - JWT Callback {"tokenSub":"cmk7e2c1r0001oqeum9zh3c1u","event":"Session","hasAccount":false}
2026-01-15T18:15:25.171Z - JWT Callback {"tokenSub":"cmk7e2c1r0001oqeum9zh3c1u","event":"Session","hasAccount":false}
2026-01-15T18:15:25.806Z - JWT Callback {"tokenSub":"cmk7e2c1r0001oqeum9zh3c1u","event":"Session","hasAccount":false}
2026-01-15T18:15:33.792Z - JWT Callback {"tokenSub":"cmk7e2c1r0001oqeum9zh3c1u","event":"Session","hasAccount":false}
2026-01-15T18:23:02.353Z - JWT Callback {"tokenSub":"cmk7e2c1r0001oqeum9zh3c1u","event":"Session","hasAccount":false}
2026-01-15T18:23:03.463Z - JWT Callback {"tokenSub":"cmk7e2c1r0001oqeum9zh3c1u","event":"Session","hasAccount":false}
2026-01-15T18:23:04.113Z - JWT Callback {"tokenSub":"cmk7e2c1r0001oqeum9zh3c1u","event":"Session","hasAccount":false}
2026-01-15T18:25:28.977Z - JWT Callback {"tokenSub":"cmk7e2c1r0001oqeum9zh3c1u","event":"Session","hasAccount":false}
2026-01-15T18:29:54.430Z - JWT Callback {"tokenSub":"cmk7e2c1r0001oqeum9zh3c1u","event":"Session","hasAccount":false}
2026-01-15T18:32:00.408Z - JWT Callback {"tokenSub":"cmk7e2c1r0001oqeum9zh3c1u","event":"Session","hasAccount":false}
2026-01-15T18:32:03.980Z - JWT Callback {"tokenSub":"cmk7e2c1r0001oqeum9zh3c1u","event":"Session","hasAccount":false}
2026-01-15T18:32:04.665Z - JWT Callback {"tokenSub":"cmk7e2c1r0001oqeum9zh3c1u","event":"Session","hasAccount":false}
2026-01-15T18:32:04.689Z - JWT Callback {"tokenSub":"cmk7e2c1r0001oqeum9zh3c1u","event":"Session","hasAccount":false}
2026-01-15T18:33:29.079Z - JWT Callback {"tokenSub":"cmk7e2c1r0001oqeum9zh3c1u","event":"Session","hasAccount":false}
2026-01-15T18:33:37.925Z - JWT Callback {"tokenSub":"cmk7e2c1r0001oqeum9zh3c1u","event":"Session","hasAccount":false}
2026-01-15T18:33:37.993Z - JWT Callback {"tokenSub":"cmk7e2c1r0001oqeum9zh3c1u","event":"Session","hasAccount":false}
2026-01-15T18:33:55.387Z - JWT Callback {"tokenSub":"cmk7e2c1r0001oqeum9zh3c1u","event":"Session","hasAccount":false}
2026-01-15T18:33:56.569Z - JWT Callback {"tokenSub":"cmk7e2c1r0001oqeum9zh3c1u","event":"Session","hasAccount":false}
2026-01-15T18:33:58.855Z - JWT Callback {"tokenSub":"cmk7e2c1r0001oqeum9zh3c1u","event":"Session","hasAccount":false}
2026-01-15T18:33:58.916Z - JWT Callback {"tokenSub":"cmk7e2c1r0001oqeum9zh3c1u","event":"Session","hasAccount":false}
2026-01-15T18:34:05.754Z - JWT Callback {"tokenSub":"cmk7e2c1r0001oqeum9zh3c1u","event":"Session","hasAccount":false}
2026-01-15T18:34:05.863Z - JWT Callback {"tokenSub":"cmk7e2c1r0001oqeum9zh3c1u","event":"Session","hasAccount":false}
2026-01-15T18:46:04.401Z - SignIn Callback {"userEmail":"jasonroycompany@gmail.com","provider":"google"}
2026-01-15T18:46:04.424Z - Reset Resume & Templates for User {"userId":"cmk7e2c1r0001oqeum9zh3c1u"}
2026-01-15T18:46:04.429Z - JWT Callback {"tokenSub":"cmk7e2c1r0001oqeum9zh3c1u","event":"SignIn","hasAccount":true}
2026-01-15T18:46:05.534Z - JWT Callback {"tokenSub":"cmk7e2c1r0001oqeum9zh3c1u","event":"Session","hasAccount":false}
2026-01-15T18:46:06.027Z - JWT Callback {"tokenSub":"cmk7e2c1r0001oqeum9zh3c1u","event":"Session","hasAccount":false}
2026-01-15T18:46:06.052Z - JWT Callback {"tokenSub":"cmk7e2c1r0001oqeum9zh3c1u","event":"Session","hasAccount":false}
2026-01-15T18:46:17.903Z - JWT Callback {"tokenSub":"cmk7e2c1r0001oqeum9zh3c1u","event":"Session","hasAccount":false}
2026-01-15T18:46:24.205Z - JWT Callback {"tokenSub":"cmk7e2c1r0001oqeum9zh3c1u","event":"Session","hasAccount":false}
2026-01-15T18:46:25.483Z - JWT Callback {"tokenSub":"cmk7e2c1r0001oqeum9zh3c1u","event":"Session","hasAccount":false}
2026-01-15T18:47:59.595Z - JWT Callback {"tokenSub":"cmk7e2c1r0001oqeum9zh3c1u","event":"Session","hasAccount":false}
2026-01-15T18:47:59.675Z - JWT Callback {"tokenSub":"cmk7e2c1r0001oqeum9zh3c1u","event":"Session","hasAccount":false}
2026-01-15T18:48:06.565Z - JWT Callback {"tokenSub":"cmk7e2c1r0001oqeum9zh3c1u","event":"Session","hasAccount":false}
2026-01-15T18:48:07.389Z - JWT Callback {"tokenSub":"cmk7e2c1r0001oqeum9zh3c1u","event":"Session","hasAccount":false}
2026-01-15T18:48:11.727Z - JWT Callback {"tokenSub":"cmk7e2c1r0001oqeum9zh3c1u","event":"Session","hasAccount":false}
2026-01-15T18:49:03.673Z - JWT Callback {"tokenSub":"cmk7e2c1r0001oqeum9zh3c1u","event":"Session","hasAccount":false}
2026-01-15T18:50:19.729Z - JWT Callback {"tokenSub":"cmk7e2c1r0001oqeum9zh3c1u","event":"Session","hasAccount":false}
2026-01-15T18:50:35.440Z - JWT Callback {"tokenSub":"cmk7e2c1r0001oqeum9zh3c1u","event":"Session","hasAccount":false}
2026-01-15T18:50:36.059Z - JWT Callback {"tokenSub":"cmk7e2c1r0001oqeum9zh3c1u","event":"Session","hasAccount":false}
2026-01-15T18:50:36.082Z - JWT Callback {"tokenSub":"cmk7e2c1r0001oqeum9zh3c1u","event":"Session","hasAccount":false}
2026-01-15T18:50:37.949Z - JWT Callback {"tokenSub":"cmk7e2c1r0001oqeum9zh3c1u","event":"Session","hasAccount":false}
2026-01-15T18:50:38.331Z - JWT Callback {"tokenSub":"cmk7e2c1r0001oqeum9zh3c1u","event":"Session","hasAccount":false}
2026-01-15T18:50:38.343Z - JWT Callback {"tokenSub":"cmk7e2c1r0001oqeum9zh3c1u","event":"Session","hasAccount":false}
2026-01-15T18:55:04.100Z - JWT Callback {"tokenSub":"cmk7e2c1r0001oqeum9zh3c1u","event":"Session","hasAccount":false}
2026-01-15T18:55:43.659Z - JWT Callback {"tokenSub":"cmk7e2c1r0001oqeum9zh3c1u","event":"Session","hasAccount":false}
2026-01-15T18:55:51.608Z - JWT Callback {"tokenSub":"cmk7e2c1r0001oqeum9zh3c1u","event":"Session","hasAccount":false}
2026-01-15T18:55:52.415Z - JWT Callback {"tokenSub":"cmk7e2c1r0001oqeum9zh3c1u","event":"Session","hasAccount":false}
2026-01-15T18:55:54.273Z - JWT Callback {"tokenSub":"cmk7e2c1r0001oqeum9zh3c1u","event":"Session","hasAccount":false}
2026-01-15T18:55:54.350Z - JWT Callback {"tokenSub":"cmk7e2c1r0001oqeum9zh3c1u","event":"Session","hasAccount":false}
2026-01-15T18:55:54.426Z - JWT Callback {"tokenSub":"cmk7e2c1r0001oqeum9zh3c1u","event":"Session","hasAccount":false}
2026-01-15T18:55:54.523Z - JWT Callback {"tokenSub":"cmk7e2c1r0001oqeum9zh3c1u","event":"Session","hasAccount":false}
2026-01-15T18:55:54.611Z - JWT Callback {"tokenSub":"cmk7e2c1r0001oqeum9zh3c1u","event":"Session","hasAccount":false}
2026-01-15T18:55:54.705Z - JWT Callback {"tokenSub":"cmk7e2c1r0001oqeum9zh3c1u","event":"Session","hasAccount":false}
2026-01-15T18:55:54.801Z - JWT Callback {"tokenSub":"cmk7e2c1r0001oqeum9zh3c1u","event":"Session","hasAccount":false}
2026-01-15T18:55:54.899Z - JWT Callback {"tokenSub":"cmk7e2c1r0001oqeum9zh3c1u","event":"Session","hasAccount":false}
2026-01-15T18:55:54.983Z - JWT Callback {"tokenSub":"cmk7e2c1r0001oqeum9zh3c1u","event":"Session","hasAccount":false}
2026-01-15T18:55:55.085Z - JWT Callback {"tokenSub":"cmk7e2c1r0001oqeum9zh3c1u","event":"Session","hasAccount":false}
2026-01-15T18:55:55.193Z - JWT Callback {"tokenSub":"cmk7e2c1r0001oqeum9zh3c1u","event":"Session","hasAccount":false}
2026-01-15T18:55:55.295Z - JWT Callback {"tokenSub":"cmk7e2c1r0001oqeum9zh3c1u","event":"Session","hasAccount":false}
2026-01-15T18:55:55.421Z - JWT Callback {"tokenSub":"cmk7e2c1r0001oqeum9zh3c1u","event":"Session","hasAccount":false}
2026-01-15T18:55:55.525Z - JWT Callback {"tokenSub":"cmk7e2c1r0001oqeum9zh3c1u","event":"Session","hasAccount":false}
2026-01-15T18:55:55.616Z - JWT Callback {"tokenSub":"cmk7e2c1r0001oqeum9zh3c1u","event":"Session","hasAccount":false}
2026-01-15T18:55:55.729Z - JWT Callback {"tokenSub":"cmk7e2c1r0001oqeum9zh3c1u","event":"Session","hasAccount":false}
2026-01-15T18:55:55.834Z - JWT Callback {"tokenSub":"cmk7e2c1r0001oqeum9zh3c1u","event":"Session","hasAccount":false}
2026-01-15T18:55:55.917Z - JWT Callback {"tokenSub":"cmk7e2c1r0001oqeum9zh3c1u","event":"Session","hasAccount":false}
2026-01-15T18:55:55.995Z - JWT Callback {"tokenSub":"cmk7e2c1r0001oqeum9zh3c1u","event":"Session","hasAccount":false}
2026-01-15T18:55:56.108Z - JWT Callback {"tokenSub":"cmk7e2c1r0001oqeum9zh3c1u","event":"Session","hasAccount":false}
2026-01-15T18:55:56.242Z - JWT Callback {"tokenSub":"cmk7e2c1r0001oqeum9zh3c1u","event":"Session","hasAccount":false}
2026-01-15T18:55:56.334Z - JWT Callback {"tokenSub":"cmk7e2c1r0001oqeum9zh3c1u","event":"Session","hasAccount":false}
2026-01-15T18:55:56.433Z - JWT Callback {"tokenSub":"cmk7e2c1r0001oqeum9zh3c1u","event":"Session","hasAccount":false}
2026-01-15T18:55:56.549Z - JWT Callback {"tokenSub":"cmk7e2c1r0001oqeum9zh3c1u","event":"Session","hasAccount":false}
2026-01-15T18:55:56.662Z - JWT Callback {"tokenSub":"cmk7e2c1r0001oqeum9zh3c1u","event":"Session","hasAccount":false}
2026-01-15T18:55:56.789Z - JWT Callback {"tokenSub":"cmk7e2c1r0001oqeum9zh3c1u","event":"Session","hasAccount":false}
2026-01-15T18:55:56.886Z - JWT Callback {"tokenSub":"cmk7e2c1r0001oqeum9zh3c1u","event":"Session","hasAccount":false}
2026-01-15T18:55:56.986Z - JWT Callback {"tokenSub":"cmk7e2c1r0001oqeum9zh3c1u","event":"Session","hasAccount":false}
2026-01-15T18:55:57.097Z - JWT Callback {"tokenSub":"cmk7e2c1r0001oqeum9zh3c1u","event":"Session","hasAccount":false}
2026-01-15T18:55:57.212Z - JWT Callback {"tokenSub":"cmk7e2c1r0001oqeum9zh3c1u","event":"Session","hasAccount":false}
2026-01-15T18:55:57.333Z - JWT Callback {"tokenSub":"cmk7e2c1r0001oqeum9zh3c1u","event":"Session","hasAccount":false}
2026-01-15T18:55:57.441Z - JWT Callback {"tokenSub":"cmk7e2c1r0001oqeum9zh3c1u","event":"Session","hasAccount":false}
2026-01-15T18:55:57.541Z - JWT Callback {"tokenSub":"cmk7e2c1r0001oqeum9zh3c1u","event":"Session","hasAccount":false}
2026-01-15T18:55:57.654Z - JWT Callback {"tokenSub":"cmk7e2c1r0001oqeum9zh3c1u","event":"Session","hasAccount":false}
2026-01-15T18:55:57.763Z - JWT Callback {"tokenSub":"cmk7e2c1r0001oqeum9zh3c1u","event":"Session","hasAccount":false}
2026-01-15T18:55:57.874Z - JWT Callback {"tokenSub":"cmk7e2c1r0001oqeum9zh3c1u","event":"Session","hasAccount":false}
2026-01-15T18:55:57.998Z - JWT Callback {"tokenSub":"cmk7e2c1r0001oqeum9zh3c1u","event":"Session","hasAccount":false}
2026-01-15T18:55:58.163Z - JWT Callback {"tokenSub":"cmk7e2c1r0001oqeum9zh3c1u","event":"Session","hasAccount":false}
2026-01-15T18:55:58.253Z - JWT Callback {"tokenSub":"cmk7e2c1r0001oqeum9zh3c1u","event":"Session","hasAccount":false}
2026-01-15T18:55:58.344Z - JWT Callback {"tokenSub":"cmk7e2c1r0001oqeum9zh3c1u","event":"Session","hasAccount":false}
2026-01-15T18:55:58.468Z - JWT Callback {"tokenSub":"cmk7e2c1r0001oqeum9zh3c1u","event":"Session","hasAccount":false}
2026-01-15T18:55:58.587Z - JWT Callback {"tokenSub":"cmk7e2c1r0001oqeum9zh3c1u","event":"Session","hasAccount":false}
2026-01-15T18:55:58.686Z - JWT Callback {"tokenSub":"cmk7e2c1r0001oqeum9zh3c1u","event":"Session","hasAccount":false}
2026-01-15T18:55:58.798Z - JWT Callback {"tokenSub":"cmk7e2c1r0001oqeum9zh3c1u","event":"Session","hasAccount":false}
2026-01-15T18:55:58.913Z - JWT Callback {"tokenSub":"cmk7e2c1r0001oqeum9zh3c1u","event":"Session","hasAccount":false}
2026-01-15T18:55:59.027Z - JWT Callback {"tokenSub":"cmk7e2c1r0001oqeum9zh3c1u","event":"Session","hasAccount":false}
2026-01-15T18:55:59.151Z - JWT Callback {"tokenSub":"cmk7e2c1r0001oqeum9zh3c1u","event":"Session","hasAccount":false}
2026-01-15T18:55:59.277Z - JWT Callback {"tokenSub":"cmk7e2c1r0001oqeum9zh3c1u","event":"Session","hasAccount":false}
2026-01-15T18:55:59.386Z - JWT Callback {"tokenSub":"cmk7e2c1r0001oqeum9zh3c1u","event":"Session","hasAccount":false}
2026-01-15T18:55:59.495Z - JWT Callback {"tokenSub":"cmk7e2c1r0001oqeum9zh3c1u","event":"Session","hasAccount":false}
2026-01-15T18:55:59.623Z - JWT Callback {"tokenSub":"cmk7e2c1r0001oqeum9zh3c1u","event":"Session","hasAccount":false}
2026-01-15T18:55:59.749Z - JWT Callback {"tokenSub":"cmk7e2c1r0001oqeum9zh3c1u","event":"Session","hasAccount":false}
2026-01-15T18:55:59.819Z - JWT Callback {"tokenSub":"cmk7e2c1r0001oqeum9zh3c1u","event":"Session","hasAccount":false}
2026-01-15T18:55:59.857Z - JWT Callback {"tokenSub":"cmk7e2c1r0001oqeum9zh3c1u","event":"Session","hasAccount":false}
2026-01-15T18:55:59.891Z - JWT Callback {"tokenSub":"cmk7e2c1r0001oqeum9zh3c1u","event":"Session","hasAccount":false}
2026-01-15T18:55:59.925Z - JWT Callback {"tokenSub":"cmk7e2c1r0001oqeum9zh3c1u","event":"Session","hasAccount":false}
2026-01-15T18:55:59.958Z - JWT Callback {"tokenSub":"cmk7e2c1r0001oqeum9zh3c1u","event":"Session","hasAccount":false}
2026-01-15T18:55:59.993Z - JWT Callback {"tokenSub":"cmk7e2c1r0001oqeum9zh3c1u","event":"Session","hasAccount":false}
2026-01-15T18:56:00.037Z - JWT Callback {"tokenSub":"cmk7e2c1r0001oqeum9zh3c1u","event":"Session","hasAccount":false}
2026-01-15T18:56:00.077Z - JWT Callback {"tokenSub":"cmk7e2c1r0001oqeum9zh3c1u","event":"Session","hasAccount":false}
2026-01-15T18:58:15.466Z - JWT Callback {"tokenSub":"cmk7e2c1r0001oqeum9zh3c1u","event":"Session","hasAccount":false}
2026-01-15T18:58:16.338Z - JWT Callback {"tokenSub":"cmk7e2c1r0001oqeum9zh3c1u","event":"Session","hasAccount":false}
2026-01-15T18:58:53.477Z - JWT Callback {"tokenSub":"cmk7e2c1r0001oqeum9zh3c1u","event":"Session","hasAccount":false}
2026-01-15T18:59:05.974Z - JWT Callback {"tokenSub":"cmk7e2c1r0001oqeum9zh3c1u","event":"Session","hasAccount":false}
2026-01-15T18:59:06.025Z - JWT Callback {"tokenSub":"cmk7e2c1r0001oqeum9zh3c1u","event":"Session","hasAccount":false}
2026-01-15T18:59:08.724Z - JWT Callback {"tokenSub":"cmk7e2c1r0001oqeum9zh3c1u","event":"Session","hasAccount":false}
2026-01-15T18:59:08.769Z - JWT Callback {"tokenSub":"cmk7e2c1r0001oqeum9zh3c1u","event":"Session","hasAccount":false}
2026-01-15T18:59:11.147Z - JWT Callback {"tokenSub":"cmk7e2c1r0001oqeum9zh3c1u","event":"Session","hasAccount":false}
2026-01-15T19:00:07.083Z - JWT Callback {"tokenSub":"cmk7e2c1r0001oqeum9zh3c1u","event":"Session","hasAccount":false}
2026-01-15T19:00:09.052Z - JWT Callback {"tokenSub":"cmk7e2c1r0001oqeum9zh3c1u","event":"Session","hasAccount":false}
2026-01-15T19:00:36.260Z - JWT Callback {"tokenSub":"cmk7e2c1r0001oqeum9zh3c1u","event":"Session","hasAccount":false}
2026-01-15T19:00:36.262Z - JWT Callback {"tokenSub":"cmk7e2c1r0001oqeum9zh3c1u","event":"Session","hasAccount":false}
2026-01-15T19:01:22.085Z - JWT Callback {"tokenSub":"cmk7e2c1r0001oqeum9zh3c1u","event":"Session","hasAccount":false}
2026-01-15T19:01:22.124Z - JWT Callback {"tokenSub":"cmk7e2c1r0001oqeum9zh3c1u","event":"Session","hasAccount":false}
2026-01-15T19:01:24.413Z - JWT Callback {"tokenSub":"cmk7e2c1r0001oqeum9zh3c1u","event":"Session","hasAccount":false}
2026-01-15T19:01:24.470Z - JWT Callback {"tokenSub":"cmk7e2c1r0001oqeum9zh3c1u","event":"Session","hasAccount":false}
2026-01-15T19:01:39.973Z - JWT Callback {"tokenSub":"cmk7e2c1r0001oqeum9zh3c1u","event":"Session","hasAccount":false}
2026-01-15T19:01:40.059Z - JWT Callback {"tokenSub":"cmk7e2c1r0001oqeum9zh3c1u","event":"Session","hasAccount":false}
2026-01-15T19:02:13.881Z - JWT Callback {"tokenSub":"cmk7e2c1r0001oqeum9zh3c1u","event":"Session","hasAccount":false}
2026-01-15T19:02:14.093Z - JWT Callback {"tokenSub":"cmk7e2c1r0001oqeum9zh3c1u","event":"Session","hasAccount":false}
2026-01-15T19:02:14.102Z - JWT Callback {"tokenSub":"cmk7e2c1r0001oqeum9zh3c1u","event":"Session","hasAccount":false}
2026-01-15T19:02:14.203Z - JWT Callback {"tokenSub":"cmk7e2c1r0001oqeum9zh3c1u","event":"Session","hasAccount":false}
2026-01-15T19:02:16.240Z - JWT Callback {"tokenSub":"cmk7e2c1r0001oqeum9zh3c1u","event":"Session","hasAccount":false}
2026-01-15T19:02:16.255Z - JWT Callback {"tokenSub":"cmk7e2c1r0001oqeum9zh3c1u","event":"Session","hasAccount":false}
2026-01-15T19:02:53.547Z - JWT Callback {"tokenSub":"cmk7e2c1r0001oqeum9zh3c1u","event":"Session","hasAccount":false}
2026-01-15T19:03:45.317Z - JWT Callback {"tokenSub":"cmk7e2c1r0001oqeum9zh3c1u","event":"Session","hasAccount":false}
2026-01-15T19:03:50.307Z - JWT Callback {"tokenSub":"cmk7e2c1r0001oqeum9zh3c1u","event":"Session","hasAccount":false}
2026-01-15T19:03:53.309Z - JWT Callback {"tokenSub":"cmk7e2c1r0001oqeum9zh3c1u","event":"Session","hasAccount":false}
2026-01-15T19:03:54.434Z - JWT Callback {"tokenSub":"cmk7e2c1r0001oqeum9zh3c1u","event":"Session","hasAccount":false}
2026-01-15T19:05:34.368Z - JWT Callback {"tokenSub":"cmk7e2c1r0001oqeum9zh3c1u","event":"Session","hasAccount":false}
2026-01-15T19:06:22.649Z - JWT Callback {"tokenSub":"cmk7e2c1r0001oqeum9zh3c1u","event":"Session","hasAccount":false}
2026-01-15T19:06:23.404Z - JWT Callback {"tokenSub":"cmk7e2c1r0001oqeum9zh3c1u","event":"Session","hasAccount":false}
2026-01-15T19:06:23.527Z - JWT Callback {"tokenSub":"cmk7e2c1r0001oqeum9zh3c1u","event":"Session","hasAccount":false}
2026-01-15T19:06:32.801Z - JWT Callback {"tokenSub":"cmk7e2c1r0001oqeum9zh3c1u","event":"Session","hasAccount":false}
2026-01-15T19:06:37.510Z - JWT Callback {"tokenSub":"cmk7e2c1r0001oqeum9zh3c1u","event":"Session","hasAccount":false}
2026-01-15T19:06:50.126Z - JWT Callback {"tokenSub":"cmk7e2c1r0001oqeum9zh3c1u","event":"Session","hasAccount":false}
2026-01-15T19:06:50.168Z - JWT Callback {"tokenSub":"cmk7e2c1r0001oqeum9zh3c1u","event":"Session","hasAccount":false}
2026-01-15T19:06:51.594Z - JWT Callback {"tokenSub":"cmk7e2c1r0001oqeum9zh3c1u","event":"Session","hasAccount":false}
2026-01-15T19:06:51.642Z - JWT Callback {"tokenSub":"cmk7e2c1r0001oqeum9zh3c1u","event":"Session","hasAccount":false}
2026-01-15T19:06:52.304Z - JWT Callback {"tokenSub":"cmk7e2c1r0001oqeum9zh3c1u","event":"Session","hasAccount":false}
2026-01-15T19:06:53.681Z - JWT Callback {"tokenSub":"cmk7e2c1r0001oqeum9zh3c1u","event":"Session","hasAccount":false}
2026-01-15T19:06:54.660Z - JWT Callback {"tokenSub":"cmk7e2c1r0001oqeum9zh3c1u","event":"Session","hasAccount":false}
2026-01-15T19:06:54.675Z - JWT Callback {"tokenSub":"cmk7e2c1r0001oqeum9zh3c1u","event":"Session","hasAccount":false}
2026-01-15T19:06:55.106Z - JWT Callback {"tokenSub":"cmk7e2c1r0001oqeum9zh3c1u","event":"Session","hasAccount":false}
2026-01-15T19:07:47.525Z - JWT Callback {"tokenSub":"cmk7e2c1r0001oqeum9zh3c1u","event":"Session","hasAccount":false}
2026-01-15T19:07:52.635Z - JWT Callback {"tokenSub":"cmk7e2c1r0001oqeum9zh3c1u","event":"Session","hasAccount":false}
2026-01-15T19:07:52.702Z - JWT Callback {"tokenSub":"cmk7e2c1r0001oqeum9zh3c1u","event":"Session","hasAccount":false}
2026-01-15T19:07:56.379Z - JWT Callback {"tokenSub":"cmk7e2c1r0001oqeum9zh3c1u","event":"Session","hasAccount":false}
2026-01-15T19:07:57.546Z - JWT Callback {"tokenSub":"cmk7e2c1r0001oqeum9zh3c1u","event":"Session","hasAccount":false}
2026-01-15T19:07:57.572Z - JWT Callback {"tokenSub":"cmk7e2c1r0001oqeum9zh3c1u","event":"Session","hasAccount":false}
2026-01-15T19:07:57.964Z - JWT Callback {"tokenSub":"cmk7e2c1r0001oqeum9zh3c1u","event":"Session","hasAccount":false}
2026-01-15T19:07:58.864Z - JWT Callback {"tokenSub":"cmk7e2c1r0001oqeum9zh3c1u","event":"Session","hasAccount":false}
2026-01-15T19:08:00.397Z - JWT Callback {"tokenSub":"cmk7e2c1r0001oqeum9zh3c1u","event":"Session","hasAccount":false}
2026-01-15T19:08:00.795Z - JWT Callback {"tokenSub":"cmk7e2c1r0001oqeum9zh3c1u","event":"Session","hasAccount":false}
2026-01-15T19:08:00.806Z - JWT Callback {"tokenSub":"cmk7e2c1r0001oqeum9zh3c1u","event":"Session","hasAccount":false}
2026-01-15T19:08:01.344Z - JWT Callback {"tokenSub":"cmk7e2c1r0001oqeum9zh3c1u","event":"Session","hasAccount":false}
2026-01-15T19:08:19.723Z - JWT Callback {"tokenSub":"cmk7e2c1r0001oqeum9zh3c1u","event":"Session","hasAccount":false}
2026-01-15T19:08:21.291Z - JWT Callback {"tokenSub":"cmk7e2c1r0001oqeum9zh3c1u","event":"Session","hasAccount":false}
2026-01-15T19:08:21.791Z - JWT Callback {"tokenSub":"cmk7e2c1r0001oqeum9zh3c1u","event":"Session","hasAccount":false}
2026-01-15T19:08:21.816Z - JWT Callback {"tokenSub":"cmk7e2c1r0001oqeum9zh3c1u","event":"Session","hasAccount":false}
2026-01-15T19:08:22.265Z - JWT Callback {"tokenSub":"cmk7e2c1r0001oqeum9zh3c1u","event":"Session","hasAccount":false}
2026-01-15T19:08:36.795Z - JWT Callback {"tokenSub":"cmk7e2c1r0001oqeum9zh3c1u","event":"Session","hasAccount":false}
2026-01-15T19:08:38.956Z - JWT Callback {"tokenSub":"cmk7e2c1r0001oqeum9zh3c1u","event":"Session","hasAccount":false}
2026-01-15T19:08:39.357Z - JWT Callback {"tokenSub":"cmk7e2c1r0001oqeum9zh3c1u","event":"Session","hasAccount":false}
2026-01-15T19:08:39.410Z - JWT Callback {"tokenSub":"cmk7e2c1r0001oqeum9zh3c1u","event":"Session","hasAccount":false}
2026-01-15T19:08:40.126Z - JWT Callback {"tokenSub":"cmk7e2c1r0001oqeum9zh3c1u","event":"Session","hasAccount":false}
2026-01-15T19:08:48.942Z - JWT Callback {"tokenSub":"cmk7e2c1r0001oqeum9zh3c1u","event":"Session","hasAccount":false}
2026-01-15T19:08:50.295Z - JWT Callback {"tokenSub":"cmk7e2c1r0001oqeum9zh3c1u","event":"Session","hasAccount":false}
2026-01-15T19:08:51.008Z - JWT Callback {"tokenSub":"cmk7e2c1r0001oqeum9zh3c1u","event":"Session","hasAccount":false}
2026-01-15T19:08:51.018Z - JWT Callback {"tokenSub":"cmk7e2c1r0001oqeum9zh3c1u","event":"Session","hasAccount":false}
2026-01-15T19:08:51.500Z - JWT Callback {"tokenSub":"cmk7e2c1r0001oqeum9zh3c1u","event":"Session","hasAccount":false}
2026-01-15T19:08:55.828Z - JWT Callback {"tokenSub":"cmk7e2c1r0001oqeum9zh3c1u","event":"Session","hasAccount":false}
2026-01-15T19:08:57.288Z - JWT Callback {"tokenSub":"cmk7e2c1r0001oqeum9zh3c1u","event":"Session","hasAccount":false}
2026-01-15T19:08:58.057Z - JWT Callback {"tokenSub":"cmk7e2c1r0001oqeum9zh3c1u","event":"Session","hasAccount":false}
2026-01-15T19:08:58.067Z - JWT Callback {"tokenSub":"cmk7e2c1r0001oqeum9zh3c1u","event":"Session","hasAccount":false}
2026-01-15T19:08:58.562Z - JWT Callback {"tokenSub":"cmk7e2c1r0001oqeum9zh3c1u","event":"Session","hasAccount":false}
2026-01-15T19:11:22.137Z - JWT Callback {"tokenSub":"cmk7e2c1r0001oqeum9zh3c1u","event":"Session","hasAccount":false}
2026-01-15T19:11:22.189Z - JWT Callback {"tokenSub":"cmk7e2c1r0001oqeum9zh3c1u","event":"Session","hasAccount":false}
2026-01-15T19:11:22.235Z - JWT Callback {"tokenSub":"cmk7e2c1r0001oqeum9zh3c1u","event":"Session","hasAccount":false}
2026-01-15T19:11:22.356Z - JWT Callback {"tokenSub":"cmk7e2c1r0001oqeum9zh3c1u","event":"Session","hasAccount":false}
2026-01-15T19:11:22.411Z - JWT Callback {"tokenSub":"cmk7e2c1r0001oqeum9zh3c1u","event":"Session","hasAccount":false}
2026-01-15T19:11:22.452Z - JWT Callback {"tokenSub":"cmk7e2c1r0001oqeum9zh3c1u","event":"Session","hasAccount":false}
2026-01-15T19:11:22.490Z - JWT Callback {"tokenSub":"cmk7e2c1r0001oqeum9zh3c1u","event":"Session","hasAccount":false}
2026-01-15T19:11:22.529Z - JWT Callback {"tokenSub":"cmk7e2c1r0001oqeum9zh3c1u","event":"Session","hasAccount":false}
2026-01-15T19:11:22.577Z - JWT Callback {"tokenSub":"cmk7e2c1r0001oqeum9zh3c1u","event":"Session","hasAccount":false}
2026-01-15T19:11:22.612Z - JWT Callback {"tokenSub":"cmk7e2c1r0001oqeum9zh3c1u","event":"Session","hasAccount":false}
2026-01-15T19:11:22.653Z - JWT Callback {"tokenSub":"cmk7e2c1r0001oqeum9zh3c1u","event":"Session","hasAccount":false}
2026-01-15T19:11:22.690Z - JWT Callback {"tokenSub":"cmk7e2c1r0001oqeum9zh3c1u","event":"Session","hasAccount":false}
2026-01-15T19:11:22.738Z - JWT Callback {"tokenSub":"cmk7e2c1r0001oqeum9zh3c1u","event":"Session","hasAccount":false}
2026-01-15T19:11:22.779Z - JWT Callback {"tokenSub":"cmk7e2c1r0001oqeum9zh3c1u","event":"Session","hasAccount":false}
2026-01-15T19:11:22.812Z - JWT Callback {"tokenSub":"cmk7e2c1r0001oqeum9zh3c1u","event":"Session","hasAccount":false}
2026-01-15T19:11:22.852Z - JWT Callback {"tokenSub":"cmk7e2c1r0001oqeum9zh3c1u","event":"Session","hasAccount":false}
2026-01-15T19:11:22.895Z - JWT Callback {"tokenSub":"cmk7e2c1r0001oqeum9zh3c1u","event":"Session","hasAccount":false}
2026-01-15T19:11:22.930Z - JWT Callback {"tokenSub":"cmk7e2c1r0001oqeum9zh3c1u","event":"Session","hasAccount":false}
2026-01-15T19:11:22.963Z - JWT Callback {"tokenSub":"cmk7e2c1r0001oqeum9zh3c1u","event":"Session","hasAccount":false}
2026-01-15T19:11:23.000Z - JWT Callback {"tokenSub":"cmk7e2c1r0001oqeum9zh3c1u","event":"Session","hasAccount":false}
2026-01-15T19:11:23.036Z - JWT Callback {"tokenSub":"cmk7e2c1r0001oqeum9zh3c1u","event":"Session","hasAccount":false}
2026-01-15T19:11:23.071Z - JWT Callback {"tokenSub":"cmk7e2c1r0001oqeum9zh3c1u","event":"Session","hasAccount":false}
2026-01-15T19:11:23.104Z - JWT Callback {"tokenSub":"cmk7e2c1r0001oqeum9zh3c1u","event":"Session","hasAccount":false}
2026-01-15T19:11:23.140Z - JWT Callback {"tokenSub":"cmk7e2c1r0001oqeum9zh3c1u","event":"Session","hasAccount":false}
2026-01-15T19:11:23.182Z - JWT Callback {"tokenSub":"cmk7e2c1r0001oqeum9zh3c1u","event":"Session","hasAccount":false}
2026-01-15T19:11:23.225Z - JWT Callback {"tokenSub":"cmk7e2c1r0001oqeum9zh3c1u","event":"Session","hasAccount":false}
2026-01-15T19:11:23.258Z - JWT Callback {"tokenSub":"cmk7e2c1r0001oqeum9zh3c1u","event":"Session","hasAccount":false}
2026-01-15T19:11:23.292Z - JWT Callback {"tokenSub":"cmk7e2c1r0001oqeum9zh3c1u","event":"Session","hasAccount":false}
2026-01-15T19:11:23.327Z - JWT Callback {"tokenSub":"cmk7e2c1r0001oqeum9zh3c1u","event":"Session","hasAccount":false}
2026-01-15T19:11:23.361Z - JWT Callback {"tokenSub":"cmk7e2c1r0001oqeum9zh3c1u","event":"Session","hasAccount":false}
2026-01-15T19:11:23.398Z - JWT Callback {"tokenSub":"cmk7e2c1r0001oqeum9zh3c1u","event":"Session","hasAccount":false}
2026-01-15T19:11:23.436Z - JWT Callback {"tokenSub":"cmk7e2c1r0001oqeum9zh3c1u","event":"Session","hasAccount":false}
2026-01-15T19:11:23.469Z - JWT Callback {"tokenSub":"cmk7e2c1r0001oqeum9zh3c1u","event":"Session","hasAccount":false}
2026-01-15T19:11:23.519Z - JWT Callback {"tokenSub":"cmk7e2c1r0001oqeum9zh3c1u","event":"Session","hasAccount":false}
2026-01-15T19:11:23.554Z - JWT Callback {"tokenSub":"cmk7e2c1r0001oqeum9zh3c1u","event":"Session","hasAccount":false}
2026-01-15T19:11:23.587Z - JWT Callback {"tokenSub":"cmk7e2c1r0001oqeum9zh3c1u","event":"Session","hasAccount":false}
2026-01-15T19:11:23.622Z - JWT Callback {"tokenSub":"cmk7e2c1r0001oqeum9zh3c1u","event":"Session","hasAccount":false}
2026-01-15T19:11:23.658Z - JWT Callback {"tokenSub":"cmk7e2c1r0001oqeum9zh3c1u","event":"Session","hasAccount":false}
2026-01-15T19:11:23.694Z - JWT Callback {"tokenSub":"cmk7e2c1r0001oqeum9zh3c1u","event":"Session","hasAccount":false}
2026-01-15T19:11:23.728Z - JWT Callback {"tokenSub":"cmk7e2c1r0001oqeum9zh3c1u","event":"Session","hasAccount":false}
2026-01-15T19:11:23.769Z - JWT Callback {"tokenSub":"cmk7e2c1r0001oqeum9zh3c1u","event":"Session","hasAccount":false}
2026-01-15T19:11:23.805Z - JWT Callback {"tokenSub":"cmk7e2c1r0001oqeum9zh3c1u","event":"Session","hasAccount":false}
2026-01-15T19:11:23.839Z - JWT Callback {"tokenSub":"cmk7e2c1r0001oqeum9zh3c1u","event":"Session","hasAccount":false}
2026-01-15T19:11:23.879Z - JWT Callback {"tokenSub":"cmk7e2c1r0001oqeum9zh3c1u","event":"Session","hasAccount":false}
2026-01-15T19:11:23.915Z - JWT Callback {"tokenSub":"cmk7e2c1r0001oqeum9zh3c1u","event":"Session","hasAccount":false}
2026-01-15T19:11:23.949Z - JWT Callback {"tokenSub":"cmk7e2c1r0001oqeum9zh3c1u","event":"Session","hasAccount":false}
2026-01-15T19:11:23.981Z - JWT Callback {"tokenSub":"cmk7e2c1r0001oqeum9zh3c1u","event":"Session","hasAccount":false}
2026-01-15T19:11:24.017Z - JWT Callback {"tokenSub":"cmk7e2c1r0001oqeum9zh3c1u","event":"Session","hasAccount":false}
2026-01-15T19:11:24.058Z - JWT Callback {"tokenSub":"cmk7e2c1r0001oqeum9zh3c1u","event":"Session","hasAccount":false}
2026-01-15T19:11:24.091Z - JWT Callback {"tokenSub":"cmk7e2c1r0001oqeum9zh3c1u","event":"Session","hasAccount":false}
2026-01-15T19:11:24.129Z - JWT Callback {"tokenSub":"cmk7e2c1r0001oqeum9zh3c1u","event":"Session","hasAccount":false}
2026-01-15T19:11:24.163Z - JWT Callback {"tokenSub":"cmk7e2c1r0001oqeum9zh3c1u","event":"Session","hasAccount":false}
2026-01-15T19:11:24.199Z - JWT Callback {"tokenSub":"cmk7e2c1r0001oqeum9zh3c1u","event":"Session","hasAccount":false}
2026-01-15T19:11:24.236Z - JWT Callback {"tokenSub":"cmk7e2c1r0001oqeum9zh3c1u","event":"Session","hasAccount":false}
2026-01-15T19:11:24.275Z - JWT Callback {"tokenSub":"cmk7e2c1r0001oqeum9zh3c1u","event":"Session","hasAccount":false}
2026-01-15T19:11:24.310Z - JWT Callback {"tokenSub":"cmk7e2c1r0001oqeum9zh3c1u","event":"Session","hasAccount":false}
2026-01-15T19:11:24.355Z - JWT Callback {"tokenSub":"cmk7e2c1r0001oqeum9zh3c1u","event":"Session","hasAccount":false}
2026-01-15T19:11:24.394Z - JWT Callback {"tokenSub":"cmk7e2c1r0001oqeum9zh3c1u","event":"Session","hasAccount":false}
2026-01-15T19:11:24.429Z - JWT Callback {"tokenSub":"cmk7e2c1r0001oqeum9zh3c1u","event":"Session","hasAccount":false}
2026-01-15T19:11:24.466Z - JWT Callback {"tokenSub":"cmk7e2c1r0001oqeum9zh3c1u","event":"Session","hasAccount":false}
2026-01-15T19:12:04.105Z - JWT Callback {"tokenSub":"cmk7e2c1r0001oqeum9zh3c1u","event":"Session","hasAccount":false}
2026-01-15T19:12:04.995Z - JWT Callback {"tokenSub":"cmk7e2c1r0001oqeum9zh3c1u","event":"Session","hasAccount":false}
2026-01-15T19:12:06.360Z - JWT Callback {"tokenSub":"cmk7e2c1r0001oqeum9zh3c1u","event":"Session","hasAccount":false}
2026-01-15T19:12:39.954Z - JWT Callback {"tokenSub":"cmk7e2c1r0001oqeum9zh3c1u","event":"Session","hasAccount":false}
2026-01-15T19:12:46.801Z - JWT Callback {"tokenSub":"cmk7e2c1r0001oqeum9zh3c1u","event":"Session","hasAccount":false}
2026-01-15T19:12:49.334Z - JWT Callback {"tokenSub":"cmk7e2c1r0001oqeum9zh3c1u","event":"Session","hasAccount":false}
2026-01-15T19:12:49.380Z - JWT Callback {"tokenSub":"cmk7e2c1r0001oqeum9zh3c1u","event":"Session","hasAccount":false}
2026-01-15T19:12:51.249Z - JWT Callback {"tokenSub":"cmk7e2c1r0001oqeum9zh3c1u","event":"Session","hasAccount":false}
2026-01-15T19:12:51.302Z - JWT Callback {"tokenSub":"cmk7e2c1r0001oqeum9zh3c1u","event":"Session","hasAccount":false}
2026-01-15T19:12:52.225Z - JWT Callback {"tokenSub":"cmk7e2c1r0001oqeum9zh3c1u","event":"Session","hasAccount":false}
2026-01-15T19:12:54.126Z - JWT Callback {"tokenSub":"cmk7e2c1r0001oqeum9zh3c1u","event":"Session","hasAccount":false}
2026-01-15T19:12:56.141Z - JWT Callback {"tokenSub":"cmk7e2c1r0001oqeum9zh3c1u","event":"Session","hasAccount":false}
2026-01-15T19:13:05.079Z - JWT Callback {"tokenSub":"cmk7e2c1r0001oqeum9zh3c1u","event":"Session","hasAccount":false}
2026-01-15T19:13:06.159Z - JWT Callback {"tokenSub":"cmk7e2c1r0001oqeum9zh3c1u","event":"Session","hasAccount":false}
2026-01-15T19:13:06.167Z - JWT Callback {"tokenSub":"cmk7e2c1r0001oqeum9zh3c1u","event":"Session","hasAccount":false}
2026-01-15T19:13:07.099Z - JWT Callback {"tokenSub":"cmk7e2c1r0001oqeum9zh3c1u","event":"Session","hasAccount":false}
2026-01-15T19:13:24.658Z - JWT Callback {"tokenSub":"cmk7e2c1r0001oqeum9zh3c1u","event":"Session","hasAccount":false}
2026-01-15T19:13:26.116Z - JWT Callback {"tokenSub":"cmk7e2c1r0001oqeum9zh3c1u","event":"Session","hasAccount":false}
2026-01-15T19:13:28.707Z - JWT Callback {"tokenSub":"cmk7e2c1r0001oqeum9zh3c1u","event":"Session","hasAccount":false}
2026-01-15T19:13:29.379Z - JWT Callback {"tokenSub":"cmk7e2c1r0001oqeum9zh3c1u","event":"Session","hasAccount":false}
2026-01-15T19:13:29.406Z - JWT Callback {"tokenSub":"cmk7e2c1r0001oqeum9zh3c1u","event":"Session","hasAccount":false}
2026-01-15T19:13:30.134Z - JWT Callback {"tokenSub":"cmk7e2c1r0001oqeum9zh3c1u","event":"Session","hasAccount":false}
2026-01-15T19:15:43.191Z - JWT Callback {"tokenSub":"cmk7e2c1r0001oqeum9zh3c1u","event":"Session","hasAccount":false}
2026-01-15T19:16:00.358Z - JWT Callback {"tokenSub":"cmk7e2c1r0001oqeum9zh3c1u","event":"Session","hasAccount":false}
2026-01-15T19:16:00.421Z - JWT Callback {"tokenSub":"cmk7e2c1r0001oqeum9zh3c1u","event":"Session","hasAccount":false}
2026-01-15T19:17:14.197Z - JWT Callback {"tokenSub":"cmk7e2c1r0001oqeum9zh3c1u","event":"Session","hasAccount":false}
2026-01-15T19:21:14.489Z - JWT Callback {"tokenSub":"cmk7e2c1r0001oqeum9zh3c1u","event":"Session","hasAccount":false}
2026-01-15T19:21:14.960Z - JWT Callback {"tokenSub":"cmk7e2c1r0001oqeum9zh3c1u","event":"Session","hasAccount":false}
2026-01-15T19:21:14.995Z - JWT Callback {"tokenSub":"cmk7e2c1r0001oqeum9zh3c1u","event":"Session","hasAccount":false}
2026-01-15T19:23:38.434Z - JWT Callback {"tokenSub":"cmk7e2c1r0001oqeum9zh3c1u","event":"Session","hasAccount":false}
2026-01-15T19:29:45.887Z - JWT Callback {"tokenSub":"cmk7e2c1r0001oqeum9zh3c1u","event":"Session","hasAccount":false}
2026-01-15T19:29:49.689Z - JWT Callback {"tokenSub":"cmk7e2c1r0001oqeum9zh3c1u","event":"Session","hasAccount":false}
2026-01-15T19:29:50.219Z - JWT Callback {"tokenSub":"cmk7e2c1r0001oqeum9zh3c1u","event":"Session","hasAccount":false}
2026-01-15T19:29:50.271Z - JWT Callback {"tokenSub":"cmk7e2c1r0001oqeum9zh3c1u","event":"Session","hasAccount":false}
2026-01-15T19:29:52.540Z - JWT Callback {"tokenSub":"cmk7e2c1r0001oqeum9zh3c1u","event":"Session","hasAccount":false}
2026-01-15T19:29:52.930Z - JWT Callback {"tokenSub":"cmk7e2c1r0001oqeum9zh3c1u","event":"Session","hasAccount":false}
2026-01-15T19:29:53.002Z - JWT Callback {"tokenSub":"cmk7e2c1r0001oqeum9zh3c1u","event":"Session","hasAccount":false}
2026-01-15T19:32:13.782Z - JWT Callback {"tokenSub":"cmk7e2c1r0001oqeum9zh3c1u","event":"Session","hasAccount":false}
2026-01-15T19:32:17.047Z - JWT Callback {"tokenSub":"cmk7e2c1r0001oqeum9zh3c1u","event":"Session","hasAccount":false}
2026-01-15T19:32:17.481Z - JWT Callback {"tokenSub":"cmk7e2c1r0001oqeum9zh3c1u","event":"Session","hasAccount":false}
2026-01-15T19:32:17.505Z - JWT Callback {"tokenSub":"cmk7e2c1r0001oqeum9zh3c1u","event":"Session","hasAccount":false}
2026-01-15T19:33:46.021Z - JWT Callback {"tokenSub":"cmk7e2c1r0001oqeum9zh3c1u","event":"Session","hasAccount":false}
2026-01-15T19:33:49.139Z - JWT Callback {"tokenSub":"cmk7e2c1r0001oqeum9zh3c1u","event":"Session","hasAccount":false}
2026-01-15T19:33:49.558Z - JWT Callback {"tokenSub":"cmk7e2c1r0001oqeum9zh3c1u","event":"Session","hasAccount":false}
2026-01-15T19:33:49.583Z - JWT Callback {"tokenSub":"cmk7e2c1r0001oqeum9zh3c1u","event":"Session","hasAccount":false}
2026-01-15T19:33:55.305Z - JWT Callback {"tokenSub":"cmk7e2c1r0001oqeum9zh3c1u","event":"Session","hasAccount":false}
2026-01-15T19:33:58.011Z - JWT Callback {"tokenSub":"cmk7e2c1r0001oqeum9zh3c1u","event":"Session","hasAccount":false}
2026-01-15T19:34:02.773Z - JWT Callback {"tokenSub":"cmk7e2c1r0001oqeum9zh3c1u","event":"Session","hasAccount":false}
2026-01-15T19:34:02.849Z - JWT Callback {"tokenSub":"cmk7e2c1r0001oqeum9zh3c1u","event":"Session","hasAccount":false}
2026-01-15T19:34:24.593Z - JWT Callback {"tokenSub":"cmk7e2c1r0001oqeum9zh3c1u","event":"Session","hasAccount":false}
2026-01-15T19:34:33.092Z - JWT Callback {"tokenSub":"cmk7e2c1r0001oqeum9zh3c1u","event":"Session","hasAccount":false}
2026-01-15T19:34:33.153Z - JWT Callback {"tokenSub":"cmk7e2c1r0001oqeum9zh3c1u","event":"Session","hasAccount":false}
2026-01-15T19:34:52.086Z - JWT Callback {"tokenSub":"cmk7e2c1r0001oqeum9zh3c1u","event":"Session","hasAccount":false}
2026-01-15T19:34:54.907Z - JWT Callback {"tokenSub":"cmk7e2c1r0001oqeum9zh3c1u","event":"Session","hasAccount":false}
2026-01-15T19:34:55.432Z - JWT Callback {"tokenSub":"cmk7e2c1r0001oqeum9zh3c1u","event":"Session","hasAccount":false}
2026-01-15T19:34:55.542Z - JWT Callback {"tokenSub":"cmk7e2c1r0001oqeum9zh3c1u","event":"Session","hasAccount":false}
2026-01-15T19:34:55.588Z - JWT Callback {"tokenSub":"cmk7e2c1r0001oqeum9zh3c1u","event":"Session","hasAccount":false}
2026-01-15T19:37:13.568Z - JWT Callback {"tokenSub":"cmk7e2c1r0001oqeum9zh3c1u","event":"Session","hasAccount":false}
2026-01-15T19:39:29.524Z - JWT Callback {"tokenSub":"cmk7e2c1r0001oqeum9zh3c1u","event":"Session","hasAccount":false}
2026-01-15T19:39:33.824Z - JWT Callback {"tokenSub":"cmk7e2c1r0001oqeum9zh3c1u","event":"Session","hasAccount":false}
2026-01-15T19:39:33.901Z - JWT Callback {"tokenSub":"cmk7e2c1r0001oqeum9zh3c1u","event":"Session","hasAccount":false}
2026-01-15T19:39:34.020Z - JWT Callback {"tokenSub":"cmk7e2c1r0001oqeum9zh3c1u","event":"Session","hasAccount":false}
2026-01-15T19:39:34.122Z - JWT Callback {"tokenSub":"cmk7e2c1r0001oqeum9zh3c1u","event":"Session","hasAccount":false}
2026-01-15T19:39:34.204Z - JWT Callback {"tokenSub":"cmk7e2c1r0001oqeum9zh3c1u","event":"Session","hasAccount":false}
2026-01-15T19:39:34.287Z - JWT Callback {"tokenSub":"cmk7e2c1r0001oqeum9zh3c1u","event":"Session","hasAccount":false}
2026-01-15T19:39:34.376Z - JWT Callback {"tokenSub":"cmk7e2c1r0001oqeum9zh3c1u","event":"Session","hasAccount":false}
2026-01-15T19:39:34.471Z - JWT Callback {"tokenSub":"cmk7e2c1r0001oqeum9zh3c1u","event":"Session","hasAccount":false}
2026-01-15T19:39:34.543Z - JWT Callback {"tokenSub":"cmk7e2c1r0001oqeum9zh3c1u","event":"Session","hasAccount":false}
2026-01-15T19:39:34.587Z - JWT Callback {"tokenSub":"cmk7e2c1r0001oqeum9zh3c1u","event":"Session","hasAccount":false}
2026-01-15T19:39:34.631Z - JWT Callback {"tokenSub":"cmk7e2c1r0001oqeum9zh3c1u","event":"Session","hasAccount":false}
2026-01-15T19:39:34.671Z - JWT Callback {"tokenSub":"cmk7e2c1r0001oqeum9zh3c1u","event":"Session","hasAccount":false}
2026-01-15T19:39:34.717Z - JWT Callback {"tokenSub":"cmk7e2c1r0001oqeum9zh3c1u","event":"Session","hasAccount":false}
2026-01-15T19:39:34.755Z - JWT Callback {"tokenSub":"cmk7e2c1r0001oqeum9zh3c1u","event":"Session","hasAccount":false}
2026-01-15T19:39:34.792Z - JWT Callback {"tokenSub":"cmk7e2c1r0001oqeum9zh3c1u","event":"Session","hasAccount":false}
2026-01-15T19:39:34.825Z - JWT Callback {"tokenSub":"cmk7e2c1r0001oqeum9zh3c1u","event":"Session","hasAccount":false}
2026-01-15T19:39:34.862Z - JWT Callback {"tokenSub":"cmk7e2c1r0001oqeum9zh3c1u","event":"Session","hasAccount":false}
2026-01-15T19:39:34.895Z - JWT Callback {"tokenSub":"cmk7e2c1r0001oqeum9zh3c1u","event":"Session","hasAccount":false}
2026-01-15T19:39:34.932Z - JWT Callback {"tokenSub":"cmk7e2c1r0001oqeum9zh3c1u","event":"Session","hasAccount":false}
2026-01-15T19:39:34.971Z - JWT Callback {"tokenSub":"cmk7e2c1r0001oqeum9zh3c1u","event":"Session","hasAccount":false}
2026-01-15T19:39:35.016Z - JWT Callback {"tokenSub":"cmk7e2c1r0001oqeum9zh3c1u","event":"Session","hasAccount":false}
2026-01-15T19:39:35.066Z - JWT Callback {"tokenSub":"cmk7e2c1r0001oqeum9zh3c1u","event":"Session","hasAccount":false}
2026-01-15T19:39:35.097Z - JWT Callback {"tokenSub":"cmk7e2c1r0001oqeum9zh3c1u","event":"Session","hasAccount":false}
2026-01-15T19:39:35.132Z - JWT Callback {"tokenSub":"cmk7e2c1r0001oqeum9zh3c1u","event":"Session","hasAccount":false}
2026-01-15T19:39:35.164Z - JWT Callback {"tokenSub":"cmk7e2c1r0001oqeum9zh3c1u","event":"Session","hasAccount":false}
2026-01-15T19:39:35.205Z - JWT Callback {"tokenSub":"cmk7e2c1r0001oqeum9zh3c1u","event":"Session","hasAccount":false}
2026-01-15T19:39:35.241Z - JWT Callback {"tokenSub":"cmk7e2c1r0001oqeum9zh3c1u","event":"Session","hasAccount":false}
2026-01-15T19:39:35.280Z - JWT Callback {"tokenSub":"cmk7e2c1r0001oqeum9zh3c1u","event":"Session","hasAccount":false}
2026-01-15T19:39:35.317Z - JWT Callback {"tokenSub":"cmk7e2c1r0001oqeum9zh3c1u","event":"Session","hasAccount":false}
2026-01-15T19:39:35.359Z - JWT Callback {"tokenSub":"cmk7e2c1r0001oqeum9zh3c1u","event":"Session","hasAccount":false}
2026-01-15T19:39:35.401Z - JWT Callback {"tokenSub":"cmk7e2c1r0001oqeum9zh3c1u","event":"Session","hasAccount":false}
2026-01-15T19:39:35.432Z - JWT Callback {"tokenSub":"cmk7e2c1r0001oqeum9zh3c1u","event":"Session","hasAccount":false}
2026-01-15T19:39:35.464Z - JWT Callback {"tokenSub":"cmk7e2c1r0001oqeum9zh3c1u","event":"Session","hasAccount":false}
2026-01-15T19:39:35.494Z - JWT Callback {"tokenSub":"cmk7e2c1r0001oqeum9zh3c1u","event":"Session","hasAccount":false}
2026-01-15T19:39:35.526Z - JWT Callback {"tokenSub":"cmk7e2c1r0001oqeum9zh3c1u","event":"Session","hasAccount":false}
2026-01-15T19:39:35.561Z - JWT Callback {"tokenSub":"cmk7e2c1r0001oqeum9zh3c1u","event":"Session","hasAccount":false}
2026-01-15T19:39:35.594Z - JWT Callback {"tokenSub":"cmk7e2c1r0001oqeum9zh3c1u","event":"Session","hasAccount":false}
2026-01-15T19:39:35.626Z - JWT Callback {"tokenSub":"cmk7e2c1r0001oqeum9zh3c1u","event":"Session","hasAccount":false}
2026-01-15T19:39:35.662Z - JWT Callback {"tokenSub":"cmk7e2c1r0001oqeum9zh3c1u","event":"Session","hasAccount":false}
2026-01-15T19:39:35.693Z - JWT Callback {"tokenSub":"cmk7e2c1r0001oqeum9zh3c1u","event":"Session","hasAccount":false}
2026-01-15T19:39:35.751Z - JWT Callback {"tokenSub":"cmk7e2c1r0001oqeum9zh3c1u","event":"Session","hasAccount":false}
2026-01-15T19:39:35.797Z - JWT Callback {"tokenSub":"cmk7e2c1r0001oqeum9zh3c1u","event":"Session","hasAccount":false}
2026-01-15T19:39:35.838Z - JWT Callback {"tokenSub":"cmk7e2c1r0001oqeum9zh3c1u","event":"Session","hasAccount":false}
2026-01-15T19:39:35.884Z - JWT Callback {"tokenSub":"cmk7e2c1r0001oqeum9zh3c1u","event":"Session","hasAccount":false}
2026-01-15T19:39:35.925Z - JWT Callback {"tokenSub":"cmk7e2c1r0001oqeum9zh3c1u","event":"Session","hasAccount":false}
2026-01-15T19:39:36.071Z - JWT Callback {"tokenSub":"cmk7e2c1r0001oqeum9zh3c1u","event":"Session","hasAccount":false}
2026-01-15T19:39:36.104Z - JWT Callback {"tokenSub":"cmk7e2c1r0001oqeum9zh3c1u","event":"Session","hasAccount":false}
2026-01-15T19:39:36.137Z - JWT Callback {"tokenSub":"cmk7e2c1r0001oqeum9zh3c1u","event":"Session","hasAccount":false}
2026-01-15T19:39:36.170Z - JWT Callback {"tokenSub":"cmk7e2c1r0001oqeum9zh3c1u","event":"Session","hasAccount":false}
2026-01-15T19:39:36.200Z - JWT Callback {"tokenSub":"cmk7e2c1r0001oqeum9zh3c1u","event":"Session","hasAccount":false}
2026-01-15T19:39:36.231Z - JWT Callback {"tokenSub":"cmk7e2c1r0001oqeum9zh3c1u","event":"Session","hasAccount":false}
2026-01-15T19:39:36.266Z - JWT Callback {"tokenSub":"cmk7e2c1r0001oqeum9zh3c1u","event":"Session","hasAccount":false}
2026-01-15T19:39:36.308Z - JWT Callback {"tokenSub":"cmk7e2c1r0001oqeum9zh3c1u","event":"Session","hasAccount":false}
2026-01-15T19:39:36.351Z - JWT Callback {"tokenSub":"cmk7e2c1r0001oqeum9zh3c1u","event":"Session","hasAccount":false}
2026-01-15T19:39:36.383Z - JWT Callback {"tokenSub":"cmk7e2c1r0001oqeum9zh3c1u","event":"Session","hasAccount":false}
2026-01-15T19:39:36.423Z - JWT Callback {"tokenSub":"cmk7e2c1r0001oqeum9zh3c1u","event":"Session","hasAccount":false}
2026-01-15T19:39:36.466Z - JWT Callback {"tokenSub":"cmk7e2c1r0001oqeum9zh3c1u","event":"Session","hasAccount":false}
2026-01-15T19:39:36.506Z - JWT Callback {"tokenSub":"cmk7e2c1r0001oqeum9zh3c1u","event":"Session","hasAccount":false}
2026-01-15T19:39:36.540Z - JWT Callback {"tokenSub":"cmk7e2c1r0001oqeum9zh3c1u","event":"Session","hasAccount":false}
2026-01-15T19:39:36.580Z - JWT Callback {"tokenSub":"cmk7e2c1r0001oqeum9zh3c1u","event":"Session","hasAccount":false}
2026-01-15T19:39:36.620Z - JWT Callback {"tokenSub":"cmk7e2c1r0001oqeum9zh3c1u","event":"Session","hasAccount":false}
2026-01-15T19:39:36.660Z - JWT Callback {"tokenSub":"cmk7e2c1r0001oqeum9zh3c1u","event":"Session","hasAccount":false}
2026-01-15T19:39:40.068Z - JWT Callback {"tokenSub":"cmk7e2c1r0001oqeum9zh3c1u","event":"Session","hasAccount":false}
2026-01-15T19:40:45.685Z - JWT Callback {"tokenSub":"cmk7e2c1r0001oqeum9zh3c1u","event":"Session","hasAccount":false}
2026-01-15T19:40:46.760Z - JWT Callback {"tokenSub":"cmk7e2c1r0001oqeum9zh3c1u","event":"Session","hasAccount":false}
2026-01-15T19:42:41.480Z - JWT Callback {"tokenSub":"cmk7e2c1r0001oqeum9zh3c1u","event":"Session","hasAccount":false}
2026-01-15T19:42:41.521Z - JWT Callback {"tokenSub":"cmk7e2c1r0001oqeum9zh3c1u","event":"Session","hasAccount":false}
2026-01-15T19:42:41.526Z - JWT Callback {"tokenSub":"cmk7e2c1r0001oqeum9zh3c1u","event":"Session","hasAccount":false}
2026-01-15T19:42:41.574Z - JWT Callback {"tokenSub":"cmk7e2c1r0001oqeum9zh3c1u","event":"Session","hasAccount":false}
2026-01-15T19:42:42.276Z - JWT Callback {"tokenSub":"cmk7e2c1r0001oqeum9zh3c1u","event":"Session","hasAccount":false}
2026-01-15T19:42:42.316Z - JWT Callback {"tokenSub":"cmk7e2c1r0001oqeum9zh3c1u","event":"Session","hasAccount":false}
2026-01-15T19:42:42.320Z - JWT Callback {"tokenSub":"cmk7e2c1r0001oqeum9zh3c1u","event":"Session","hasAccount":false}
2026-01-15T19:42:56.226Z - JWT Callback {"tokenSub":"cmk7e2c1r0001oqeum9zh3c1u","event":"Session","hasAccount":false}
2026-01-15T19:43:06.202Z - JWT Callback {"tokenSub":"cmk7e2c1r0001oqeum9zh3c1u","event":"Session","hasAccount":false}
2026-01-15T19:43:06.265Z - JWT Callback {"tokenSub":"cmk7e2c1r0001oqeum9zh3c1u","event":"Session","hasAccount":false}
2026-01-15T19:43:17.873Z - JWT Callback {"tokenSub":"cmk7e2c1r0001oqeum9zh3c1u","event":"Session","hasAccount":false}
2026-01-15T19:43:17.950Z - JWT Callback {"tokenSub":"cmk7e2c1r0001oqeum9zh3c1u","event":"Session","hasAccount":false}
2026-01-15T19:43:41.166Z - JWT Callback {"tokenSub":"cmk7e2c1r0001oqeum9zh3c1u","event":"Session","hasAccount":false}
2026-01-15T19:44:41.865Z - JWT Callback {"tokenSub":"cmk7e2c1r0001oqeum9zh3c1u","event":"Session","hasAccount":false}
2026-01-15T19:44:58.613Z - JWT Callback {"tokenSub":"cmk7e2c1r0001oqeum9zh3c1u","event":"Session","hasAccount":false}
2026-01-15T19:45:00.284Z - JWT Callback {"tokenSub":"cmk7e2c1r0001oqeum9zh3c1u","event":"Session","hasAccount":false}
2026-01-15T19:45:02.790Z - JWT Callback {"tokenSub":"cmk7e2c1r0001oqeum9zh3c1u","event":"Session","hasAccount":false}
2026-01-15T19:45:02.847Z - JWT Callback {"tokenSub":"cmk7e2c1r0001oqeum9zh3c1u","event":"Session","hasAccount":false}
2026-01-15T19:45:32.307Z - JWT Callback {"tokenSub":"cmk7e2c1r0001oqeum9zh3c1u","event":"Session","hasAccount":false}
2026-01-15T19:45:33.595Z - JWT Callback {"tokenSub":"cmk7e2c1r0001oqeum9zh3c1u","event":"Session","hasAccount":false}
2026-01-15T19:45:34.690Z - JWT Callback {"tokenSub":"cmk7e2c1r0001oqeum9zh3c1u","event":"Session","hasAccount":false}
2026-01-15T19:45:34.694Z - JWT Callback {"tokenSub":"cmk7e2c1r0001oqeum9zh3c1u","event":"Session","hasAccount":false}
2026-01-15T19:45:34.741Z - JWT Callback {"tokenSub":"cmk7e2c1r0001oqeum9zh3c1u","event":"Session","hasAccount":false}
2026-01-15T19:45:34.778Z - JWT Callback {"tokenSub":"cmk7e2c1r0001oqeum9zh3c1u","event":"Session","hasAccount":false}
2026-01-15T19:45:36.623Z - JWT Callback {"tokenSub":"cmk7e2c1r0001oqeum9zh3c1u","event":"Session","hasAccount":false}
2026-01-15T19:45:38.598Z - JWT Callback {"tokenSub":"cmk7e2c1r0001oqeum9zh3c1u","event":"Session","hasAccount":false}
2026-01-15T19:45:39.016Z - JWT Callback {"tokenSub":"cmk7e2c1r0001oqeum9zh3c1u","event":"Session","hasAccount":false}
2026-01-15T19:45:39.030Z - JWT Callback {"tokenSub":"cmk7e2c1r0001oqeum9zh3c1u","event":"Session","hasAccount":false}
2026-01-15T19:45:39.040Z - JWT Callback {"tokenSub":"cmk7e2c1r0001oqeum9zh3c1u","event":"Session","hasAccount":false}
2026-01-15T19:47:55.779Z - JWT Callback {"tokenSub":"cmk7e2c1r0001oqeum9zh3c1u","event":"Session","hasAccount":false}
2026-01-15T19:50:25.106Z - JWT Callback {"tokenSub":"cmk7e2c1r0001oqeum9zh3c1u","event":"Session","hasAccount":false}
2026-01-15T19:50:29.422Z - JWT Callback {"tokenSub":"cmk7e2c1r0001oqeum9zh3c1u","event":"Session","hasAccount":false}
2026-01-15T19:50:29.488Z - JWT Callback {"tokenSub":"cmk7e2c1r0001oqeum9zh3c1u","event":"Session","hasAccount":false}
2026-01-15T19:52:09.930Z - JWT Callback {"tokenSub":"cmk7e2c1r0001oqeum9zh3c1u","event":"Session","hasAccount":false}
2026-01-15T19:54:17.555Z - JWT Callback {"tokenSub":"cmk7e2c1r0001oqeum9zh3c1u","event":"Session","hasAccount":false}
2026-01-15T19:54:17.624Z - JWT Callback {"tokenSub":"cmk7e2c1r0001oqeum9zh3c1u","event":"Session","hasAccount":false}
2026-01-15T19:55:57.369Z - JWT Callback {"tokenSub":"cmk7e2c1r0001oqeum9zh3c1u","event":"Session","hasAccount":false}
2026-01-15T19:55:57.384Z - JWT Callback {"tokenSub":"cmk7e2c1r0001oqeum9zh3c1u","event":"Session","hasAccount":false}
2026-01-15T19:58:35.026Z - JWT Callback {"tokenSub":"cmk7e2c1r0001oqeum9zh3c1u","event":"Session","hasAccount":false}
2026-01-15T19:58:35.100Z - JWT Callback {"tokenSub":"cmk7e2c1r0001oqeum9zh3c1u","event":"Session","hasAccount":false}
2026-01-15T19:58:35.168Z - JWT Callback {"tokenSub":"cmk7e2c1r0001oqeum9zh3c1u","event":"Session","hasAccount":false}
2026-01-15T19:58:35.243Z - JWT Callback {"tokenSub":"cmk7e2c1r0001oqeum9zh3c1u","event":"Session","hasAccount":false}
2026-01-15T19:58:35.466Z - JWT Callback {"tokenSub":"cmk7e2c1r0001oqeum9zh3c1u","event":"Session","hasAccount":false}
2026-01-15T19:58:35.525Z - JWT Callback {"tokenSub":"cmk7e2c1r0001oqeum9zh3c1u","event":"Session","hasAccount":false}
2026-01-15T19:58:35.565Z - JWT Callback {"tokenSub":"cmk7e2c1r0001oqeum9zh3c1u","event":"Session","hasAccount":false}
2026-01-15T19:58:35.603Z - JWT Callback {"tokenSub":"cmk7e2c1r0001oqeum9zh3c1u","event":"Session","hasAccount":false}
2026-01-15T19:58:35.659Z - JWT Callback {"tokenSub":"cmk7e2c1r0001oqeum9zh3c1u","event":"Session","hasAccount":false}
2026-01-15T19:58:35.697Z - JWT Callback {"tokenSub":"cmk7e2c1r0001oqeum9zh3c1u","event":"Session","hasAccount":false}
2026-01-15T19:58:35.736Z - JWT Callback {"tokenSub":"cmk7e2c1r0001oqeum9zh3c1u","event":"Session","hasAccount":false}
2026-01-15T19:58:35.773Z - JWT Callback {"tokenSub":"cmk7e2c1r0001oqeum9zh3c1u","event":"Session","hasAccount":false}
2026-01-15T19:58:35.820Z - JWT Callback {"tokenSub":"cmk7e2c1r0001oqeum9zh3c1u","event":"Session","hasAccount":false}
2026-01-15T19:58:35.856Z - JWT Callback {"tokenSub":"cmk7e2c1r0001oqeum9zh3c1u","event":"Session","hasAccount":false}
2026-01-15T19:58:35.897Z - JWT Callback {"tokenSub":"cmk7e2c1r0001oqeum9zh3c1u","event":"Session","hasAccount":false}
2026-01-15T19:58:35.948Z - JWT Callback {"tokenSub":"cmk7e2c1r0001oqeum9zh3c1u","event":"Session","hasAccount":false}
2026-01-15T19:58:36.011Z - JWT Callback {"tokenSub":"cmk7e2c1r0001oqeum9zh3c1u","event":"Session","hasAccount":false}
2026-01-15T19:58:36.069Z - JWT Callback {"tokenSub":"cmk7e2c1r0001oqeum9zh3c1u","event":"Session","hasAccount":false}
2026-01-15T19:58:36.120Z - JWT Callback {"tokenSub":"cmk7e2c1r0001oqeum9zh3c1u","event":"Session","hasAccount":false}
2026-01-15T19:58:36.183Z - JWT Callback {"tokenSub":"cmk7e2c1r0001oqeum9zh3c1u","event":"Session","hasAccount":false}
2026-01-15T19:58:36.236Z - JWT Callback {"tokenSub":"cmk7e2c1r0001oqeum9zh3c1u","event":"Session","hasAccount":false}
2026-01-15T19:58:36.295Z - JWT Callback {"tokenSub":"cmk7e2c1r0001oqeum9zh3c1u","event":"Session","hasAccount":false}
2026-01-15T19:58:36.360Z - JWT Callback {"tokenSub":"cmk7e2c1r0001oqeum9zh3c1u","event":"Session","hasAccount":false}
2026-01-15T19:58:36.435Z - JWT Callback {"tokenSub":"cmk7e2c1r0001oqeum9zh3c1u","event":"Session","hasAccount":false}
2026-01-15T19:58:36.495Z - JWT Callback {"tokenSub":"cmk7e2c1r0001oqeum9zh3c1u","event":"Session","hasAccount":false}
2026-01-15T19:58:36.562Z - JWT Callback {"tokenSub":"cmk7e2c1r0001oqeum9zh3c1u","event":"Session","hasAccount":false}
2026-01-15T19:58:36.651Z - JWT Callback {"tokenSub":"cmk7e2c1r0001oqeum9zh3c1u","event":"Session","hasAccount":false}
2026-01-15T19:58:36.697Z - JWT Callback {"tokenSub":"cmk7e2c1r0001oqeum9zh3c1u","event":"Session","hasAccount":false}
2026-01-15T19:58:36.768Z - JWT Callback {"tokenSub":"cmk7e2c1r0001oqeum9zh3c1u","event":"Session","hasAccount":false}
2026-01-15T19:58:36.812Z - JWT Callback {"tokenSub":"cmk7e2c1r0001oqeum9zh3c1u","event":"Session","hasAccount":false}
2026-01-15T19:58:36.846Z - JWT Callback {"tokenSub":"cmk7e2c1r0001oqeum9zh3c1u","event":"Session","hasAccount":false}
2026-01-15T19:58:36.882Z - JWT Callback {"tokenSub":"cmk7e2c1r0001oqeum9zh3c1u","event":"Session","hasAccount":false}
2026-01-15T19:58:36.920Z - JWT Callback {"tokenSub":"cmk7e2c1r0001oqeum9zh3c1u","event":"Session","hasAccount":false}
2026-01-15T19:58:36.961Z - JWT Callback {"tokenSub":"cmk7e2c1r0001oqeum9zh3c1u","event":"Session","hasAccount":false}
2026-01-15T19:58:36.998Z - JWT Callback {"tokenSub":"cmk7e2c1r0001oqeum9zh3c1u","event":"Session","hasAccount":false}
2026-01-15T19:58:37.038Z - JWT Callback {"tokenSub":"cmk7e2c1r0001oqeum9zh3c1u","event":"Session","hasAccount":false}
2026-01-15T19:58:37.072Z - JWT Callback {"tokenSub":"cmk7e2c1r0001oqeum9zh3c1u","event":"Session","hasAccount":false}
2026-01-15T19:58:37.103Z - JWT Callback {"tokenSub":"cmk7e2c1r0001oqeum9zh3c1u","event":"Session","hasAccount":false}
2026-01-15T19:58:37.139Z - JWT Callback {"tokenSub":"cmk7e2c1r0001oqeum9zh3c1u","event":"Session","hasAccount":false}
2026-01-15T19:58:37.170Z - JWT Callback {"tokenSub":"cmk7e2c1r0001oqeum9zh3c1u","event":"Session","hasAccount":false}
2026-01-15T19:58:37.210Z - JWT Callback {"tokenSub":"cmk7e2c1r0001oqeum9zh3c1u","event":"Session","hasAccount":false}
2026-01-15T19:58:37.250Z - JWT Callback {"tokenSub":"cmk7e2c1r0001oqeum9zh3c1u","event":"Session","hasAccount":false}
2026-01-15T19:58:37.281Z - JWT Callback {"tokenSub":"cmk7e2c1r0001oqeum9zh3c1u","event":"Session","hasAccount":false}
2026-01-15T19:58:37.315Z - JWT Callback {"tokenSub":"cmk7e2c1r0001oqeum9zh3c1u","event":"Session","hasAccount":false}
2026-01-15T19:58:37.351Z - JWT Callback {"tokenSub":"cmk7e2c1r0001oqeum9zh3c1u","event":"Session","hasAccount":false}
2026-01-15T19:58:37.388Z - JWT Callback {"tokenSub":"cmk7e2c1r0001oqeum9zh3c1u","event":"Session","hasAccount":false}
2026-01-15T19:58:37.423Z - JWT Callback {"tokenSub":"cmk7e2c1r0001oqeum9zh3c1u","event":"Session","hasAccount":false}
2026-01-15T19:58:37.463Z - JWT Callback {"tokenSub":"cmk7e2c1r0001oqeum9zh3c1u","event":"Session","hasAccount":false}
2026-01-15T19:58:37.497Z - JWT Callback {"tokenSub":"cmk7e2c1r0001oqeum9zh3c1u","event":"Session","hasAccount":false}
2026-01-15T19:58:37.531Z - JWT Callback {"tokenSub":"cmk7e2c1r0001oqeum9zh3c1u","event":"Session","hasAccount":false}
2026-01-15T19:58:37.565Z - JWT Callback {"tokenSub":"cmk7e2c1r0001oqeum9zh3c1u","event":"Session","hasAccount":false}
2026-01-15T19:58:37.600Z - JWT Callback {"tokenSub":"cmk7e2c1r0001oqeum9zh3c1u","event":"Session","hasAccount":false}
2026-01-15T19:58:37.633Z - JWT Callback {"tokenSub":"cmk7e2c1r0001oqeum9zh3c1u","event":"Session","hasAccount":false}
2026-01-15T19:58:37.665Z - JWT Callback {"tokenSub":"cmk7e2c1r0001oqeum9zh3c1u","event":"Session","hasAccount":false}
2026-01-15T19:58:37.708Z - JWT Callback {"tokenSub":"cmk7e2c1r0001oqeum9zh3c1u","event":"Session","hasAccount":false}
2026-01-15T19:58:37.739Z - JWT Callback {"tokenSub":"cmk7e2c1r0001oqeum9zh3c1u","event":"Session","hasAccount":false}
2026-01-15T19:58:37.772Z - JWT Callback {"tokenSub":"cmk7e2c1r0001oqeum9zh3c1u","event":"Session","hasAccount":false}
2026-01-15T19:58:37.806Z - JWT Callback {"tokenSub":"cmk7e2c1r0001oqeum9zh3c1u","event":"Session","hasAccount":false}
2026-01-15T19:58:37.847Z - JWT Callback {"tokenSub":"cmk7e2c1r0001oqeum9zh3c1u","event":"Session","hasAccount":false}
2026-01-15T19:58:37.880Z - JWT Callback {"tokenSub":"cmk7e2c1r0001oqeum9zh3c1u","event":"Session","hasAccount":false}
2026-01-15T19:58:37.912Z - JWT Callback {"tokenSub":"cmk7e2c1r0001oqeum9zh3c1u","event":"Session","hasAccount":false}
2026-01-15T19:58:37.945Z - JWT Callback {"tokenSub":"cmk7e2c1r0001oqeum9zh3c1u","event":"Session","hasAccount":false}
2026-01-15T19:58:37.980Z - JWT Callback {"tokenSub":"cmk7e2c1r0001oqeum9zh3c1u","event":"Session","hasAccount":false}
2026-01-15T19:58:38.013Z - JWT Callback {"tokenSub":"cmk7e2c1r0001oqeum9zh3c1u","event":"Session","hasAccount":false}
2026-01-15T20:00:17.339Z - JWT Callback {"tokenSub":"cmk7e2c1r0001oqeum9zh3c1u","event":"Session","hasAccount":false}
2026-01-15T20:02:32.888Z - JWT Callback {"tokenSub":"cmk7e2c1r0001oqeum9zh3c1u","event":"Session","hasAccount":false}
2026-01-15T20:02:34.655Z - JWT Callback {"tokenSub":"cmk7e2c1r0001oqeum9zh3c1u","event":"Session","hasAccount":false}
2026-01-15T20:02:34.860Z - JWT Callback {"tokenSub":"cmk7e2c1r0001oqeum9zh3c1u","event":"Session","hasAccount":false}
2026-01-15T20:02:34.864Z - JWT Callback {"tokenSub":"cmk7e2c1r0001oqeum9zh3c1u","event":"Session","hasAccount":false}
2026-01-15T20:03:12.675Z - JWT Callback {"tokenSub":"cmk7e2c1r0001oqeum9zh3c1u","event":"Session","hasAccount":false}
2026-01-15T20:07:07.730Z - JWT Callback {"tokenSub":"cmk7e2c1r0001oqeum9zh3c1u","event":"Session","hasAccount":false}
2026-01-15T20:07:07.735Z - JWT Callback {"tokenSub":"cmk7e2c1r0001oqeum9zh3c1u","event":"Session","hasAccount":false}
2026-01-15T20:08:21.029Z - JWT Callback {"tokenSub":"cmk7e2c1r0001oqeum9zh3c1u","event":"Session","hasAccount":false}
2026-01-15T20:08:21.537Z - JWT Callback {"tokenSub":"cmk7e2c1r0001oqeum9zh3c1u","event":"Session","hasAccount":false}
2026-01-15T20:08:21.689Z - JWT Callback {"tokenSub":"cmk7e2c1r0001oqeum9zh3c1u","event":"Session","hasAccount":false}
2026-01-15T20:08:21.696Z - JWT Callback {"tokenSub":"cmk7e2c1r0001oqeum9zh3c1u","event":"Session","hasAccount":false}
2026-01-15T20:08:21.744Z - JWT Callback {"tokenSub":"cmk7e2c1r0001oqeum9zh3c1u","event":"Session","hasAccount":false}
2026-01-15T20:08:21.799Z - JWT Callback {"tokenSub":"cmk7e2c1r0001oqeum9zh3c1u","event":"Session","hasAccount":false}
2026-01-15T20:08:28.193Z - JWT Callback {"tokenSub":"cmk7e2c1r0001oqeum9zh3c1u","event":"Session","hasAccount":false}
2026-01-15T20:08:28.203Z - JWT Callback {"tokenSub":"cmk7e2c1r0001oqeum9zh3c1u","event":"Session","hasAccount":false}
2026-01-15T20:08:28.248Z - JWT Callback {"tokenSub":"cmk7e2c1r0001oqeum9zh3c1u","event":"Session","hasAccount":false}
2026-01-15T20:08:28.303Z - JWT Callback {"tokenSub":"cmk7e2c1r0001oqeum9zh3c1u","event":"Session","hasAccount":false}
2026-01-15T20:08:35.276Z - JWT Callback {"tokenSub":"cmk7e2c1r0001oqeum9zh3c1u","event":"Session","hasAccount":false}
2026-01-15T20:08:35.334Z - JWT Callback {"tokenSub":"cmk7e2c1r0001oqeum9zh3c1u","event":"Session","hasAccount":false}
2026-01-15T20:08:35.711Z - JWT Callback {"tokenSub":"cmk7e2c1r0001oqeum9zh3c1u","event":"Session","hasAccount":false}
2026-01-15T20:08:35.715Z - JWT Callback {"tokenSub":"cmk7e2c1r0001oqeum9zh3c1u","event":"Session","hasAccount":false}
2026-01-15T20:08:39.529Z - JWT Callback {"tokenSub":"cmk7e2c1r0001oqeum9zh3c1u","event":"Session","hasAccount":false}
2026-01-15T20:08:39.745Z - JWT Callback {"tokenSub":"cmk7e2c1r0001oqeum9zh3c1u","event":"Session","hasAccount":false}
2026-01-15T20:08:39.948Z - JWT Callback {"tokenSub":"cmk7e2c1r0001oqeum9zh3c1u","event":"Session","hasAccount":false}
2026-01-15T20:08:39.954Z - JWT Callback {"tokenSub":"cmk7e2c1r0001oqeum9zh3c1u","event":"Session","hasAccount":false}
2026-01-15T20:08:40.746Z - JWT Callback {"tokenSub":"cmk7e2c1r0001oqeum9zh3c1u","event":"Session","hasAccount":false}
2026-01-15T20:08:40.752Z - JWT Callback {"tokenSub":"cmk7e2c1r0001oqeum9zh3c1u","event":"Session","hasAccount":false}
2026-01-15T20:08:49.111Z - JWT Callback {"tokenSub":"cmk7e2c1r0001oqeum9zh3c1u","event":"Session","hasAccount":false}
2026-01-15T20:08:49.350Z - JWT Callback {"tokenSub":"cmk7e2c1r0001oqeum9zh3c1u","event":"Session","hasAccount":false}
2026-01-15T20:08:49.359Z - JWT Callback {"tokenSub":"cmk7e2c1r0001oqeum9zh3c1u","event":"Session","hasAccount":false}
2026-01-15T20:08:55.778Z - JWT Callback {"tokenSub":"cmk7e2c1r0001oqeum9zh3c1u","event":"Session","hasAccount":false}
2026-01-15T20:08:55.843Z - JWT Callback {"tokenSub":"cmk7e2c1r0001oqeum9zh3c1u","event":"Session","hasAccount":false}
2026-01-15T20:08:56.046Z - JWT Callback {"tokenSub":"cmk7e2c1r0001oqeum9zh3c1u","event":"Session","hasAccount":false}
2026-01-15T20:08:56.048Z - JWT Callback {"tokenSub":"cmk7e2c1r0001oqeum9zh3c1u","event":"Session","hasAccount":false}
2026-01-15T20:09:21.659Z - JWT Callback {"tokenSub":"cmk7e2c1r0001oqeum9zh3c1u","event":"Session","hasAccount":false}
2026-01-15T20:09:21.733Z - JWT Callback {"tokenSub":"cmk7e2c1r0001oqeum9zh3c1u","event":"Session","hasAccount":false}
2026-01-15T20:09:21.913Z - JWT Callback {"tokenSub":"cmk7e2c1r0001oqeum9zh3c1u","event":"Session","hasAccount":false}
2026-01-15T20:09:21.917Z - JWT Callback {"tokenSub":"cmk7e2c1r0001oqeum9zh3c1u","event":"Session","hasAccount":false}
2026-01-15T20:09:29.978Z - JWT Callback {"tokenSub":"cmk7e2c1r0001oqeum9zh3c1u","event":"Session","hasAccount":false}
2026-01-15T20:09:30.100Z - JWT Callback {"tokenSub":"cmk7e2c1r0001oqeum9zh3c1u","event":"Session","hasAccount":false}
2026-01-15T20:09:30.293Z - JWT Callback {"tokenSub":"cmk7e2c1r0001oqeum9zh3c1u","event":"Session","hasAccount":false}
2026-01-15T20:09:30.296Z - JWT Callback {"tokenSub":"cmk7e2c1r0001oqeum9zh3c1u","event":"Session","hasAccount":false}
2026-01-15T20:09:31.132Z - JWT Callback {"tokenSub":"cmk7e2c1r0001oqeum9zh3c1u","event":"Session","hasAccount":false}
2026-01-15T20:09:31.135Z - JWT Callback {"tokenSub":"cmk7e2c1r0001oqeum9zh3c1u","event":"Session","hasAccount":false}
2026-01-15T20:11:31.152Z - JWT Callback {"tokenSub":"cmk7e2c1r0001oqeum9zh3c1u","event":"Session","hasAccount":false}
2026-01-15T20:11:31.226Z - JWT Callback {"tokenSub":"cmk7e2c1r0001oqeum9zh3c1u","event":"Session","hasAccount":false}
2026-01-15T20:11:31.415Z - JWT Callback {"tokenSub":"cmk7e2c1r0001oqeum9zh3c1u","event":"Session","hasAccount":false}
2026-01-15T20:11:31.419Z - JWT Callback {"tokenSub":"cmk7e2c1r0001oqeum9zh3c1u","event":"Session","hasAccount":false}
2026-01-15T20:11:56.409Z - JWT Callback {"tokenSub":"cmk7e2c1r0001oqeum9zh3c1u","event":"Session","hasAccount":false}
2026-01-15T20:12:17.584Z - JWT Callback {"tokenSub":"cmk7e2c1r0001oqeum9zh3c1u","event":"Session","hasAccount":false}
2026-01-15T20:12:17.798Z - JWT Callback {"tokenSub":"cmk7e2c1r0001oqeum9zh3c1u","event":"Session","hasAccount":false}
2026-01-15T20:12:17.818Z - JWT Callback {"tokenSub":"cmk7e2c1r0001oqeum9zh3c1u","event":"Session","hasAccount":false}
2026-01-15T20:12:19.082Z - JWT Callback {"tokenSub":"cmk7e2c1r0001oqeum9zh3c1u","event":"Session","hasAccount":false}
2026-01-15T20:12:19.093Z - JWT Callback {"tokenSub":"cmk7e2c1r0001oqeum9zh3c1u","event":"Session","hasAccount":false}
2026-01-15T20:12:19.144Z - JWT Callback {"tokenSub":"cmk7e2c1r0001oqeum9zh3c1u","event":"Session","hasAccount":false}
2026-01-15T20:12:19.200Z - JWT Callback {"tokenSub":"cmk7e2c1r0001oqeum9zh3c1u","event":"Session","hasAccount":false}
2026-01-15T20:12:38.815Z - JWT Callback {"tokenSub":"cmk7e2c1r0001oqeum9zh3c1u","event":"Session","hasAccount":false}
2026-01-15T20:12:39.193Z - JWT Callback {"tokenSub":"cmk7e2c1r0001oqeum9zh3c1u","event":"Session","hasAccount":false}
2026-01-15T20:12:39.197Z - JWT Callback {"tokenSub":"cmk7e2c1r0001oqeum9zh3c1u","event":"Session","hasAccount":false}
2026-01-15T20:12:39.217Z - JWT Callback {"tokenSub":"cmk7e2c1r0001oqeum9zh3c1u","event":"Session","hasAccount":false}
2026-01-15T20:12:49.643Z - JWT Callback {"tokenSub":"cmk7e2c1r0001oqeum9zh3c1u","event":"Session","hasAccount":false}
2026-01-15T20:12:49.736Z - JWT Callback {"tokenSub":"cmk7e2c1r0001oqeum9zh3c1u","event":"Session","hasAccount":false}
2026-01-15T20:12:49.951Z - JWT Callback {"tokenSub":"cmk7e2c1r0001oqeum9zh3c1u","event":"Session","hasAccount":false}
2026-01-15T20:12:49.956Z - JWT Callback {"tokenSub":"cmk7e2c1r0001oqeum9zh3c1u","event":"Session","hasAccount":false}
2026-01-15T20:12:53.297Z - JWT Callback {"tokenSub":"cmk7e2c1r0001oqeum9zh3c1u","event":"Session","hasAccount":false}
2026-01-15T20:12:53.647Z - JWT Callback {"tokenSub":"cmk7e2c1r0001oqeum9zh3c1u","event":"Session","hasAccount":false}
2026-01-15T20:12:53.650Z - JWT Callback {"tokenSub":"cmk7e2c1r0001oqeum9zh3c1u","event":"Session","hasAccount":false}
2026-01-15T20:12:53.663Z - JWT Callback {"tokenSub":"cmk7e2c1r0001oqeum9zh3c1u","event":"Session","hasAccount":false}
2026-01-15T20:16:25.289Z - JWT Callback {"tokenSub":"cmk7e2c1r0001oqeum9zh3c1u","event":"Session","hasAccount":false}
2026-01-15T20:16:31.989Z - JWT Callback {"tokenSub":"cmk7e2c1r0001oqeum9zh3c1u","event":"Session","hasAccount":false}
2026-01-15T20:16:32.065Z - JWT Callback {"tokenSub":"cmk7e2c1r0001oqeum9zh3c1u","event":"Session","hasAccount":false}
2026-01-15T20:16:32.248Z - JWT Callback {"tokenSub":"cmk7e2c1r0001oqeum9zh3c1u","event":"Session","hasAccount":false}
2026-01-15T20:16:32.253Z - JWT Callback {"tokenSub":"cmk7e2c1r0001oqeum9zh3c1u","event":"Session","hasAccount":false}
2026-01-15T20:16:35.069Z - JWT Callback {"tokenSub":"cmk7e2c1r0001oqeum9zh3c1u","event":"Session","hasAccount":false}
2026-01-15T20:16:35.273Z - JWT Callback {"tokenSub":"cmk7e2c1r0001oqeum9zh3c1u","event":"Session","hasAccount":false}
2026-01-15T20:16:35.503Z - JWT Callback {"tokenSub":"cmk7e2c1r0001oqeum9zh3c1u","event":"Session","hasAccount":false}
2026-01-15T20:16:35.514Z - JWT Callback {"tokenSub":"cmk7e2c1r0001oqeum9zh3c1u","event":"Session","hasAccount":false}
2026-01-15T20:16:36.296Z - JWT Callback {"tokenSub":"cmk7e2c1r0001oqeum9zh3c1u","event":"Session","hasAccount":false}
2026-01-15T20:16:36.304Z - JWT Callback {"tokenSub":"cmk7e2c1r0001oqeum9zh3c1u","event":"Session","hasAccount":false}
2026-01-15T20:17:08.281Z - JWT Callback {"tokenSub":"cmk7e2c1r0001oqeum9zh3c1u","event":"Session","hasAccount":false}
2026-01-15T20:19:43.366Z - JWT Callback {"tokenSub":"cmk7e2c1r0001oqeum9zh3c1u","event":"Session","hasAccount":false}
2026-01-15T20:20:53.312Z - JWT Callback {"tokenSub":"cmk7e2c1r0001oqeum9zh3c1u","event":"Session","hasAccount":false}
2026-01-15T20:20:56.859Z - JWT Callback {"tokenSub":"cmk7e2c1r0001oqeum9zh3c1u","event":"Session","hasAccount":false}
2026-01-15T20:20:58.623Z - JWT Callback {"tokenSub":"cmk7e2c1r0001oqeum9zh3c1u","event":"Session","hasAccount":false}
2026-01-15T20:20:58.724Z - JWT Callback {"tokenSub":"cmk7e2c1r0001oqeum9zh3c1u","event":"Session","hasAccount":false}
2026-01-15T20:20:58.731Z - JWT Callback {"tokenSub":"cmk7e2c1r0001oqeum9zh3c1u","event":"Session","hasAccount":false}
2026-01-15T20:21:04.891Z - JWT Callback {"tokenSub":"cmk7e2c1r0001oqeum9zh3c1u","event":"Session","hasAccount":false}
2026-01-15T20:21:04.968Z - JWT Callback {"tokenSub":"cmk7e2c1r0001oqeum9zh3c1u","event":"Session","hasAccount":false}
2026-01-15T20:21:05.164Z - JWT Callback {"tokenSub":"cmk7e2c1r0001oqeum9zh3c1u","event":"Session","hasAccount":false}
2026-01-15T20:21:05.168Z - JWT Callback {"tokenSub":"cmk7e2c1r0001oqeum9zh3c1u","event":"Session","hasAccount":false}
2026-01-15T20:21:08.527Z - JWT Callback {"tokenSub":"cmk7e2c1r0001oqeum9zh3c1u","event":"Session","hasAccount":false}
2026-01-15T20:21:08.675Z - JWT Callback {"tokenSub":"cmk7e2c1r0001oqeum9zh3c1u","event":"Session","hasAccount":false}
2026-01-15T20:21:08.891Z - JWT Callback {"tokenSub":"cmk7e2c1r0001oqeum9zh3c1u","event":"Session","hasAccount":false}
2026-01-15T20:21:08.898Z - JWT Callback {"tokenSub":"cmk7e2c1r0001oqeum9zh3c1u","event":"Session","hasAccount":false}
2026-01-15T20:21:09.900Z - JWT Callback {"tokenSub":"cmk7e2c1r0001oqeum9zh3c1u","event":"Session","hasAccount":false}
2026-01-15T20:21:09.916Z - JWT Callback {"tokenSub":"cmk7e2c1r0001oqeum9zh3c1u","event":"Session","hasAccount":false}
2026-01-15T20:21:55.364Z - JWT Callback {"tokenSub":"cmk7e2c1r0001oqeum9zh3c1u","event":"Session","hasAccount":false}
2026-01-15T20:21:58.733Z - JWT Callback {"tokenSub":"cmk7e2c1r0001oqeum9zh3c1u","event":"Session","hasAccount":false}
2026-01-15T20:21:59.358Z - JWT Callback {"tokenSub":"cmk7e2c1r0001oqeum9zh3c1u","event":"Session","hasAccount":false}
2026-01-15T20:21:59.369Z - JWT Callback {"tokenSub":"cmk7e2c1r0001oqeum9zh3c1u","event":"Session","hasAccount":false}
2026-01-15T20:21:59.420Z - JWT Callback {"tokenSub":"cmk7e2c1r0001oqeum9zh3c1u","event":"Session","hasAccount":false}
2026-01-15T20:23:33.058Z - JWT Callback {"tokenSub":"cmk7e2c1r0001oqeum9zh3c1u","event":"Session","hasAccount":false}
2026-01-15T20:23:36.434Z - JWT Callback {"tokenSub":"cmk7e2c1r0001oqeum9zh3c1u","event":"Session","hasAccount":false}
2026-01-15T20:23:37.050Z - JWT Callback {"tokenSub":"cmk7e2c1r0001oqeum9zh3c1u","event":"Session","hasAccount":false}
2026-01-15T20:23:37.053Z - JWT Callback {"tokenSub":"cmk7e2c1r0001oqeum9zh3c1u","event":"Session","hasAccount":false}
2026-01-15T20:23:37.063Z - JWT Callback {"tokenSub":"cmk7e2c1r0001oqeum9zh3c1u","event":"Session","hasAccount":false}
2026-01-15T20:23:42.600Z - JWT Callback {"tokenSub":"cmk7e2c1r0001oqeum9zh3c1u","event":"Session","hasAccount":false}
2026-01-15T20:23:42.662Z - JWT Callback {"tokenSub":"cmk7e2c1r0001oqeum9zh3c1u","event":"Session","hasAccount":false}
2026-01-15T20:23:42.883Z - JWT Callback {"tokenSub":"cmk7e2c1r0001oqeum9zh3c1u","event":"Session","hasAccount":false}
2026-01-15T20:23:42.891Z - JWT Callback {"tokenSub":"cmk7e2c1r0001oqeum9zh3c1u","event":"Session","hasAccount":false}
2026-01-15T20:23:45.606Z - JWT Callback {"tokenSub":"cmk7e2c1r0001oqeum9zh3c1u","event":"Session","hasAccount":false}
2026-01-15T20:23:45.772Z - JWT Callback {"tokenSub":"cmk7e2c1r0001oqeum9zh3c1u","event":"Session","hasAccount":false}
2026-01-15T20:23:45.997Z - JWT Callback {"tokenSub":"cmk7e2c1r0001oqeum9zh3c1u","event":"Session","hasAccount":false}
2026-01-15T20:23:46.001Z - JWT Callback {"tokenSub":"cmk7e2c1r0001oqeum9zh3c1u","event":"Session","hasAccount":false}
2026-01-15T20:23:47.076Z - JWT Callback {"tokenSub":"cmk7e2c1r0001oqeum9zh3c1u","event":"Session","hasAccount":false}
2026-01-15T20:23:47.080Z - JWT Callback {"tokenSub":"cmk7e2c1r0001oqeum9zh3c1u","event":"Session","hasAccount":false}
2026-01-15T20:25:57.266Z - JWT Callback {"tokenSub":"cmk7e2c1r0001oqeum9zh3c1u","event":"Session","hasAccount":false}
2026-01-15T20:26:01.633Z - JWT Callback {"tokenSub":"cmk7e2c1r0001oqeum9zh3c1u","event":"Session","hasAccount":false}
2026-01-15T20:26:05.027Z - JWT Callback {"tokenSub":"cmk7e2c1r0001oqeum9zh3c1u","event":"Session","hasAccount":false}
2026-01-15T20:26:06.946Z - JWT Callback {"tokenSub":"cmk7e2c1r0001oqeum9zh3c1u","event":"Session","hasAccount":false}
2026-01-15T20:26:07.115Z - JWT Callback {"tokenSub":"cmk7e2c1r0001oqeum9zh3c1u","event":"Session","hasAccount":false}
2026-01-15T20:26:12.907Z - JWT Callback {"tokenSub":"cmk7e2c1r0001oqeum9zh3c1u","event":"Session","hasAccount":false}
2026-01-15T20:26:12.971Z - JWT Callback {"tokenSub":"cmk7e2c1r0001oqeum9zh3c1u","event":"Session","hasAccount":false}
2026-01-15T20:26:13.363Z - JWT Callback {"tokenSub":"cmk7e2c1r0001oqeum9zh3c1u","event":"Session","hasAccount":false}
2026-01-15T20:26:13.383Z - JWT Callback {"tokenSub":"cmk7e2c1r0001oqeum9zh3c1u","event":"Session","hasAccount":false}
2026-01-15T20:26:16.046Z - JWT Callback {"tokenSub":"cmk7e2c1r0001oqeum9zh3c1u","event":"Session","hasAccount":false}
2026-01-15T20:26:16.206Z - JWT Callback {"tokenSub":"cmk7e2c1r0001oqeum9zh3c1u","event":"Session","hasAccount":false}
2026-01-15T20:26:16.386Z - JWT Callback {"tokenSub":"cmk7e2c1r0001oqeum9zh3c1u","event":"Session","hasAccount":false}
2026-01-15T20:26:16.395Z - JWT Callback {"tokenSub":"cmk7e2c1r0001oqeum9zh3c1u","event":"Session","hasAccount":false}
2026-01-15T20:26:17.463Z - JWT Callback {"tokenSub":"cmk7e2c1r0001oqeum9zh3c1u","event":"Session","hasAccount":false}
2026-01-15T20:26:17.471Z - JWT Callback {"tokenSub":"cmk7e2c1r0001oqeum9zh3c1u","event":"Session","hasAccount":false}
2026-01-15T20:32:06.337Z - JWT Callback {"tokenSub":"cmk7e2c1r0001oqeum9zh3c1u","event":"Session","hasAccount":false}
2026-01-15T20:32:16.696Z - JWT Callback {"tokenSub":"cmk7e2c1r0001oqeum9zh3c1u","event":"Session","hasAccount":false}
2026-01-15T20:32:19.191Z - JWT Callback {"tokenSub":"cmk7e2c1r0001oqeum9zh3c1u","event":"Session","hasAccount":false}
2026-01-15T20:32:19.684Z - JWT Callback {"tokenSub":"cmk7e2c1r0001oqeum9zh3c1u","event":"Session","hasAccount":false}
2026-01-15T20:32:19.861Z - JWT Callback {"tokenSub":"cmk7e2c1r0001oqeum9zh3c1u","event":"Session","hasAccount":false}
2026-01-15T20:32:21.534Z - JWT Callback {"tokenSub":"cmk7e2c1r0001oqeum9zh3c1u","event":"Session","hasAccount":false}
2026-01-15T20:32:30.080Z - JWT Callback {"tokenSub":"cmk7e2c1r0001oqeum9zh3c1u","event":"Session","hasAccount":false}
2026-01-15T20:32:30.149Z - JWT Callback {"tokenSub":"cmk7e2c1r0001oqeum9zh3c1u","event":"Session","hasAccount":false}
2026-01-15T20:32:30.218Z - JWT Callback {"tokenSub":"cmk7e2c1r0001oqeum9zh3c1u","event":"Session","hasAccount":false}
2026-01-15T20:32:30.223Z - JWT Callback {"tokenSub":"cmk7e2c1r0001oqeum9zh3c1u","event":"Session","hasAccount":false}
2026-01-15T20:32:36.184Z - JWT Callback {"tokenSub":"cmk7e2c1r0001oqeum9zh3c1u","event":"Session","hasAccount":false}
2026-01-15T20:32:36.390Z - JWT Callback {"tokenSub":"cmk7e2c1r0001oqeum9zh3c1u","event":"Session","hasAccount":false}
2026-01-15T20:32:36.503Z - JWT Callback {"tokenSub":"cmk7e2c1r0001oqeum9zh3c1u","event":"Session","hasAccount":false}
2026-01-15T20:32:36.508Z - JWT Callback {"tokenSub":"cmk7e2c1r0001oqeum9zh3c1u","event":"Session","hasAccount":false}
2026-01-15T20:32:37.584Z - JWT Callback {"tokenSub":"cmk7e2c1r0001oqeum9zh3c1u","event":"Session","hasAccount":false}
2026-01-15T20:32:37.589Z - JWT Callback {"tokenSub":"cmk7e2c1r0001oqeum9zh3c1u","event":"Session","hasAccount":false}
2026-01-15T20:32:44.395Z - JWT Callback {"tokenSub":"cmk7e2c1r0001oqeum9zh3c1u","event":"Session","hasAccount":false}
2026-01-15T20:32:44.487Z - JWT Callback {"tokenSub":"cmk7e2c1r0001oqeum9zh3c1u","event":"Session","hasAccount":false}
2026-01-15T20:32:44.496Z - JWT Callback {"tokenSub":"cmk7e2c1r0001oqeum9zh3c1u","event":"Session","hasAccount":false}
2026-01-15T20:33:01.856Z - JWT Callback {"tokenSub":"cmk7e2c1r0001oqeum9zh3c1u","event":"Session","hasAccount":false}
2026-01-15T20:33:01.946Z - JWT Callback {"tokenSub":"cmk7e2c1r0001oqeum9zh3c1u","event":"Session","hasAccount":false}
2026-01-15T20:33:02.042Z - JWT Callback {"tokenSub":"cmk7e2c1r0001oqeum9zh3c1u","event":"Session","hasAccount":false}
2026-01-15T20:33:02.048Z - JWT Callback {"tokenSub":"cmk7e2c1r0001oqeum9zh3c1u","event":"Session","hasAccount":false}
2026-01-15T20:33:15.834Z - JWT Callback {"tokenSub":"cmk7e2c1r0001oqeum9zh3c1u","event":"Session","hasAccount":false}
2026-01-15T20:33:22.377Z - JWT Callback {"tokenSub":"cmk7e2c1r0001oqeum9zh3c1u","event":"Session","hasAccount":false}
2026-01-15T20:33:26.260Z - JWT Callback {"tokenSub":"cmk7e2c1r0001oqeum9zh3c1u","event":"Session","hasAccount":false}
2026-01-15T20:33:26.281Z - JWT Callback {"tokenSub":"cmk7e2c1r0001oqeum9zh3c1u","event":"Session","hasAccount":false}
2026-01-15T20:33:38.760Z - JWT Callback {"tokenSub":"cmk7e2c1r0001oqeum9zh3c1u","event":"Session","hasAccount":false}
2026-01-15T20:33:38.825Z - JWT Callback {"tokenSub":"cmk7e2c1r0001oqeum9zh3c1u","event":"Session","hasAccount":false}
2026-01-15T20:33:47.778Z - JWT Callback {"tokenSub":"cmk7e2c1r0001oqeum9zh3c1u","event":"Session","hasAccount":false}
2026-01-15T20:33:48.362Z - JWT Callback {"tokenSub":"cmk7e2c1r0001oqeum9zh3c1u","event":"Session","hasAccount":false}
2026-01-15T20:33:48.456Z - JWT Callback {"tokenSub":"cmk7e2c1r0001oqeum9zh3c1u","event":"Session","hasAccount":false}
2026-01-15T20:33:58.373Z - JWT Callback {"tokenSub":"cmk7e2c1r0001oqeum9zh3c1u","event":"Session","hasAccount":false}
2026-01-15T20:33:58.850Z - JWT Callback {"tokenSub":"cmk7e2c1r0001oqeum9zh3c1u","event":"Session","hasAccount":false}
2026-01-15T20:33:58.880Z - JWT Callback {"tokenSub":"cmk7e2c1r0001oqeum9zh3c1u","event":"Session","hasAccount":false}
2026-01-15T20:34:00.645Z - JWT Callback {"tokenSub":"cmk7e2c1r0001oqeum9zh3c1u","event":"Session","hasAccount":false}
2026-01-15T20:34:01.128Z - JWT Callback {"tokenSub":"cmk7e2c1r0001oqeum9zh3c1u","event":"Session","hasAccount":false}
2026-01-15T20:34:01.160Z - JWT Callback {"tokenSub":"cmk7e2c1r0001oqeum9zh3c1u","event":"Session","hasAccount":false}
2026-01-15T20:34:06.312Z - JWT Callback {"tokenSub":"cmk7e2c1r0001oqeum9zh3c1u","event":"Session","hasAccount":false}
2026-01-15T20:34:14.027Z - JWT Callback {"tokenSub":"cmk7e2c1r0001oqeum9zh3c1u","event":"Session","hasAccount":false}
2026-01-15T20:34:14.092Z - JWT Callback {"tokenSub":"cmk7e2c1r0001oqeum9zh3c1u","event":"Session","hasAccount":false}
2026-01-15T20:35:15.314Z - JWT Callback {"tokenSub":"cmk7e2c1r0001oqeum9zh3c1u","event":"Session","hasAccount":false}
2026-01-15T20:36:10.114Z - JWT Callback {"tokenSub":"cmk7e2c1r0001oqeum9zh3c1u","event":"Session","hasAccount":false}
2026-01-15T20:37:13.545Z - JWT Callback {"tokenSub":"cmk7e2c1r0001oqeum9zh3c1u","event":"Session","hasAccount":false}
2026-01-15T20:37:43.574Z - JWT Callback {"tokenSub":"cmk7e2c1r0001oqeum9zh3c1u","event":"Session","hasAccount":false}
2026-01-15T20:38:30.633Z - JWT Callback {"tokenSub":"cmk7e2c1r0001oqeum9zh3c1u","event":"Session","hasAccount":false}
2026-01-15T20:38:32.197Z - JWT Callback {"tokenSub":"cmk7e2c1r0001oqeum9zh3c1u","event":"Session","hasAccount":false}
2026-01-15T20:38:32.997Z - JWT Callback {"tokenSub":"cmk7e2c1r0001oqeum9zh3c1u","event":"Session","hasAccount":false}
2026-01-15T20:38:37.000Z - JWT Callback {"tokenSub":"cmk7e2c1r0001oqeum9zh3c1u","event":"Session","hasAccount":false}
2026-01-15T20:38:42.880Z - JWT Callback {"tokenSub":"cmk7e2c1r0001oqeum9zh3c1u","event":"Session","hasAccount":false}
2026-01-15T20:38:43.464Z - JWT Callback {"tokenSub":"cmk7e2c1r0001oqeum9zh3c1u","event":"Session","hasAccount":false}
2026-01-15T20:38:43.515Z - JWT Callback {"tokenSub":"cmk7e2c1r0001oqeum9zh3c1u","event":"Session","hasAccount":false}
2026-01-15T20:41:01.038Z - JWT Callback {"tokenSub":"cmk7e2c1r0001oqeum9zh3c1u","event":"Session","hasAccount":false}
2026-01-15T20:41:27.800Z - JWT Callback {"tokenSub":"cmk7e2c1r0001oqeum9zh3c1u","event":"Session","hasAccount":false}
2026-01-15T20:41:29.626Z - JWT Callback {"tokenSub":"cmk7e2c1r0001oqeum9zh3c1u","event":"Session","hasAccount":false}
2026-01-15T20:41:30.549Z - JWT Callback {"tokenSub":"cmk7e2c1r0001oqeum9zh3c1u","event":"Session","hasAccount":false}
2026-01-15T20:42:20.211Z - JWT Callback {"tokenSub":"cmk7e2c1r0001oqeum9zh3c1u","event":"Session","hasAccount":false}
2026-01-15T20:42:23.382Z - JWT Callback {"tokenSub":"cmk7e2c1r0001oqeum9zh3c1u","event":"Session","hasAccount":false}
2026-01-15T20:42:24.305Z - JWT Callback {"tokenSub":"cmk7e2c1r0001oqeum9zh3c1u","event":"Session","hasAccount":false}
2026-01-15T20:42:24.399Z - JWT Callback {"tokenSub":"cmk7e2c1r0001oqeum9zh3c1u","event":"Session","hasAccount":false}
2026-01-15T20:43:32.564Z - JWT Callback {"tokenSub":"cmk7e2c1r0001oqeum9zh3c1u","event":"Session","hasAccount":false}
2026-01-15T20:43:32.645Z - JWT Callback {"tokenSub":"cmk7e2c1r0001oqeum9zh3c1u","event":"Session","hasAccount":false}
2026-01-15T20:43:32.711Z - JWT Callback {"tokenSub":"cmk7e2c1r0001oqeum9zh3c1u","event":"Session","hasAccount":false}
2026-01-15T20:43:33.723Z - JWT Callback {"tokenSub":"cmk7e2c1r0001oqeum9zh3c1u","event":"Session","hasAccount":false}
2026-01-15T20:43:33.784Z - JWT Callback {"tokenSub":"cmk7e2c1r0001oqeum9zh3c1u","event":"Session","hasAccount":false}
2026-01-15T20:48:06.559Z - JWT Callback {"tokenSub":"cmk7e2c1r0001oqeum9zh3c1u","event":"Session","hasAccount":false}
2026-01-15T20:48:06.874Z - JWT Callback {"tokenSub":"cmk7e2c1r0001oqeum9zh3c1u","event":"Session","hasAccount":false}
2026-01-15T20:48:08.287Z - JWT Callback {"tokenSub":"cmk7e2c1r0001oqeum9zh3c1u","event":"Session","hasAccount":false}
2026-01-15T20:48:08.332Z - JWT Callback {"tokenSub":"cmk7e2c1r0001oqeum9zh3c1u","event":"Session","hasAccount":false}
2026-01-15T20:51:09.769Z - JWT Callback {"tokenSub":"cmk7e2c1r0001oqeum9zh3c1u","event":"Session","hasAccount":false}
2026-01-15T20:51:09.864Z - JWT Callback {"tokenSub":"cmk7e2c1r0001oqeum9zh3c1u","event":"Session","hasAccount":false}
2026-01-15T20:51:11.469Z - JWT Callback {"tokenSub":"cmk7e2c1r0001oqeum9zh3c1u","event":"Session","hasAccount":false}
2026-01-15T20:51:11.691Z - JWT Callback {"tokenSub":"cmk7e2c1r0001oqeum9zh3c1u","event":"Session","hasAccount":false}
2026-01-15T20:52:04.332Z - JWT Callback {"tokenSub":"cmk7e2c1r0001oqeum9zh3c1u","event":"Session","hasAccount":false}
2026-01-15T20:52:04.350Z - JWT Callback {"tokenSub":"cmk7e2c1r0001oqeum9zh3c1u","event":"Session","hasAccount":false}
2026-01-15T20:52:09.349Z - JWT Callback {"tokenSub":"cmk7e2c1r0001oqeum9zh3c1u","event":"Session","hasAccount":false}
2026-01-15T20:52:09.358Z - JWT Callback {"tokenSub":"cmk7e2c1r0001oqeum9zh3c1u","event":"Session","hasAccount":false}
2026-01-15T20:52:09.482Z - JWT Callback {"tokenSub":"cmk7e2c1r0001oqeum9zh3c1u","event":"Session","hasAccount":false}
2026-01-15T20:52:09.572Z - JWT Callback {"tokenSub":"cmk7e2c1r0001oqeum9zh3c1u","event":"Session","hasAccount":false}
2026-01-15T20:52:41.307Z - JWT Callback {"tokenSub":"cmk7e2c1r0001oqeum9zh3c1u","event":"Session","hasAccount":false}
2026-01-15T20:52:41.444Z - JWT Callback {"tokenSub":"cmk7e2c1r0001oqeum9zh3c1u","event":"Session","hasAccount":false}
2026-01-15T20:52:41.604Z - JWT Callback {"tokenSub":"cmk7e2c1r0001oqeum9zh3c1u","event":"Session","hasAccount":false}
2026-01-15T20:52:41.610Z - JWT Callback {"tokenSub":"cmk7e2c1r0001oqeum9zh3c1u","event":"Session","hasAccount":false}
2026-01-15T20:52:47.060Z - JWT Callback {"tokenSub":"cmk7e2c1r0001oqeum9zh3c1u","event":"Session","hasAccount":false}
2026-01-15T20:52:47.913Z - JWT Callback {"tokenSub":"cmk7e2c1r0001oqeum9zh3c1u","event":"Session","hasAccount":false}
2026-01-15T20:52:47.940Z - JWT Callback {"tokenSub":"cmk7e2c1r0001oqeum9zh3c1u","event":"Session","hasAccount":false}
2026-01-15T20:52:47.958Z - JWT Callback {"tokenSub":"cmk7e2c1r0001oqeum9zh3c1u","event":"Session","hasAccount":false}
2026-01-15T20:55:05.693Z - JWT Callback {"tokenSub":"cmk7e2c1r0001oqeum9zh3c1u","event":"Session","hasAccount":false}
2026-01-15T20:55:47.593Z - JWT Callback {"tokenSub":"cmk7e2c1r0001oqeum9zh3c1u","event":"Session","hasAccount":false}
2026-01-15T20:55:56.580Z - JWT Callback {"tokenSub":"cmk7e2c1r0001oqeum9zh3c1u","event":"Session","hasAccount":false}
2026-01-15T20:56:55.380Z - JWT Callback {"tokenSub":"cmk7e2c1r0001oqeum9zh3c1u","event":"Session","hasAccount":false}
2026-01-15T20:57:17.924Z - JWT Callback {"tokenSub":"cmk7e2c1r0001oqeum9zh3c1u","event":"Session","hasAccount":false}
2026-01-15T20:57:20.686Z - JWT Callback {"tokenSub":"cmk7e2c1r0001oqeum9zh3c1u","event":"Session","hasAccount":false}
2026-01-15T20:57:21.519Z - JWT Callback {"tokenSub":"cmk7e2c1r0001oqeum9zh3c1u","event":"Session","hasAccount":false}
2026-01-15T20:57:21.550Z - JWT Callback {"tokenSub":"cmk7e2c1r0001oqeum9zh3c1u","event":"Session","hasAccount":false}
2026-01-15T20:57:21.566Z - JWT Callback {"tokenSub":"cmk7e2c1r0001oqeum9zh3c1u","event":"Session","hasAccount":false}
2026-01-15T20:57:32.056Z - JWT Callback {"tokenSub":"cmk7e2c1r0001oqeum9zh3c1u","event":"Session","hasAccount":false}
2026-01-15T20:57:32.140Z - JWT Callback {"tokenSub":"cmk7e2c1r0001oqeum9zh3c1u","event":"Session","hasAccount":false}
2026-01-15T20:57:32.196Z - JWT Callback {"tokenSub":"cmk7e2c1r0001oqeum9zh3c1u","event":"Session","hasAccount":false}
2026-01-15T20:57:32.225Z - JWT Callback {"tokenSub":"cmk7e2c1r0001oqeum9zh3c1u","event":"Session","hasAccount":false}
2026-01-15T20:57:35.085Z - JWT Callback {"tokenSub":"cmk7e2c1r0001oqeum9zh3c1u","event":"Session","hasAccount":false}
2026-01-15T20:57:35.880Z - JWT Callback {"tokenSub":"cmk7e2c1r0001oqeum9zh3c1u","event":"Session","hasAccount":false}
2026-01-15T20:57:35.993Z - JWT Callback {"tokenSub":"cmk7e2c1r0001oqeum9zh3c1u","event":"Session","hasAccount":false}
2026-01-15T20:57:36.047Z - JWT Callback {"tokenSub":"cmk7e2c1r0001oqeum9zh3c1u","event":"Session","hasAccount":false}
2026-01-15T20:57:52.827Z - JWT Callback {"tokenSub":"cmk7e2c1r0001oqeum9zh3c1u","event":"Session","hasAccount":false}
2026-01-15T20:57:52.974Z - JWT Callback {"tokenSub":"cmk7e2c1r0001oqeum9zh3c1u","event":"Session","hasAccount":false}
2026-01-15T20:58:06.830Z - SignIn Callback {"userEmail":"jasonroycompany@gmail.com","provider":"google"}
2026-01-15T20:58:07.103Z - Reset Resume & Templates for User {"userId":"cmk7e2c1r0001oqeum9zh3c1u"}
2026-01-15T20:58:07.587Z - JWT Callback {"tokenSub":"cmk7e2c1r0001oqeum9zh3c1u","event":"SignIn","hasAccount":true}
2026-01-15T20:58:15.077Z - JWT Callback {"tokenSub":"cmk7e2c1r0001oqeum9zh3c1u","event":"Session","hasAccount":false}
2026-01-15T20:58:36.387Z - JWT Callback {"tokenSub":"cmk7e2c1r0001oqeum9zh3c1u","event":"Session","hasAccount":false}
2026-01-15T20:58:38.064Z - JWT Callback {"tokenSub":"cmk7e2c1r0001oqeum9zh3c1u","event":"Session","hasAccount":false}
2026-01-15T20:58:42.213Z - JWT Callback {"tokenSub":"cmk7e2c1r0001oqeum9zh3c1u","event":"Session","hasAccount":false}
[2026-01-18T09:55:56.089Z] SignIn Callback {"userEmail":"jasonroycompany@gmail.com","provider":"google"}
[2026-01-18T09:55:56.097Z] User Login - Preserving Resume & Templates {"userId":"cmk7e2c1r0001oqeum9zh3c1u"}
[2026-01-18T09:55:56.108Z] JWT Callback {"tokenSub":"cmk7e2c1r0001oqeum9zh3c1u","event":"SignIn","hasAccount":true}
[2026-01-18T09:56:01.515Z] JWT Callback {"tokenSub":"cmk7e2c1r0001oqeum9zh3c1u","event":"Session","hasAccount":false}
[2026-01-18T09:56:03.725Z] JWT Callback {"tokenSub":"cmk7e2c1r0001oqeum9zh3c1u","event":"Session","hasAccount":false}
[2026-01-18T09:56:04.993Z] JWT Callback {"tokenSub":"cmk7e2c1r0001oqeum9zh3c1u","event":"Session","hasAccount":false}
[2026-01-18T09:56:05.256Z] JWT Callback {"tokenSub":"cmk7e2c1r0001oqeum9zh3c1u","event":"Session","hasAccount":false}
[2026-01-18T09:56:06.839Z] JWT Callback {"tokenSub":"cmk7e2c1r0001oqeum9zh3c1u","event":"Session","hasAccount":false}
[2026-01-18T09:56:07.528Z] JWT Callback {"tokenSub":"cmk7e2c1r0001oqeum9zh3c1u","event":"Session","hasAccount":false}
[2026-01-18T09:56:07.717Z] JWT Callback {"tokenSub":"cmk7e2c1r0001oqeum9zh3c1u","event":"Session","hasAccount":false}
[2026-01-18T09:56:08.785Z] JWT Callback {"tokenSub":"cmk7e2c1r0001oqeum9zh3c1u","event":"Session","hasAccount":false}
[2026-01-18T09:56:08.801Z] JWT Callback {"tokenSub":"cmk7e2c1r0001oqeum9zh3c1u","event":"Session","hasAccount":false}
[2026-01-18T09:56:09.232Z] JWT Callback {"tokenSub":"cmk7e2c1r0001oqeum9zh3c1u","event":"Session","hasAccount":false}
[2026-01-18T09:56:09.315Z] JWT Callback {"tokenSub":"cmk7e2c1r0001oqeum9zh3c1u","event":"Session","hasAccount":false}
[2026-01-18T09:56:55.925Z] JWT Callback {"tokenSub":"cmk7e2c1r0001oqeum9zh3c1u","event":"Session","hasAccount":false}
[2026-01-18T09:56:56.783Z] JWT Callback {"tokenSub":"cmk7e2c1r0001oqeum9zh3c1u","event":"Session","hasAccount":false}
[2026-01-18T09:56:56.918Z] JWT Callback {"tokenSub":"cmk7e2c1r0001oqeum9zh3c1u","event":"Session","hasAccount":false}
[2026-01-18T09:59:28.337Z] JWT Callback {"tokenSub":"cmk7e2c1r0001oqeum9zh3c1u","event":"Session","hasAccount":false}
[2026-01-18T09:59:31.822Z] JWT Callback {"tokenSub":"cmk7e2c1r0001oqeum9zh3c1u","event":"Session","hasAccount":false}
[2026-01-18T09:59:31.887Z] JWT Callback {"tokenSub":"cmk7e2c1r0001oqeum9zh3c1u","event":"Session","hasAccount":false}
[2026-01-18T09:59:32.736Z] JWT Callback {"tokenSub":"cmk7e2c1r0001oqeum9zh3c1u","event":"Session","hasAccount":false}
[2026-01-18T09:59:33.912Z] JWT Callback {"tokenSub":"cmk7e2c1r0001oqeum9zh3c1u","event":"Session","hasAccount":false}
[2026-01-18T09:59:33.987Z] JWT Callback {"tokenSub":"cmk7e2c1r0001oqeum9zh3c1u","event":"Session","hasAccount":false}
[2026-01-18T09:59:34.152Z] JWT Callback {"tokenSub":"cmk7e2c1r0001oqeum9zh3c1u","event":"Session","hasAccount":false}
[2026-01-18T09:59:34.462Z] JWT Callback {"tokenSub":"cmk7e2c1r0001oqeum9zh3c1u","event":"Session","hasAccount":false}
[2026-01-18T09:59:34.538Z] JWT Callback {"tokenSub":"cmk7e2c1r0001oqeum9zh3c1u","event":"Session","hasAccount":false}
[2026-01-18T10:00:12.333Z] JWT Callback {"tokenSub":"cmk7e2c1r0001oqeum9zh3c1u","event":"Session","hasAccount":false}
[2026-01-18T10:00:13.011Z] JWT Callback {"tokenSub":"cmk7e2c1r0001oqeum9zh3c1u","event":"Session","hasAccount":false}
[2026-01-18T10:00:13.603Z] JWT Callback {"tokenSub":"cmk7e2c1r0001oqeum9zh3c1u","event":"Session","hasAccount":false}
[2026-01-18T10:00:13.729Z] JWT Callback {"tokenSub":"cmk7e2c1r0001oqeum9zh3c1u","event":"Session","hasAccount":false}
[2026-01-18T10:00:34.283Z] JWT Callback {"tokenSub":"cmk7e2c1r0001oqeum9zh3c1u","event":"Session","hasAccount":false}
[2026-01-18T10:00:39.068Z] JWT Callback {"tokenSub":"cmk7e2c1r0001oqeum9zh3c1u","event":"Session","hasAccount":false}
[2026-01-18T10:00:43.253Z] JWT Callback {"tokenSub":"cmk7e2c1r0001oqeum9zh3c1u","event":"Session","hasAccount":false}
[2026-01-18T10:00:43.298Z] JWT Callback {"tokenSub":"cmk7e2c1r0001oqeum9zh3c1u","event":"Session","hasAccount":false}
[2026-01-18T10:00:43.526Z] JWT Callback {"tokenSub":"cmk7e2c1r0001oqeum9zh3c1u","event":"Session","hasAccount":false}
[2026-01-18T10:00:43.891Z] JWT Callback {"tokenSub":"cmk7e2c1r0001oqeum9zh3c1u","event":"Session","hasAccount":false}
[2026-01-18T10:01:40.741Z] JWT Callback {"tokenSub":"cmk7e2c1r0001oqeum9zh3c1u","event":"Session","hasAccount":false}
[2026-01-18T10:01:40.975Z] JWT Callback {"tokenSub":"cmk7e2c1r0001oqeum9zh3c1u","event":"Session","hasAccount":false}
[2026-01-18T10:01:41.122Z] JWT Callback {"tokenSub":"cmk7e2c1r0001oqeum9zh3c1u","event":"Session","hasAccount":false}
[2026-01-18T10:03:35.223Z] JWT Callback {"tokenSub":"cmk7e2c1r0001oqeum9zh3c1u","event":"Session","hasAccount":false}
[2026-01-18T10:03:35.596Z] JWT Callback {"tokenSub":"cmk7e2c1r0001oqeum9zh3c1u","event":"Session","hasAccount":false}
[2026-01-18T10:03:35.813Z] JWT Callback {"tokenSub":"cmk7e2c1r0001oqeum9zh3c1u","event":"Session","hasAccount":false}
[2026-01-18T10:03:38.499Z] JWT Callback {"tokenSub":"cmk7e2c1r0001oqeum9zh3c1u","event":"Session","hasAccount":false}
[2026-01-18T10:03:40.358Z] JWT Callback {"tokenSub":"cmk7e2c1r0001oqeum9zh3c1u","event":"Session","hasAccount":false}
[2026-01-18T10:03:40.384Z] JWT Callback {"tokenSub":"cmk7e2c1r0001oqeum9zh3c1u","event":"Session","hasAccount":false}
[2026-01-18T10:03:40.656Z] JWT Callback {"tokenSub":"cmk7e2c1r0001oqeum9zh3c1u","event":"Session","hasAccount":false}
[2026-01-18T10:03:40.865Z] JWT Callback {"tokenSub":"cmk7e2c1r0001oqeum9zh3c1u","event":"Session","hasAccount":false}
[2026-01-18T10:03:40.964Z] JWT Callback {"tokenSub":"cmk7e2c1r0001oqeum9zh3c1u","event":"Session","hasAccount":false}
[2026-01-18T10:03:57.734Z] JWT Callback {"tokenSub":"cmk7e2c1r0001oqeum9zh3c1u","event":"Session","hasAccount":false}
[2026-01-18T10:03:57.855Z] JWT Callback {"tokenSub":"cmk7e2c1r0001oqeum9zh3c1u","event":"Session","hasAccount":false}
[2026-01-18T10:03:57.938Z] JWT Callback {"tokenSub":"cmk7e2c1r0001oqeum9zh3c1u","event":"Session","hasAccount":false}
[2026-01-18T10:03:57.946Z] JWT Callback {"tokenSub":"cmk7e2c1r0001oqeum9zh3c1u","event":"Session","hasAccount":false}
[2026-01-18T10:04:03.067Z] JWT Callback {"tokenSub":"cmk7e2c1r0001oqeum9zh3c1u","event":"Session","hasAccount":false}
[2026-01-18T10:04:05.294Z] JWT Callback {"tokenSub":"cmk7e2c1r0001oqeum9zh3c1u","event":"Session","hasAccount":false}
[2026-01-18T10:04:05.636Z] JWT Callback {"tokenSub":"cmk7e2c1r0001oqeum9zh3c1u","event":"Session","hasAccount":false}
[2026-01-18T10:04:05.715Z] JWT Callback {"tokenSub":"cmk7e2c1r0001oqeum9zh3c1u","event":"Session","hasAccount":false}
[2026-01-18T10:04:07.048Z] JWT Callback {"tokenSub":"cmk7e2c1r0001oqeum9zh3c1u","event":"Session","hasAccount":false}
[2026-01-18T10:04:07.062Z] JWT Callback {"tokenSub":"cmk7e2c1r0001oqeum9zh3c1u","event":"Session","hasAccount":false}
[2026-01-18T10:04:24.369Z] JWT Callback {"tokenSub":"cmk7e2c1r0001oqeum9zh3c1u","event":"Session","hasAccount":false}
[2026-01-18T10:04:25.601Z] JWT Callback {"tokenSub":"cmk7e2c1r0001oqeum9zh3c1u","event":"Session","hasAccount":false}
[2026-01-18T10:04:25.848Z] JWT Callback {"tokenSub":"cmk7e2c1r0001oqeum9zh3c1u","event":"Session","hasAccount":false}
[2026-01-18T10:04:25.940Z] JWT Callback {"tokenSub":"cmk7e2c1r0001oqeum9zh3c1u","event":"Session","hasAccount":false}
[2026-01-18T10:04:26.609Z] JWT Callback {"tokenSub":"cmk7e2c1r0001oqeum9zh3c1u","event":"Session","hasAccount":false}
[2026-01-18T10:04:26.910Z] JWT Callback {"tokenSub":"cmk7e2c1r0001oqeum9zh3c1u","event":"Session","hasAccount":false}
[2026-01-18T10:05:46.547Z] JWT Callback {"tokenSub":"cmk7e2c1r0001oqeum9zh3c1u","event":"Session","hasAccount":false}
[2026-01-18T10:05:47.305Z] JWT Callback {"tokenSub":"cmk7e2c1r0001oqeum9zh3c1u","event":"Session","hasAccount":false}
[2026-01-18T10:05:47.916Z] JWT Callback {"tokenSub":"cmk7e2c1r0001oqeum9zh3c1u","event":"Session","hasAccount":false}
[2026-01-18T10:05:53.350Z] JWT Callback {"tokenSub":"cmk7e2c1r0001oqeum9zh3c1u","event":"Session","hasAccount":false}
[2026-01-18T10:05:54.990Z] JWT Callback {"tokenSub":"cmk7e2c1r0001oqeum9zh3c1u","event":"Session","hasAccount":false}
[2026-01-18T10:05:55.005Z] JWT Callback {"tokenSub":"cmk7e2c1r0001oqeum9zh3c1u","event":"Session","hasAccount":false}
[2026-01-18T10:05:55.355Z] JWT Callback {"tokenSub":"cmk7e2c1r0001oqeum9zh3c1u","event":"Session","hasAccount":false}
[2026-01-18T10:05:55.594Z] JWT Callback {"tokenSub":"cmk7e2c1r0001oqeum9zh3c1u","event":"Session","hasAccount":false}
[2026-01-18T10:05:55.702Z] JWT Callback {"tokenSub":"cmk7e2c1r0001oqeum9zh3c1u","event":"Session","hasAccount":false}
[2026-01-18T10:06:34.619Z] JWT Callback {"tokenSub":"cmk7e2c1r0001oqeum9zh3c1u","event":"Session","hasAccount":false}
[2026-01-18T10:06:34.790Z] JWT Callback {"tokenSub":"cmk7e2c1r0001oqeum9zh3c1u","event":"Session","hasAccount":false}
[2026-01-18T10:06:34.927Z] JWT Callback {"tokenSub":"cmk7e2c1r0001oqeum9zh3c1u","event":"Session","hasAccount":false}
[2026-01-18T10:07:19.863Z] JWT Callback {"tokenSub":"cmk7e2c1r0001oqeum9zh3c1u","event":"Session","hasAccount":false}
[2026-01-18T10:07:20.418Z] JWT Callback {"tokenSub":"cmk7e2c1r0001oqeum9zh3c1u","event":"Session","hasAccount":false}
[2026-01-18T10:07:33.478Z] SignIn Callback {"userEmail":"jasonroycompany@gmail.com","provider":"google"}
[2026-01-18T10:07:33.503Z] User Login - Preserving Resume & Templates {"userId":"cmk7e2c1r0001oqeum9zh3c1u"}
[2026-01-18T10:07:33.518Z] JWT Callback {"tokenSub":"cmk7e2c1r0001oqeum9zh3c1u","event":"SignIn","hasAccount":true}
[2026-01-18T10:07:33.864Z] JWT Callback {"tokenSub":"cmk7e2c1r0001oqeum9zh3c1u","event":"Session","hasAccount":false}
[2026-01-18T10:07:35.440Z] JWT Callback {"tokenSub":"cmk7e2c1r0001oqeum9zh3c1u","event":"Session","hasAccount":false}
[2026-01-18T10:07:35.525Z] JWT Callback {"tokenSub":"cmk7e2c1r0001oqeum9zh3c1u","event":"Session","hasAccount":false}
[2026-01-18T10:07:35.740Z] JWT Callback {"tokenSub":"cmk7e2c1r0001oqeum9zh3c1u","event":"Session","hasAccount":false}
[2026-01-18T10:07:36.649Z] JWT Callback {"tokenSub":"cmk7e2c1r0001oqeum9zh3c1u","event":"Session","hasAccount":false}
[2026-01-18T10:09:42.610Z] JWT Callback {"tokenSub":"cmk7e2c1r0001oqeum9zh3c1u","event":"Session","hasAccount":false}
[2026-01-18T10:09:42.925Z] JWT Callback {"tokenSub":"cmk7e2c1r0001oqeum9zh3c1u","event":"Session","hasAccount":false}
[2026-01-18T10:10:50.078Z] JWT Callback {"tokenSub":"cmk7e2c1r0001oqeum9zh3c1u","event":"Session","hasAccount":false}
[2026-01-18T10:10:52.794Z] JWT Callback {"tokenSub":"cmk7e2c1r0001oqeum9zh3c1u","event":"Session","hasAccount":false}
[2026-01-18T10:12:54.560Z] JWT Callback {"tokenSub":"cmk7e2c1r0001oqeum9zh3c1u","event":"Session","hasAccount":false}
[2026-01-18T10:12:58.751Z] JWT Callback {"tokenSub":"cmk7e2c1r0001oqeum9zh3c1u","event":"Session","hasAccount":false}
[2026-01-18T10:12:59.984Z] JWT Callback {"tokenSub":"cmk7e2c1r0001oqeum9zh3c1u","event":"Session","hasAccount":false}
[2026-01-18T10:12:59.994Z] JWT Callback {"tokenSub":"cmk7e2c1r0001oqeum9zh3c1u","event":"Session","hasAccount":false}
[2026-01-18T10:13:00.181Z] JWT Callback {"tokenSub":"cmk7e2c1r0001oqeum9zh3c1u","event":"Session","hasAccount":false}
[2026-01-18T10:15:03.364Z] JWT Callback {"tokenSub":"cmk7e2c1r0001oqeum9zh3c1u","event":"Session","hasAccount":false}
[2026-01-18T10:15:19.017Z] JWT Callback {"tokenSub":"cmk7e2c1r0001oqeum9zh3c1u","event":"Session","hasAccount":false}
[2026-01-18T10:15:20.566Z] JWT Callback {"tokenSub":"cmk7e2c1r0001oqeum9zh3c1u","event":"Session","hasAccount":false}
[2026-01-18T10:15:20.621Z] JWT Callback {"tokenSub":"cmk7e2c1r0001oqeum9zh3c1u","event":"Session","hasAccount":false}
[2026-01-18T10:15:20.808Z] JWT Callback {"tokenSub":"cmk7e2c1r0001oqeum9zh3c1u","event":"Session","hasAccount":false}
[2026-01-18T10:15:56.043Z] JWT Callback {"tokenSub":"cmk7e2c1r0001oqeum9zh3c1u","event":"Session","hasAccount":false}
[2026-01-18T10:15:58.947Z] JWT Callback {"tokenSub":"cmk7e2c1r0001oqeum9zh3c1u","event":"Session","hasAccount":false}
[2026-01-18T10:15:59.637Z] JWT Callback {"tokenSub":"cmk7e2c1r0001oqeum9zh3c1u","event":"Session","hasAccount":false}
[2026-01-18T10:16:06.898Z] SignIn Callback {"userEmail":"test@example.com","provider":"credentials"}
[2026-01-18T10:16:06.907Z] User Login - Preserving Resume & Templates {"userId":"cmk7dy41g0000oqeukwri9hif"}
[2026-01-18T10:16:06.913Z] JWT Callback {"tokenSub":"cmk7dy41g0000oqeukwri9hif","event":"SignIn","hasAccount":true}
[2026-01-18T10:16:07.001Z] JWT Callback {"tokenSub":"cmk7dy41g0000oqeukwri9hif","event":"Session","hasAccount":false}
[2026-01-18T10:16:07.480Z] JWT Callback {"tokenSub":"cmk7dy41g0000oqeukwri9hif","event":"Session","hasAccount":false}
[2026-01-18T10:16:07.698Z] JWT Callback {"tokenSub":"cmk7dy41g0000oqeukwri9hif","event":"Session","hasAccount":false}
[2026-01-18T10:16:07.917Z] JWT Callback {"tokenSub":"cmk7dy41g0000oqeukwri9hif","event":"Session","hasAccount":false}
[2026-01-18T10:16:07.970Z] JWT Callback {"tokenSub":"cmk7dy41g0000oqeukwri9hif","event":"Session","hasAccount":false}
[2026-01-18T10:16:08.094Z] JWT Callback {"tokenSub":"cmk7dy41g0000oqeukwri9hif","event":"Session","hasAccount":false}
[2026-01-18T10:16:08.159Z] JWT Callback {"tokenSub":"cmk7dy41g0000oqeukwri9hif","event":"Session","hasAccount":false}
[2026-01-18T10:16:24.473Z] JWT Callback {"tokenSub":"cmk7dy41g0000oqeukwri9hif","event":"Session","hasAccount":false}
[2026-01-18T10:16:27.801Z] JWT Callback {"tokenSub":"cmk7dy41g0000oqeukwri9hif","event":"Session","hasAccount":false}
[2026-01-18T10:16:36.298Z] JWT Callback {"tokenSub":"cmk7dy41g0000oqeukwri9hif","event":"Session","hasAccount":false}
[2026-01-18T10:16:36.423Z] JWT Callback {"tokenSub":"cmk7dy41g0000oqeukwri9hif","event":"Session","hasAccount":false}
[2026-01-18T10:16:42.615Z] JWT Callback {"tokenSub":"cmk7dy41g0000oqeukwri9hif","event":"Session","hasAccount":false}
[2026-01-18T10:16:42.998Z] JWT Callback {"tokenSub":"cmk7dy41g0000oqeukwri9hif","event":"Session","hasAccount":false}
[2026-01-18T10:16:43.899Z] JWT Callback {"tokenSub":"cmk7dy41g0000oqeukwri9hif","event":"Session","hasAccount":false}
[2026-01-18T10:16:44.077Z] JWT Callback {"tokenSub":"cmk7dy41g0000oqeukwri9hif","event":"Session","hasAccount":false}
[2026-01-18T10:17:02.884Z] JWT Callback {"tokenSub":"cmk7dy41g0000oqeukwri9hif","event":"Session","hasAccount":false}
[2026-01-18T10:17:03.049Z] JWT Callback {"tokenSub":"cmk7dy41g0000oqeukwri9hif","event":"Session","hasAccount":false}
[2026-01-18T10:17:09.709Z] SignIn Callback {"userEmail":"jasonroycompany@gmail.com","provider":"credentials"}
[2026-01-18T10:17:09.834Z] User Login - Preserving Resume & Templates {"userId":"cmk7e2c1r0001oqeum9zh3c1u"}
[2026-01-18T10:17:09.836Z] JWT Callback {"tokenSub":"cmk7e2c1r0001oqeum9zh3c1u","event":"SignIn","hasAccount":true}
[2026-01-18T10:17:10.085Z] JWT Callback {"tokenSub":"cmk7e2c1r0001oqeum9zh3c1u","event":"Session","hasAccount":false}
[2026-01-18T10:17:10.439Z] JWT Callback {"tokenSub":"cmk7e2c1r0001oqeum9zh3c1u","event":"Session","hasAccount":false}
[2026-01-18T10:17:10.759Z] JWT Callback {"tokenSub":"cmk7e2c1r0001oqeum9zh3c1u","event":"Session","hasAccount":false}
[2026-01-18T10:17:11.534Z] JWT Callback {"tokenSub":"cmk7e2c1r0001oqeum9zh3c1u","event":"Session","hasAccount":false}
[2026-01-18T10:17:11.548Z] JWT Callback {"tokenSub":"cmk7e2c1r0001oqeum9zh3c1u","event":"Session","hasAccount":false}
[2026-01-18T10:17:11.698Z] JWT Callback {"tokenSub":"cmk7e2c1r0001oqeum9zh3c1u","event":"Session","hasAccount":false}
[2026-01-18T10:17:11.825Z] JWT Callback {"tokenSub":"cmk7e2c1r0001oqeum9zh3c1u","event":"Session","hasAccount":false}
[2026-01-18T10:18:33.469Z] JWT Callback {"tokenSub":"cmk7e2c1r0001oqeum9zh3c1u","event":"Session","hasAccount":false}
[2026-01-18T10:20:14.448Z] JWT Callback {"tokenSub":"cmk7e2c1r0001oqeum9zh3c1u","event":"Session","hasAccount":false}
[2026-01-18T10:20:21.681Z] JWT Callback {"tokenSub":"cmk7e2c1r0001oqeum9zh3c1u","event":"Session","hasAccount":false}
[2026-01-18T10:20:23.421Z] JWT Callback {"tokenSub":"cmk7e2c1r0001oqeum9zh3c1u","event":"Session","hasAccount":false}
[2026-01-18T10:20:23.466Z] JWT Callback {"tokenSub":"cmk7e2c1r0001oqeum9zh3c1u","event":"Session","hasAccount":false}
[2026-01-18T10:20:23.473Z] JWT Callback {"tokenSub":"cmk7e2c1r0001oqeum9zh3c1u","event":"Session","hasAccount":false}
[2026-01-18T10:20:25.832Z] JWT Callback {"tokenSub":"cmk7e2c1r0001oqeum9zh3c1u","event":"Session","hasAccount":false}
[2026-01-18T10:20:45.481Z] JWT Callback {"tokenSub":"cmk7e2c1r0001oqeum9zh3c1u","event":"Session","hasAccount":false}
[2026-01-18T10:20:46.715Z] JWT Callback {"tokenSub":"cmk7e2c1r0001oqeum9zh3c1u","event":"Session","hasAccount":false}
[2026-01-18T10:20:46.741Z] JWT Callback {"tokenSub":"cmk7e2c1r0001oqeum9zh3c1u","event":"Session","hasAccount":false}
[2026-01-18T10:20:46.885Z] JWT Callback {"tokenSub":"cmk7e2c1r0001oqeum9zh3c1u","event":"Session","hasAccount":false}
[2026-01-18T10:20:47.021Z] JWT Callback {"tokenSub":"cmk7e2c1r0001oqeum9zh3c1u","event":"Session","hasAccount":false}
[2026-01-18T10:21:03.726Z] JWT Callback {"tokenSub":"cmk7e2c1r0001oqeum9zh3c1u","event":"Session","hasAccount":false}
[2026-01-18T10:23:06.733Z] JWT Callback {"tokenSub":"cmk7e2c1r0001oqeum9zh3c1u","event":"Session","hasAccount":false}
[2026-01-18T10:23:11.845Z] JWT Callback {"tokenSub":"cmk7e2c1r0001oqeum9zh3c1u","event":"Session","hasAccount":false}
[2026-01-18T10:23:12.885Z] JWT Callback {"tokenSub":"cmk7e2c1r0001oqeum9zh3c1u","event":"Session","hasAccount":false}
[2026-01-18T10:23:12.890Z] JWT Callback {"tokenSub":"cmk7e2c1r0001oqeum9zh3c1u","event":"Session","hasAccount":false}
[2026-01-18T10:23:13.007Z] JWT Callback {"tokenSub":"cmk7e2c1r0001oqeum9zh3c1u","event":"Session","hasAccount":false}
[2026-01-18T10:23:23.215Z] JWT Callback {"tokenSub":"cmk7e2c1r0001oqeum9zh3c1u","event":"Session","hasAccount":false}
[2026-01-18T10:23:24.226Z] JWT Callback {"tokenSub":"cmk7e2c1r0001oqeum9zh3c1u","event":"Session","hasAccount":false}
[2026-01-18T10:23:24.239Z] JWT Callback {"tokenSub":"cmk7e2c1r0001oqeum9zh3c1u","event":"Session","hasAccount":false}
[2026-01-18T10:23:24.433Z] JWT Callback {"tokenSub":"cmk7e2c1r0001oqeum9zh3c1u","event":"Session","hasAccount":false}
[2026-01-18T10:26:01.649Z] JWT Callback {"tokenSub":"cmk7e2c1r0001oqeum9zh3c1u","event":"Session","hasAccount":false}
[2026-01-18T10:26:27.424Z] JWT Callback {"tokenSub":"cmk7e2c1r0001oqeum9zh3c1u","event":"Session","hasAccount":false}
[2026-01-18T10:26:27.559Z] JWT Callback {"tokenSub":"cmk7e2c1r0001oqeum9zh3c1u","event":"Session","hasAccount":false}
[2026-01-18T10:26:47.595Z] JWT Callback {"tokenSub":"cmk7e2c1r0001oqeum9zh3c1u","event":"Session","hasAccount":false}
[2026-01-18T10:26:49.173Z] JWT Callback {"tokenSub":"cmk7e2c1r0001oqeum9zh3c1u","event":"Session","hasAccount":false}
[2026-01-18T10:27:07.944Z] JWT Callback {"tokenSub":"cmk7e2c1r0001oqeum9zh3c1u","event":"Session","hasAccount":false}
[2026-01-18T10:27:09.037Z] JWT Callback {"tokenSub":"cmk7e2c1r0001oqeum9zh3c1u","event":"Session","hasAccount":false}
[2026-01-18T10:27:09.209Z] JWT Callback {"tokenSub":"cmk7e2c1r0001oqeum9zh3c1u","event":"Session","hasAccount":false}
[2026-01-18T10:27:09.299Z] JWT Callback {"tokenSub":"cmk7e2c1r0001oqeum9zh3c1u","event":"Session","hasAccount":false}
[2026-01-18T10:28:41.199Z] JWT Callback {"tokenSub":"cmk7e2c1r0001oqeum9zh3c1u","event":"Session","hasAccount":false}
[2026-01-18T10:30:40.705Z] JWT Callback {"tokenSub":"cmk7e2c1r0001oqeum9zh3c1u","event":"Session","hasAccount":false}
[2026-01-18T10:32:00.216Z] JWT Callback {"tokenSub":"cmk7e2c1r0001oqeum9zh3c1u","event":"Session","hasAccount":false}
[2026-01-18T10:32:07.118Z] JWT Callback {"tokenSub":"cmk7e2c1r0001oqeum9zh3c1u","event":"Session","hasAccount":false}
[2026-01-18T10:32:08.969Z] JWT Callback {"tokenSub":"cmk7e2c1r0001oqeum9zh3c1u","event":"Session","hasAccount":false}
[2026-01-18T10:32:08.986Z] JWT Callback {"tokenSub":"cmk7e2c1r0001oqeum9zh3c1u","event":"Session","hasAccount":false}
[2026-01-18T10:32:09.434Z] JWT Callback {"tokenSub":"cmk7e2c1r0001oqeum9zh3c1u","event":"Session","hasAccount":false}
[2026-01-18T10:32:11.751Z] JWT Callback {"tokenSub":"cmk7e2c1r0001oqeum9zh3c1u","event":"Session","hasAccount":false}
[2026-01-18T10:32:32.659Z] JWT Callback {"tokenSub":"cmk7e2c1r0001oqeum9zh3c1u","event":"Session","hasAccount":false}
[2026-01-18T10:36:23.279Z] JWT Callback {"tokenSub":"cmk7e2c1r0001oqeum9zh3c1u","event":"Session","hasAccount":false}
[2026-01-18T10:36:25.431Z] JWT Callback {"tokenSub":"cmk7e2c1r0001oqeum9zh3c1u","event":"Session","hasAccount":false}
[2026-01-18T10:36:25.438Z] JWT Callback {"tokenSub":"cmk7e2c1r0001oqeum9zh3c1u","event":"Session","hasAccount":false}
[2026-01-18T10:36:25.482Z] JWT Callback {"tokenSub":"cmk7e2c1r0001oqeum9zh3c1u","event":"Session","hasAccount":false}
[2026-01-18T10:36:25.534Z] JWT Callback {"tokenSub":"cmk7e2c1r0001oqeum9zh3c1u","event":"Session","hasAccount":false}
[2026-01-18T10:36:42.099Z] JWT Callback {"tokenSub":"cmk7e2c1r0001oqeum9zh3c1u","event":"Session","hasAccount":false}
[2026-01-18T10:36:42.206Z] JWT Callback {"tokenSub":"cmk7e2c1r0001oqeum9zh3c1u","event":"Session","hasAccount":false}
[2026-01-18T10:36:57.652Z] JWT Callback {"tokenSub":"cmk7e2c1r0001oqeum9zh3c1u","event":"Session","hasAccount":false}
[2026-01-18T10:37:04.607Z] JWT Callback {"tokenSub":"cmk7e2c1r0001oqeum9zh3c1u","event":"Session","hasAccount":false}
[2026-01-18T10:37:04.670Z] JWT Callback {"tokenSub":"cmk7e2c1r0001oqeum9zh3c1u","event":"Session","hasAccount":false}
[2026-01-18T10:37:09.914Z] JWT Callback {"tokenSub":"cmk7e2c1r0001oqeum9zh3c1u","event":"Session","hasAccount":false}
[2026-01-18T10:37:10.715Z] JWT Callback {"tokenSub":"cmk7e2c1r0001oqeum9zh3c1u","event":"Session","hasAccount":false}
[2026-01-18T10:37:12.645Z] JWT Callback {"tokenSub":"cmk7e2c1r0001oqeum9zh3c1u","event":"Session","hasAccount":false}
[2026-01-18T10:37:12.649Z] JWT Callback {"tokenSub":"cmk7e2c1r0001oqeum9zh3c1u","event":"Session","hasAccount":false}
[2026-01-18T10:37:20.267Z] JWT Callback {"tokenSub":"cmk7e2c1r0001oqeum9zh3c1u","event":"Session","hasAccount":false}
[2026-01-18T10:37:20.829Z] JWT Callback {"tokenSub":"cmk7e2c1r0001oqeum9zh3c1u","event":"Session","hasAccount":false}
[2026-01-18T10:37:22.765Z] JWT Callback {"tokenSub":"cmk7e2c1r0001oqeum9zh3c1u","event":"Session","hasAccount":false}
[2026-01-18T10:37:22.768Z] JWT Callback {"tokenSub":"cmk7e2c1r0001oqeum9zh3c1u","event":"Session","hasAccount":false}
[2026-01-18T10:41:18.825Z] JWT Callback {"tokenSub":"cmk7e2c1r0001oqeum9zh3c1u","event":"Session","hasAccount":false}
[2026-01-18T10:41:20.717Z] JWT Callback {"tokenSub":"cmk7e2c1r0001oqeum9zh3c1u","event":"Session","hasAccount":false}
[2026-01-18T10:41:21.108Z] JWT Callback {"tokenSub":"cmk7e2c1r0001oqeum9zh3c1u","event":"Session","hasAccount":false}
[2026-01-18T10:41:21.139Z] JWT Callback {"tokenSub":"cmk7e2c1r0001oqeum9zh3c1u","event":"Session","hasAccount":false}
[2026-01-18T10:41:21.145Z] JWT Callback {"tokenSub":"cmk7e2c1r0001oqeum9zh3c1u","event":"Session","hasAccount":false}
[2026-01-18T10:41:29.325Z] JWT Callback {"tokenSub":"cmk7e2c1r0001oqeum9zh3c1u","event":"Session","hasAccount":false}
[2026-01-18T10:41:35.186Z] JWT Callback {"tokenSub":"cmk7e2c1r0001oqeum9zh3c1u","event":"Session","hasAccount":false}
[2026-01-18T10:41:35.248Z] JWT Callback {"tokenSub":"cmk7e2c1r0001oqeum9zh3c1u","event":"Session","hasAccount":false}
[2026-01-18T10:41:38.900Z] JWT Callback {"tokenSub":"cmk7e2c1r0001oqeum9zh3c1u","event":"Session","hasAccount":false}
[2026-01-18T10:41:42.446Z] JWT Callback {"tokenSub":"cmk7e2c1r0001oqeum9zh3c1u","event":"Session","hasAccount":false}
[2026-01-18T10:41:44.251Z] JWT Callback {"tokenSub":"cmk7e2c1r0001oqeum9zh3c1u","event":"Session","hasAccount":false}
[2026-01-18T10:41:44.266Z] JWT Callback {"tokenSub":"cmk7e2c1r0001oqeum9zh3c1u","event":"Session","hasAccount":false}
[2026-01-18T10:41:52.998Z] JWT Callback {"tokenSub":"cmk7e2c1r0001oqeum9zh3c1u","event":"Session","hasAccount":false}
[2026-01-18T10:41:53.045Z] JWT Callback {"tokenSub":"cmk7e2c1r0001oqeum9zh3c1u","event":"Session","hasAccount":false}
[2026-01-18T10:41:58.646Z] JWT Callback {"tokenSub":"cmk7e2c1r0001oqeum9zh3c1u","event":"Session","hasAccount":false}
[2026-01-18T10:42:03.818Z] JWT Callback {"tokenSub":"cmk7e2c1r0001oqeum9zh3c1u","event":"Session","hasAccount":false}
[2026-01-18T10:42:03.897Z] JWT Callback {"tokenSub":"cmk7e2c1r0001oqeum9zh3c1u","event":"Session","hasAccount":false}
[2026-01-18T10:42:06.484Z] JWT Callback {"tokenSub":"cmk7e2c1r0001oqeum9zh3c1u","event":"Session","hasAccount":false}
[2026-01-18T10:42:07.031Z] JWT Callback {"tokenSub":"cmk7e2c1r0001oqeum9zh3c1u","event":"Session","hasAccount":false}
[2026-01-18T10:42:10.535Z] JWT Callback {"tokenSub":"cmk7e2c1r0001oqeum9zh3c1u","event":"Session","hasAccount":false}
[2026-01-18T10:42:10.542Z] JWT Callback {"tokenSub":"cmk7e2c1r0001oqeum9zh3c1u","event":"Session","hasAccount":false}
[2026-01-18T10:42:15.555Z] JWT Callback {"tokenSub":"cmk7e2c1r0001oqeum9zh3c1u","event":"Session","hasAccount":false}
[2026-01-18T10:42:15.932Z] JWT Callback {"tokenSub":"cmk7e2c1r0001oqeum9zh3c1u","event":"Session","hasAccount":false}
[2026-01-18T10:42:15.935Z] JWT Callback {"tokenSub":"cmk7e2c1r0001oqeum9zh3c1u","event":"Session","hasAccount":false}
[2026-01-18T10:42:15.992Z] JWT Callback {"tokenSub":"cmk7e2c1r0001oqeum9zh3c1u","event":"Session","hasAccount":false}
[2026-01-18T10:42:25.409Z] JWT Callback {"tokenSub":"cmk7e2c1r0001oqeum9zh3c1u","event":"Session","hasAccount":false}
[2026-01-18T10:42:32.127Z] JWT Callback {"tokenSub":"cmk7e2c1r0001oqeum9zh3c1u","event":"Session","hasAccount":false}
[2026-01-18T10:42:32.215Z] JWT Callback {"tokenSub":"cmk7e2c1r0001oqeum9zh3c1u","event":"Session","hasAccount":false}
[2026-01-18T10:42:42.016Z] SignIn Callback {"userEmail":"jasonroycompany@gmail.com","provider":"google"}
[2026-01-18T10:42:42.022Z] User Login - Preserving Resume & Templates {"userId":"cmk7e2c1r0001oqeum9zh3c1u"}
[2026-01-18T10:42:42.027Z] JWT Callback {"tokenSub":"cmk7e2c1r0001oqeum9zh3c1u","event":"SignIn","hasAccount":true}
[2026-01-18T10:42:42.119Z] JWT Callback {"tokenSub":"cmk7e2c1r0001oqeum9zh3c1u","event":"Session","hasAccount":false}
[2026-01-18T10:42:42.495Z] JWT Callback {"tokenSub":"cmk7e2c1r0001oqeum9zh3c1u","event":"Session","hasAccount":false}
[2026-01-18T10:42:42.521Z] JWT Callback {"tokenSub":"cmk7e2c1r0001oqeum9zh3c1u","event":"Session","hasAccount":false}
[2026-01-18T10:42:42.531Z] JWT Callback {"tokenSub":"cmk7e2c1r0001oqeum9zh3c1u","event":"Session","hasAccount":false}
[2026-01-18T10:42:49.611Z] JWT Callback {"tokenSub":"cmk7e2c1r0001oqeum9zh3c1u","event":"Session","hasAccount":false}
[2026-01-18T10:42:59.559Z] JWT Callback {"tokenSub":"cmk7e2c1r0001oqeum9zh3c1u","event":"Session","hasAccount":false}
[2026-01-18T10:43:01.002Z] JWT Callback {"tokenSub":"cmk7e2c1r0001oqeum9zh3c1u","event":"Session","hasAccount":false}
[2026-01-18T10:43:11.444Z] JWT Callback {"tokenSub":"cmk7e2c1r0001oqeum9zh3c1u","event":"Session","hasAccount":false}
[2026-01-18T10:43:30.621Z] JWT Callback {"tokenSub":"cmk7e2c1r0001oqeum9zh3c1u","event":"Session","hasAccount":false}
[2026-01-18T10:43:40.129Z] JWT Callback {"tokenSub":"cmk7e2c1r0001oqeum9zh3c1u","event":"Session","hasAccount":false}
[2026-01-18T10:43:40.691Z] JWT Callback {"tokenSub":"cmk7e2c1r0001oqeum9zh3c1u","event":"Session","hasAccount":false}
[2026-01-18T10:43:47.171Z] JWT Callback {"tokenSub":"cmk7e2c1r0001oqeum9zh3c1u","event":"Session","hasAccount":false}
[2026-01-18T10:43:53.739Z] JWT Callback {"tokenSub":"cmk7e2c1r0001oqeum9zh3c1u","event":"Session","hasAccount":false}
[2026-01-18T10:43:53.803Z] JWT Callback {"tokenSub":"cmk7e2c1r0001oqeum9zh3c1u","event":"Session","hasAccount":false}
[2026-01-18T10:43:55.764Z] JWT Callback {"tokenSub":"cmk7e2c1r0001oqeum9zh3c1u","event":"Session","hasAccount":false}
[2026-01-18T10:43:56.348Z] JWT Callback {"tokenSub":"cmk7e2c1r0001oqeum9zh3c1u","event":"Session","hasAccount":false}
[2026-01-18T10:43:58.209Z] JWT Callback {"tokenSub":"cmk7e2c1r0001oqeum9zh3c1u","event":"Session","hasAccount":false}
[2026-01-18T10:43:58.221Z] JWT Callback {"tokenSub":"cmk7e2c1r0001oqeum9zh3c1u","event":"Session","hasAccount":false}
[2026-01-18T10:52:25.520Z] JWT Callback {"tokenSub":"cmk7e2c1r0001oqeum9zh3c1u","event":"Session","hasAccount":false}
[2026-01-18T10:52:39.983Z] JWT Callback {"tokenSub":"cmk7e2c1r0001oqeum9zh3c1u","event":"Session","hasAccount":false}
[2026-01-18T10:52:40.580Z] JWT Callback {"tokenSub":"cmk7e2c1r0001oqeum9zh3c1u","event":"Session","hasAccount":false}
[2026-01-18T10:52:40.587Z] JWT Callback {"tokenSub":"cmk7e2c1r0001oqeum9zh3c1u","event":"Session","hasAccount":false}
[2026-01-18T10:52:40.613Z] JWT Callback {"tokenSub":"cmk7e2c1r0001oqeum9zh3c1u","event":"Session","hasAccount":false}
[2026-01-18T10:52:48.617Z] JWT Callback {"tokenSub":"cmk7e2c1r0001oqeum9zh3c1u","event":"Session","hasAccount":false}
[2026-01-18T10:52:52.478Z] JWT Callback {"tokenSub":"cmk7e2c1r0001oqeum9zh3c1u","event":"Session","hasAccount":false}
[2026-01-18T10:52:52.764Z] JWT Callback {"tokenSub":"cmk7e2c1r0001oqeum9zh3c1u","event":"Session","hasAccount":false}
[2026-01-18T10:52:52.775Z] JWT Callback {"tokenSub":"cmk7e2c1r0001oqeum9zh3c1u","event":"Session","hasAccount":false}
[2026-01-18T10:52:52.833Z] JWT Callback {"tokenSub":"cmk7e2c1r0001oqeum9zh3c1u","event":"Session","hasAccount":false}
[2026-01-18T10:53:04.465Z] JWT Callback {"tokenSub":"cmk7e2c1r0001oqeum9zh3c1u","event":"Session","hasAccount":false}
[2026-01-18T10:53:05.026Z] JWT Callback {"tokenSub":"cmk7e2c1r0001oqeum9zh3c1u","event":"Session","hasAccount":false}
[2026-01-18T10:53:06.829Z] JWT Callback {"tokenSub":"cmk7e2c1r0001oqeum9zh3c1u","event":"Session","hasAccount":false}
[2026-01-18T10:53:06.834Z] JWT Callback {"tokenSub":"cmk7e2c1r0001oqeum9zh3c1u","event":"Session","hasAccount":false}
[2026-01-18T10:58:22.453Z] JWT Callback {"tokenSub":"cmk7e2c1r0001oqeum9zh3c1u","event":"Session","hasAccount":false}
[2026-01-18T10:58:32.986Z] JWT Callback {"tokenSub":"cmk7e2c1r0001oqeum9zh3c1u","event":"Session","hasAccount":false}
[2026-01-18T10:58:37.942Z] JWT Callback {"tokenSub":"cmk7e2c1r0001oqeum9zh3c1u","event":"Session","hasAccount":false}
[2026-01-18T10:58:38.352Z] JWT Callback {"tokenSub":"cmk7e2c1r0001oqeum9zh3c1u","event":"Session","hasAccount":false}
[2026-01-18T10:58:38.408Z] JWT Callback {"tokenSub":"cmk7e2c1r0001oqeum9zh3c1u","event":"Session","hasAccount":false}
[2026-01-18T10:58:38.710Z] JWT Callback {"tokenSub":"cmk7e2c1r0001oqeum9zh3c1u","event":"Session","hasAccount":false}
[2026-01-18T10:58:48.472Z] JWT Callback {"tokenSub":"cmk7e2c1r0001oqeum9zh3c1u","event":"Session","hasAccount":false}
[2026-01-18T10:58:48.548Z] JWT Callback {"tokenSub":"cmk7e2c1r0001oqeum9zh3c1u","event":"Session","hasAccount":false}
[2026-01-18T10:58:55.238Z] JWT Callback {"tokenSub":"cmk7e2c1r0001oqeum9zh3c1u","event":"Session","hasAccount":false}
[2026-01-18T10:58:55.542Z] JWT Callback {"tokenSub":"cmk7e2c1r0001oqeum9zh3c1u","event":"Session","hasAccount":false}
[2026-01-18T10:58:55.546Z] JWT Callback {"tokenSub":"cmk7e2c1r0001oqeum9zh3c1u","event":"Session","hasAccount":false}
[2026-01-18T10:58:55.566Z] JWT Callback {"tokenSub":"cmk7e2c1r0001oqeum9zh3c1u","event":"Session","hasAccount":false}
[2026-01-18T10:59:06.219Z] JWT Callback {"tokenSub":"cmk7e2c1r0001oqeum9zh3c1u","event":"Session","hasAccount":false}
[2026-01-18T10:59:12.029Z] JWT Callback {"tokenSub":"cmk7e2c1r0001oqeum9zh3c1u","event":"Session","hasAccount":false}
[2026-01-18T10:59:12.089Z] JWT Callback {"tokenSub":"cmk7e2c1r0001oqeum9zh3c1u","event":"Session","hasAccount":false}
[2026-01-18T10:59:16.000Z] JWT Callback {"tokenSub":"cmk7e2c1r0001oqeum9zh3c1u","event":"Session","hasAccount":false}
[2026-01-18T10:59:16.550Z] JWT Callback {"tokenSub":"cmk7e2c1r0001oqeum9zh3c1u","event":"Session","hasAccount":false}
[2026-01-18T10:59:19.668Z] JWT Callback {"tokenSub":"cmk7e2c1r0001oqeum9zh3c1u","event":"Session","hasAccount":false}
[2026-01-18T10:59:19.680Z] JWT Callback {"tokenSub":"cmk7e2c1r0001oqeum9zh3c1u","event":"Session","hasAccount":false}
[2026-01-18T10:59:29.156Z] JWT Callback {"tokenSub":"cmk7e2c1r0001oqeum9zh3c1u","event":"Session","hasAccount":false}
[2026-01-18T10:59:29.543Z] JWT Callback {"tokenSub":"cmk7e2c1r0001oqeum9zh3c1u","event":"Session","hasAccount":false}
[2026-01-18T10:59:29.593Z] JWT Callback {"tokenSub":"cmk7e2c1r0001oqeum9zh3c1u","event":"Session","hasAccount":false}
[2026-01-18T10:59:29.618Z] JWT Callback {"tokenSub":"cmk7e2c1r0001oqeum9zh3c1u","event":"Session","hasAccount":false}
[2026-01-18T10:59:33.478Z] JWT Callback {"tokenSub":"cmk7e2c1r0001oqeum9zh3c1u","event":"Session","hasAccount":false}
[2026-01-18T10:59:33.564Z] JWT Callback {"tokenSub":"cmk7e2c1r0001oqeum9zh3c1u","event":"Session","hasAccount":false}
[2026-01-18T10:59:44.137Z] SignIn Callback {"userEmail":"jasonroycompany@gmail.com","provider":"google"}
[2026-01-18T10:59:44.143Z] User Login - Preserving Resume & Templates {"userId":"cmk7e2c1r0001oqeum9zh3c1u"}
[2026-01-18T10:59:44.152Z] JWT Callback {"tokenSub":"cmk7e2c1r0001oqeum9zh3c1u","event":"SignIn","hasAccount":true}
[2026-01-18T10:59:44.266Z] JWT Callback {"tokenSub":"cmk7e2c1r0001oqeum9zh3c1u","event":"Session","hasAccount":false}
[2026-01-18T10:59:44.725Z] JWT Callback {"tokenSub":"cmk7e2c1r0001oqeum9zh3c1u","event":"Session","hasAccount":false}
[2026-01-18T10:59:44.762Z] JWT Callback {"tokenSub":"cmk7e2c1r0001oqeum9zh3c1u","event":"Session","hasAccount":false}
[2026-01-18T10:59:44.776Z] JWT Callback {"tokenSub":"cmk7e2c1r0001oqeum9zh3c1u","event":"Session","hasAccount":false}
[2026-01-18T11:00:00.706Z] JWT Callback {"tokenSub":"cmk7e2c1r0001oqeum9zh3c1u","event":"Session","hasAccount":false}
[2026-01-18T11:00:01.026Z] JWT Callback {"tokenSub":"cmk7e2c1r0001oqeum9zh3c1u","event":"Session","hasAccount":false}
[2026-01-18T11:00:01.031Z] JWT Callback {"tokenSub":"cmk7e2c1r0001oqeum9zh3c1u","event":"Session","hasAccount":false}
[2026-01-18T11:00:01.094Z] JWT Callback {"tokenSub":"cmk7e2c1r0001oqeum9zh3c1u","event":"Session","hasAccount":false}
[2026-01-18T11:01:16.372Z] JWT Callback {"tokenSub":"cmk7e2c1r0001oqeum9zh3c1u","event":"Session","hasAccount":false}
[2026-01-18T11:02:57.304Z] JWT Callback {"tokenSub":"cmk7e2c1r0001oqeum9zh3c1u","event":"Session","hasAccount":false}
[2026-01-18T11:03:00.406Z] JWT Callback {"tokenSub":"cmk7e2c1r0001oqeum9zh3c1u","event":"Session","hasAccount":false}
[2026-01-18T11:03:00.896Z] JWT Callback {"tokenSub":"cmk7e2c1r0001oqeum9zh3c1u","event":"Session","hasAccount":false}
[2026-01-18T11:03:00.899Z] JWT Callback {"tokenSub":"cmk7e2c1r0001oqeum9zh3c1u","event":"Session","hasAccount":false}
[2026-01-18T11:03:01.102Z] JWT Callback {"tokenSub":"cmk7e2c1r0001oqeum9zh3c1u","event":"Session","hasAccount":false}
[2026-01-18T11:03:01.124Z] JWT Callback {"tokenSub":"cmk7e2c1r0001oqeum9zh3c1u","event":"Session","hasAccount":false}
[2026-01-18T11:06:04.316Z] JWT Callback {"tokenSub":"cmk7e2c1r0001oqeum9zh3c1u","event":"Session","hasAccount":false}
[2026-01-18T11:06:06.711Z] JWT Callback {"tokenSub":"cmk7e2c1r0001oqeum9zh3c1u","event":"Session","hasAccount":false}
[2026-01-18T11:06:07.126Z] JWT Callback {"tokenSub":"cmk7e2c1r0001oqeum9zh3c1u","event":"Session","hasAccount":false}
[2026-01-18T11:06:07.367Z] JWT Callback {"tokenSub":"cmk7e2c1r0001oqeum9zh3c1u","event":"Session","hasAccount":false}
[2026-01-18T11:06:07.371Z] JWT Callback {"tokenSub":"cmk7e2c1r0001oqeum9zh3c1u","event":"Session","hasAccount":false}
[2026-01-18T11:06:07.392Z] JWT Callback {"tokenSub":"cmk7e2c1r0001oqeum9zh3c1u","event":"Session","hasAccount":false}
[2026-01-18T11:06:21.042Z] JWT Callback {"tokenSub":"cmk7e2c1r0001oqeum9zh3c1u","event":"Session","hasAccount":false}
[2026-01-18T11:08:25.308Z] JWT Callback {"tokenSub":"cmk7e2c1r0001oqeum9zh3c1u","event":"Session","hasAccount":false}
[2026-01-18T11:08:29.826Z] JWT Callback {"tokenSub":"cmk7e2c1r0001oqeum9zh3c1u","event":"Session","hasAccount":false}
[2026-01-18T11:08:30.475Z] JWT Callback {"tokenSub":"cmk7e2c1r0001oqeum9zh3c1u","event":"Session","hasAccount":false}
[2026-01-18T11:08:30.498Z] JWT Callback {"tokenSub":"cmk7e2c1r0001oqeum9zh3c1u","event":"Session","hasAccount":false}
[2026-01-18T11:08:30.512Z] JWT Callback {"tokenSub":"cmk7e2c1r0001oqeum9zh3c1u","event":"Session","hasAccount":false}
[2026-01-18T11:08:30.597Z] JWT Callback {"tokenSub":"cmk7e2c1r0001oqeum9zh3c1u","event":"Session","hasAccount":false}
[2026-01-18T11:09:01.765Z] JWT Callback {"tokenSub":"cmk7e2c1r0001oqeum9zh3c1u","event":"Session","hasAccount":false}
[2026-01-18T11:09:49.540Z] JWT Callback {"tokenSub":"cmk7e2c1r0001oqeum9zh3c1u","event":"Session","hasAccount":false}
[2026-01-18T11:09:56.258Z] JWT Callback {"tokenSub":"cmk7e2c1r0001oqeum9zh3c1u","event":"Session","hasAccount":false}
[2026-01-18T11:09:56.327Z] JWT Callback {"tokenSub":"cmk7e2c1r0001oqeum9zh3c1u","event":"Session","hasAccount":false}
[2026-01-18T11:10:26.773Z] JWT Callback {"tokenSub":"cmk7e2c1r0001oqeum9zh3c1u","event":"Session","hasAccount":false}
[2026-01-18T11:10:26.850Z] JWT Callback {"tokenSub":"cmk7e2c1r0001oqeum9zh3c1u","event":"Session","hasAccount":false}
[2026-01-18T11:10:37.732Z] JWT Callback {"tokenSub":"cmk7e2c1r0001oqeum9zh3c1u","event":"Session","hasAccount":false}
[2026-01-18T11:10:38.136Z] JWT Callback {"tokenSub":"cmk7e2c1r0001oqeum9zh3c1u","event":"Session","hasAccount":false}
[2026-01-18T11:10:38.142Z] JWT Callback {"tokenSub":"cmk7e2c1r0001oqeum9zh3c1u","event":"Session","hasAccount":false}
[2026-01-18T11:10:38.149Z] JWT Callback {"tokenSub":"cmk7e2c1r0001oqeum9zh3c1u","event":"Session","hasAccount":false}
[2026-01-18T11:10:38.179Z] JWT Callback {"tokenSub":"cmk7e2c1r0001oqeum9zh3c1u","event":"Session","hasAccount":false}
[2026-01-18T11:10:41.024Z] JWT Callback {"tokenSub":"cmk7e2c1r0001oqeum9zh3c1u","event":"Session","hasAccount":false}
[2026-01-18T11:10:41.363Z] JWT Callback {"tokenSub":"cmk7e2c1r0001oqeum9zh3c1u","event":"Session","hasAccount":false}
[2026-01-18T11:10:41.416Z] JWT Callback {"tokenSub":"cmk7e2c1r0001oqeum9zh3c1u","event":"Session","hasAccount":false}
[2026-01-18T11:10:41.421Z] JWT Callback {"tokenSub":"cmk7e2c1r0001oqeum9zh3c1u","event":"Session","hasAccount":false}
[2026-01-18T11:10:41.481Z] JWT Callback {"tokenSub":"cmk7e2c1r0001oqeum9zh3c1u","event":"Session","hasAccount":false}
[2026-01-18T11:10:48.566Z] JWT Callback {"tokenSub":"cmk7e2c1r0001oqeum9zh3c1u","event":"Session","hasAccount":false}
[2026-01-18T11:10:49.087Z] JWT Callback {"tokenSub":"cmk7e2c1r0001oqeum9zh3c1u","event":"Session","hasAccount":false}
[2026-01-18T11:10:54.934Z] JWT Callback {"tokenSub":"cmk7e2c1r0001oqeum9zh3c1u","event":"Session","hasAccount":false}
[2026-01-18T11:10:55.258Z] JWT Callback {"tokenSub":"cmk7e2c1r0001oqeum9zh3c1u","event":"Session","hasAccount":false}
[2026-01-18T11:10:55.262Z] JWT Callback {"tokenSub":"cmk7e2c1r0001oqeum9zh3c1u","event":"Session","hasAccount":false}
[2026-01-18T11:10:55.270Z] JWT Callback {"tokenSub":"cmk7e2c1r0001oqeum9zh3c1u","event":"Session","hasAccount":false}
[2026-01-18T11:10:55.286Z] JWT Callback {"tokenSub":"cmk7e2c1r0001oqeum9zh3c1u","event":"Session","hasAccount":false}
[2026-01-18T11:22:48.955Z] JWT Callback {"tokenSub":"cmk7e2c1r0001oqeum9zh3c1u","event":"Session","hasAccount":false}
[2026-01-18T11:22:50.367Z] JWT Callback {"tokenSub":"cmk7e2c1r0001oqeum9zh3c1u","event":"Session","hasAccount":false}
[2026-01-18T11:22:50.857Z] JWT Callback {"tokenSub":"cmk7e2c1r0001oqeum9zh3c1u","event":"Session","hasAccount":false}
[2026-01-18T11:22:50.931Z] JWT Callback {"tokenSub":"cmk7e2c1r0001oqeum9zh3c1u","event":"Session","hasAccount":false}
[2026-01-18T11:22:51.032Z] JWT Callback {"tokenSub":"cmk7e2c1r0001oqeum9zh3c1u","event":"Session","hasAccount":false}
[2026-01-18T11:22:51.124Z] JWT Callback {"tokenSub":"cmk7e2c1r0001oqeum9zh3c1u","event":"Session","hasAccount":false}
[2026-01-18T11:22:52.191Z] JWT Callback {"tokenSub":"cmk7e2c1r0001oqeum9zh3c1u","event":"Session","hasAccount":false}
[2026-01-18T11:22:52.299Z] JWT Callback {"tokenSub":"cmk7e2c1r0001oqeum9zh3c1u","event":"Session","hasAccount":false}
[2026-01-18T11:23:43.326Z] JWT Callback {"tokenSub":"cmk7e2c1r0001oqeum9zh3c1u","event":"Session","hasAccount":false}
[2026-01-18T11:23:43.684Z] JWT Callback {"tokenSub":"cmk7e2c1r0001oqeum9zh3c1u","event":"Session","hasAccount":false}
[2026-01-18T11:23:43.757Z] JWT Callback {"tokenSub":"cmk7e2c1r0001oqeum9zh3c1u","event":"Session","hasAccount":false}
[2026-01-18T11:23:44.364Z] JWT Callback {"tokenSub":"cmk7e2c1r0001oqeum9zh3c1u","event":"Session","hasAccount":false}
[2026-01-18T11:23:44.443Z] JWT Callback {"tokenSub":"cmk7e2c1r0001oqeum9zh3c1u","event":"Session","hasAccount":false}
[2026-01-18T11:23:44.524Z] JWT Callback {"tokenSub":"cmk7e2c1r0001oqeum9zh3c1u","event":"Session","hasAccount":false}
[2026-01-18T11:23:44.642Z] JWT Callback {"tokenSub":"cmk7e2c1r0001oqeum9zh3c1u","event":"Session","hasAccount":false}
[2026-01-18T11:23:44.764Z] JWT Callback {"tokenSub":"cmk7e2c1r0001oqeum9zh3c1u","event":"Session","hasAccount":false}
[2026-01-18T11:23:44.808Z] JWT Callback {"tokenSub":"cmk7e2c1r0001oqeum9zh3c1u","event":"Session","hasAccount":false}
[2026-01-18T11:24:14.408Z] JWT Callback {"tokenSub":"cmk7e2c1r0001oqeum9zh3c1u","event":"Session","hasAccount":false}
[2026-01-18T11:24:14.600Z] JWT Callback {"tokenSub":"cmk7e2c1r0001oqeum9zh3c1u","event":"Session","hasAccount":false}
[2026-01-18T11:24:19.891Z] JWT Callback {"tokenSub":"cmk7e2c1r0001oqeum9zh3c1u","event":"Session","hasAccount":false}
[2026-01-18T11:25:23.057Z] SignIn Callback {"userEmail":"test@example.com","provider":"credentials"}
[2026-01-18T11:25:23.107Z] User Login - Preserving Resume & Templates {"userId":"cmk7dy41g0000oqeukwri9hif"}
[2026-01-18T11:25:23.118Z] JWT Callback {"tokenSub":"cmk7dy41g0000oqeukwri9hif","event":"SignIn","hasAccount":true}
[2026-01-18T11:25:23.240Z] JWT Callback {"tokenSub":"cmk7dy41g0000oqeukwri9hif","event":"Session","hasAccount":false}
[2026-01-18T11:25:23.602Z] JWT Callback {"tokenSub":"cmk7dy41g0000oqeukwri9hif","event":"Session","hasAccount":false}
[2026-01-18T11:25:23.939Z] JWT Callback {"tokenSub":"cmk7dy41g0000oqeukwri9hif","event":"Session","hasAccount":false}
[2026-01-18T11:25:24.811Z] JWT Callback {"tokenSub":"cmk7dy41g0000oqeukwri9hif","event":"Session","hasAccount":false}
[2026-01-18T11:25:24.842Z] JWT Callback {"tokenSub":"cmk7dy41g0000oqeukwri9hif","event":"Session","hasAccount":false}
[2026-01-18T11:25:24.853Z] JWT Callback {"tokenSub":"cmk7dy41g0000oqeukwri9hif","event":"Session","hasAccount":false}
[2026-01-18T11:25:25.031Z] JWT Callback {"tokenSub":"cmk7dy41g0000oqeukwri9hif","event":"Session","hasAccount":false}
[2026-01-18T11:25:25.128Z] JWT Callback {"tokenSub":"cmk7dy41g0000oqeukwri9hif","event":"Session","hasAccount":false}
[2026-01-18T11:25:25.239Z] JWT Callback {"tokenSub":"cmk7dy41g0000oqeukwri9hif","event":"Session","hasAccount":false}
[2026-01-18T11:26:25.141Z] JWT Callback {"tokenSub":"cmk7dy41g0000oqeukwri9hif","event":"Session","hasAccount":false}
[2026-01-18T11:26:25.226Z] JWT Callback {"tokenSub":"cmk7dy41g0000oqeukwri9hif","event":"Session","hasAccount":false}
[2026-01-18T11:26:41.863Z] SignIn Callback {"userEmail":"jasonroycompany@gmail.com","provider":"google"}
[2026-01-18T11:26:41.872Z] User Login - Preserving Resume & Templates {"userId":"cmk7e2c1r0001oqeum9zh3c1u"}
[2026-01-18T11:26:41.887Z] JWT Callback {"tokenSub":"cmk7e2c1r0001oqeum9zh3c1u","event":"SignIn","hasAccount":true}
[2026-01-18T11:26:42.543Z] JWT Callback {"tokenSub":"cmk7e2c1r0001oqeum9zh3c1u","event":"Session","hasAccount":false}
[2026-01-18T11:26:44.554Z] JWT Callback {"tokenSub":"cmk7e2c1r0001oqeum9zh3c1u","event":"Session","hasAccount":false}
[2026-01-18T11:26:44.680Z] JWT Callback {"tokenSub":"cmk7e2c1r0001oqeum9zh3c1u","event":"Session","hasAccount":false}
[2026-01-18T11:26:44.701Z] JWT Callback {"tokenSub":"cmk7e2c1r0001oqeum9zh3c1u","event":"Session","hasAccount":false}
[2026-01-18T11:26:44.709Z] JWT Callback {"tokenSub":"cmk7e2c1r0001oqeum9zh3c1u","event":"Session","hasAccount":false}
[2026-01-18T11:27:06.598Z] JWT Callback {"tokenSub":"cmk7e2c1r0001oqeum9zh3c1u","event":"Session","hasAccount":false}
[2026-01-18T11:27:07.293Z] JWT Callback {"tokenSub":"cmk7e2c1r0001oqeum9zh3c1u","event":"Session","hasAccount":false}
[2026-01-18T11:27:07.414Z] JWT Callback {"tokenSub":"cmk7e2c1r0001oqeum9zh3c1u","event":"Session","hasAccount":false}
[2026-01-18T11:27:07.426Z] JWT Callback {"tokenSub":"cmk7e2c1r0001oqeum9zh3c1u","event":"Session","hasAccount":false}
[2026-01-18T11:27:07.459Z] JWT Callback {"tokenSub":"cmk7e2c1r0001oqeum9zh3c1u","event":"Session","hasAccount":false}
[2026-01-18T11:27:18.402Z] JWT Callback {"tokenSub":"cmk7e2c1r0001oqeum9zh3c1u","event":"Session","hasAccount":false}
[2026-01-18T11:27:18.516Z] JWT Callback {"tokenSub":"cmk7e2c1r0001oqeum9zh3c1u","event":"Session","hasAccount":false}
[2026-01-18T11:27:18.523Z] JWT Callback {"tokenSub":"cmk7e2c1r0001oqeum9zh3c1u","event":"Session","hasAccount":false}
[2026-01-18T11:27:18.540Z] JWT Callback {"tokenSub":"cmk7e2c1r0001oqeum9zh3c1u","event":"Session","hasAccount":false}
[2026-01-18T11:27:30.276Z] JWT Callback {"tokenSub":"cmk7e2c1r0001oqeum9zh3c1u","event":"Session","hasAccount":false}
[2026-01-18T11:27:31.065Z] JWT Callback {"tokenSub":"cmk7e2c1r0001oqeum9zh3c1u","event":"Session","hasAccount":false}
[2026-01-18T11:27:31.232Z] JWT Callback {"tokenSub":"cmk7e2c1r0001oqeum9zh3c1u","event":"Session","hasAccount":false}
[2026-01-18T11:27:31.245Z] JWT Callback {"tokenSub":"cmk7e2c1r0001oqeum9zh3c1u","event":"Session","hasAccount":false}
[2026-01-18T11:27:31.277Z] JWT Callback {"tokenSub":"cmk7e2c1r0001oqeum9zh3c1u","event":"Session","hasAccount":false}
[2026-01-18T11:28:31.129Z] JWT Callback {"tokenSub":"cmk7e2c1r0001oqeum9zh3c1u","event":"Session","hasAccount":false}
[2026-01-18T11:28:32.265Z] JWT Callback {"tokenSub":"cmk7e2c1r0001oqeum9zh3c1u","event":"Session","hasAccount":false}
[2026-01-18T11:28:32.297Z] JWT Callback {"tokenSub":"cmk7e2c1r0001oqeum9zh3c1u","event":"Session","hasAccount":false}
[2026-01-18T11:28:32.328Z] JWT Callback {"tokenSub":"cmk7e2c1r0001oqeum9zh3c1u","event":"Session","hasAccount":false}
[2026-01-18T11:29:51.923Z] JWT Callback {"tokenSub":"cmk7e2c1r0001oqeum9zh3c1u","event":"Session","hasAccount":false}
[2026-01-18T11:29:52.456Z] JWT Callback {"tokenSub":"cmk7e2c1r0001oqeum9zh3c1u","event":"Session","hasAccount":false}
[2026-01-18T11:29:52.593Z] JWT Callback {"tokenSub":"cmk7e2c1r0001oqeum9zh3c1u","event":"Session","hasAccount":false}
[2026-01-18T11:29:52.614Z] JWT Callback {"tokenSub":"cmk7e2c1r0001oqeum9zh3c1u","event":"Session","hasAccount":false}
[2026-01-18T11:29:52.628Z] JWT Callback {"tokenSub":"cmk7e2c1r0001oqeum9zh3c1u","event":"Session","hasAccount":false}
[2026-01-18T11:30:01.904Z] JWT Callback {"tokenSub":"cmk7e2c1r0001oqeum9zh3c1u","event":"Session","hasAccount":false}
[2026-01-18T11:30:02.588Z] JWT Callback {"tokenSub":"cmk7e2c1r0001oqeum9zh3c1u","event":"Session","hasAccount":false}
[2026-01-18T11:30:05.872Z] JWT Callback {"tokenSub":"cmk7e2c1r0001oqeum9zh3c1u","event":"Session","hasAccount":false}
[2026-01-18T11:30:05.893Z] JWT Callback {"tokenSub":"cmk7e2c1r0001oqeum9zh3c1u","event":"Session","hasAccount":false}
[2026-01-18T11:32:14.175Z] JWT Callback {"tokenSub":"cmk7e2c1r0001oqeum9zh3c1u","event":"Session","hasAccount":false}
[2026-01-18T11:32:14.614Z] JWT Callback {"tokenSub":"cmk7e2c1r0001oqeum9zh3c1u","event":"Session","hasAccount":false}
[2026-01-18T11:32:14.681Z] JWT Callback {"tokenSub":"cmk7e2c1r0001oqeum9zh3c1u","event":"Session","hasAccount":false}
[2026-01-18T11:32:14.695Z] JWT Callback {"tokenSub":"cmk7e2c1r0001oqeum9zh3c1u","event":"Session","hasAccount":false}
[2026-01-18T11:32:14.711Z] JWT Callback {"tokenSub":"cmk7e2c1r0001oqeum9zh3c1u","event":"Session","hasAccount":false}
[2026-01-18T11:32:27.177Z] JWT Callback {"tokenSub":"cmk7e2c1r0001oqeum9zh3c1u","event":"Session","hasAccount":false}
[2026-01-18T11:32:27.277Z] JWT Callback {"tokenSub":"cmk7e2c1r0001oqeum9zh3c1u","event":"Session","hasAccount":false}
[2026-01-18T11:32:27.381Z] JWT Callback {"tokenSub":"cmk7e2c1r0001oqeum9zh3c1u","event":"Session","hasAccount":false}
[2026-01-18T11:32:27.473Z] JWT Callback {"tokenSub":"cmk7e2c1r0001oqeum9zh3c1u","event":"Session","hasAccount":false}
[2026-01-18T11:32:27.558Z] JWT Callback {"tokenSub":"cmk7e2c1r0001oqeum9zh3c1u","event":"Session","hasAccount":false}
[2026-01-18T11:32:34.464Z] JWT Callback {"tokenSub":"cmk7e2c1r0001oqeum9zh3c1u","event":"Session","hasAccount":false}
[2026-01-18T11:32:34.791Z] JWT Callback {"tokenSub":"cmk7e2c1r0001oqeum9zh3c1u","event":"Session","hasAccount":false}
[2026-01-18T11:32:34.851Z] JWT Callback {"tokenSub":"cmk7e2c1r0001oqeum9zh3c1u","event":"Session","hasAccount":false}
[2026-01-18T11:32:35.991Z] JWT Callback {"tokenSub":"cmk7e2c1r0001oqeum9zh3c1u","event":"Session","hasAccount":false}
[2026-01-18T11:32:36.041Z] JWT Callback {"tokenSub":"cmk7e2c1r0001oqeum9zh3c1u","event":"Session","hasAccount":false}
[2026-01-18T11:32:36.476Z] JWT Callback {"tokenSub":"cmk7e2c1r0001oqeum9zh3c1u","event":"Session","hasAccount":false}
[2026-01-18T11:32:36.628Z] JWT Callback {"tokenSub":"cmk7e2c1r0001oqeum9zh3c1u","event":"Session","hasAccount":false}
[2026-01-18T11:32:36.761Z] JWT Callback {"tokenSub":"cmk7e2c1r0001oqeum9zh3c1u","event":"Session","hasAccount":false}
[2026-01-18T11:32:36.833Z] JWT Callback {"tokenSub":"cmk7e2c1r0001oqeum9zh3c1u","event":"Session","hasAccount":false}
[2026-01-18T11:33:05.406Z] JWT Callback {"tokenSub":"cmk7e2c1r0001oqeum9zh3c1u","event":"Session","hasAccount":false}
[2026-01-18T11:33:05.625Z] JWT Callback {"tokenSub":"cmk7e2c1r0001oqeum9zh3c1u","event":"Session","hasAccount":false}
[2026-01-18T11:33:32.986Z] SignIn Callback {"userEmail":"jasonroycompany@gmail.com","provider":"google"}
[2026-01-18T11:33:33.013Z] User Login - Reset Workflow State {"userId":"cmk7e2c1r0001oqeum9zh3c1u"}
[2026-01-18T11:33:33.026Z] JWT Callback {"tokenSub":"cmk7e2c1r0001oqeum9zh3c1u","event":"SignIn","hasAccount":true}
[2026-01-18T11:33:33.692Z] JWT Callback {"tokenSub":"cmk7e2c1r0001oqeum9zh3c1u","event":"Session","hasAccount":false}
[2026-01-18T11:33:35.338Z] JWT Callback {"tokenSub":"cmk7e2c1r0001oqeum9zh3c1u","event":"Session","hasAccount":false}
[2026-01-18T11:33:35.447Z] JWT Callback {"tokenSub":"cmk7e2c1r0001oqeum9zh3c1u","event":"Session","hasAccount":false}
[2026-01-18T11:33:35.462Z] JWT Callback {"tokenSub":"cmk7e2c1r0001oqeum9zh3c1u","event":"Session","hasAccount":false}
[2026-01-18T11:33:35.476Z] JWT Callback {"tokenSub":"cmk7e2c1r0001oqeum9zh3c1u","event":"Session","hasAccount":false}
[2026-01-18T11:33:35.557Z] JWT Callback {"tokenSub":"cmk7e2c1r0001oqeum9zh3c1u","event":"Session","hasAccount":false}
[2026-01-18T11:33:37.367Z] JWT Callback {"tokenSub":"cmk7e2c1r0001oqeum9zh3c1u","event":"Session","hasAccount":false}
[2026-01-18T11:33:37.897Z] JWT Callback {"tokenSub":"cmk7e2c1r0001oqeum9zh3c1u","event":"Session","hasAccount":false}
[2026-01-18T11:33:38.055Z] JWT Callback {"tokenSub":"cmk7e2c1r0001oqeum9zh3c1u","event":"Session","hasAccount":false}
[2026-01-18T11:33:38.731Z] JWT Callback {"tokenSub":"cmk7e2c1r0001oqeum9zh3c1u","event":"Session","hasAccount":false}
[2026-01-18T11:33:38.777Z] JWT Callback {"tokenSub":"cmk7e2c1r0001oqeum9zh3c1u","event":"Session","hasAccount":false}
[2026-01-18T11:33:38.964Z] JWT Callback {"tokenSub":"cmk7e2c1r0001oqeum9zh3c1u","event":"Session","hasAccount":false}
[2026-01-18T11:33:39.026Z] JWT Callback {"tokenSub":"cmk7e2c1r0001oqeum9zh3c1u","event":"Session","hasAccount":false}
[2026-01-18T11:33:39.158Z] JWT Callback {"tokenSub":"cmk7e2c1r0001oqeum9zh3c1u","event":"Session","hasAccount":false}
[2026-01-18T11:33:39.254Z] JWT Callback {"tokenSub":"cmk7e2c1r0001oqeum9zh3c1u","event":"Session","hasAccount":false}
[2026-01-18T11:34:01.754Z] JWT Callback {"tokenSub":"cmk7e2c1r0001oqeum9zh3c1u","event":"Session","hasAccount":false}
[2026-01-18T11:34:04.038Z] JWT Callback {"tokenSub":"cmk7e2c1r0001oqeum9zh3c1u","event":"Session","hasAccount":false}
[2026-01-18T11:34:04.082Z] JWT Callback {"tokenSub":"cmk7e2c1r0001oqeum9zh3c1u","event":"Session","hasAccount":false}
[2026-01-18T11:34:04.157Z] JWT Callback {"tokenSub":"cmk7e2c1r0001oqeum9zh3c1u","event":"Session","hasAccount":false}
[2026-01-18T11:34:30.696Z] JWT Callback {"tokenSub":"cmk7e2c1r0001oqeum9zh3c1u","event":"Session","hasAccount":false}
[2026-01-18T11:34:30.995Z] JWT Callback {"tokenSub":"cmk7e2c1r0001oqeum9zh3c1u","event":"Session","hasAccount":false}
[2026-01-18T11:34:31.060Z] JWT Callback {"tokenSub":"cmk7e2c1r0001oqeum9zh3c1u","event":"Session","hasAccount":false}
[2026-01-18T11:34:31.093Z] JWT Callback {"tokenSub":"cmk7e2c1r0001oqeum9zh3c1u","event":"Session","hasAccount":false}
[2026-01-18T11:34:58.338Z] JWT Callback {"tokenSub":"cmk7e2c1r0001oqeum9zh3c1u","event":"Session","hasAccount":false}
[2026-01-18T11:35:06.544Z] JWT Callback {"tokenSub":"cmk7e2c1r0001oqeum9zh3c1u","event":"Session","hasAccount":false}
[2026-01-18T11:35:06.624Z] JWT Callback {"tokenSub":"cmk7e2c1r0001oqeum9zh3c1u","event":"Session","hasAccount":false}
[2026-01-18T11:35:06.793Z] JWT Callback {"tokenSub":"cmk7e2c1r0001oqeum9zh3c1u","event":"Session","hasAccount":false}
[2026-01-18T11:35:06.817Z] JWT Callback {"tokenSub":"cmk7e2c1r0001oqeum9zh3c1u","event":"Session","hasAccount":false}
[2026-01-18T11:35:16.791Z] JWT Callback {"tokenSub":"cmk7e2c1r0001oqeum9zh3c1u","event":"Session","hasAccount":false}
[2026-01-18T11:35:17.023Z] JWT Callback {"tokenSub":"cmk7e2c1r0001oqeum9zh3c1u","event":"Session","hasAccount":false}
[2026-01-18T11:35:17.145Z] JWT Callback {"tokenSub":"cmk7e2c1r0001oqeum9zh3c1u","event":"Session","hasAccount":false}
[2026-01-18T11:35:17.219Z] JWT Callback {"tokenSub":"cmk7e2c1r0001oqeum9zh3c1u","event":"Session","hasAccount":false}
[2026-01-18T11:35:17.960Z] JWT Callback {"tokenSub":"cmk7e2c1r0001oqeum9zh3c1u","event":"Session","hasAccount":false}
[2026-01-18T11:35:18.326Z] JWT Callback {"tokenSub":"cmk7e2c1r0001oqeum9zh3c1u","event":"Session","hasAccount":false}
[2026-01-18T11:35:18.475Z] JWT Callback {"tokenSub":"cmk7e2c1r0001oqeum9zh3c1u","event":"Session","hasAccount":false}
[2026-01-18T11:35:19.154Z] JWT Callback {"tokenSub":"cmk7e2c1r0001oqeum9zh3c1u","event":"Session","hasAccount":false}
[2026-01-18T11:35:19.274Z] JWT Callback {"tokenSub":"cmk7e2c1r0001oqeum9zh3c1u","event":"Session","hasAccount":false}
[2026-01-18T11:35:19.307Z] JWT Callback {"tokenSub":"cmk7e2c1r0001oqeum9zh3c1u","event":"Session","hasAccount":false}
[2026-01-18T11:35:33.006Z] JWT Callback {"tokenSub":"cmk7e2c1r0001oqeum9zh3c1u","event":"Session","hasAccount":false}
[2026-01-18T11:35:40.311Z] JWT Callback {"tokenSub":"cmk7e2c1r0001oqeum9zh3c1u","event":"Session","hasAccount":false}
[2026-01-18T11:35:45.586Z] JWT Callback {"tokenSub":"cmk7e2c1r0001oqeum9zh3c1u","event":"Session","hasAccount":false}
[2026-01-18T11:35:45.597Z] JWT Callback {"tokenSub":"cmk7e2c1r0001oqeum9zh3c1u","event":"Session","hasAccount":false}
[2026-01-18T11:36:07.666Z] JWT Callback {"tokenSub":"cmk7e2c1r0001oqeum9zh3c1u","event":"Session","hasAccount":false}
[2026-01-18T11:36:09.887Z] JWT Callback {"tokenSub":"cmk7e2c1r0001oqeum9zh3c1u","event":"Session","hasAccount":false}
[2026-01-18T11:36:10.042Z] JWT Callback {"tokenSub":"cmk7e2c1r0001oqeum9zh3c1u","event":"Session","hasAccount":false}
[2026-01-18T11:36:10.060Z] JWT Callback {"tokenSub":"cmk7e2c1r0001oqeum9zh3c1u","event":"Session","hasAccount":false}
[2026-01-18T11:36:10.079Z] JWT Callback {"tokenSub":"cmk7e2c1r0001oqeum9zh3c1u","event":"Session","hasAccount":false}
[2026-01-18T11:36:10.255Z] JWT Callback {"tokenSub":"cmk7e2c1r0001oqeum9zh3c1u","event":"Session","hasAccount":false}
[2026-01-18T11:36:10.378Z] JWT Callback {"tokenSub":"cmk7e2c1r0001oqeum9zh3c1u","event":"Session","hasAccount":false}
[2026-01-18T11:36:13.502Z] JWT Callback {"tokenSub":"cmk7e2c1r0001oqeum9zh3c1u","event":"Session","hasAccount":false}
[2026-01-18T11:36:14.164Z] JWT Callback {"tokenSub":"cmk7e2c1r0001oqeum9zh3c1u","event":"Session","hasAccount":false}
[2026-01-18T11:36:17.894Z] JWT Callback {"tokenSub":"cmk7e2c1r0001oqeum9zh3c1u","event":"Session","hasAccount":false}
[2026-01-18T11:36:17.931Z] JWT Callback {"tokenSub":"cmk7e2c1r0001oqeum9zh3c1u","event":"Session","hasAccount":false}
[2026-01-18T11:36:33.005Z] JWT Callback {"tokenSub":"cmk7e2c1r0001oqeum9zh3c1u","event":"Session","hasAccount":false}
[2026-01-18T11:36:34.052Z] JWT Callback {"tokenSub":"cmk7e2c1r0001oqeum9zh3c1u","event":"Session","hasAccount":false}
[2026-01-18T11:36:34.207Z] JWT Callback {"tokenSub":"cmk7e2c1r0001oqeum9zh3c1u","event":"Session","hasAccount":false}
[2026-01-18T11:36:34.219Z] JWT Callback {"tokenSub":"cmk7e2c1r0001oqeum9zh3c1u","event":"Session","hasAccount":false}
[2026-01-18T11:36:34.268Z] JWT Callback {"tokenSub":"cmk7e2c1r0001oqeum9zh3c1u","event":"Session","hasAccount":false}
[2026-01-18T11:36:34.446Z] JWT Callback {"tokenSub":"cmk7e2c1r0001oqeum9zh3c1u","event":"Session","hasAccount":false}
[2026-01-18T11:36:34.585Z] JWT Callback {"tokenSub":"cmk7e2c1r0001oqeum9zh3c1u","event":"Session","hasAccount":false}
[2026-01-18T11:43:40.695Z] JWT Callback {"tokenSub":"cmk7e2c1r0001oqeum9zh3c1u","event":"Session","hasAccount":false}
[2026-01-18T11:43:40.747Z] JWT Callback {"tokenSub":"cmk7e2c1r0001oqeum9zh3c1u","event":"Session","hasAccount":false}
[2026-01-18T11:43:40.792Z] JWT Callback {"tokenSub":"cmk7e2c1r0001oqeum9zh3c1u","event":"Session","hasAccount":false}
[2026-01-18T11:44:11.349Z] JWT Callback {"tokenSub":"cmk7e2c1r0001oqeum9zh3c1u","event":"Session","hasAccount":false}
[2026-01-18T11:44:11.361Z] JWT Callback {"tokenSub":"cmk7e2c1r0001oqeum9zh3c1u","event":"Session","hasAccount":false}
[2026-01-18T11:44:11.421Z] JWT Callback {"tokenSub":"cmk7e2c1r0001oqeum9zh3c1u","event":"Session","hasAccount":false}
[2026-01-18T11:46:16.129Z] JWT Callback {"tokenSub":"cmk7e2c1r0001oqeum9zh3c1u","event":"Session","hasAccount":false}
[2026-01-18T11:46:16.137Z] JWT Callback {"tokenSub":"cmk7e2c1r0001oqeum9zh3c1u","event":"Session","hasAccount":false}
[2026-01-18T11:46:16.225Z] JWT Callback {"tokenSub":"cmk7e2c1r0001oqeum9zh3c1u","event":"Session","hasAccount":false}
[2026-01-18T11:46:23.553Z] JWT Callback {"tokenSub":"cmk7e2c1r0001oqeum9zh3c1u","event":"Session","hasAccount":false}
[2026-01-18T11:46:23.565Z] JWT Callback {"tokenSub":"cmk7e2c1r0001oqeum9zh3c1u","event":"Session","hasAccount":false}
[2026-01-18T11:46:23.637Z] JWT Callback {"tokenSub":"cmk7e2c1r0001oqeum9zh3c1u","event":"Session","hasAccount":false}
[2026-01-18T11:51:09.283Z] JWT Callback {"tokenSub":"cmk7e2c1r0001oqeum9zh3c1u","event":"Session","hasAccount":false}
[2026-01-18T11:51:09.380Z] JWT Callback {"tokenSub":"cmk7e2c1r0001oqeum9zh3c1u","event":"Session","hasAccount":false}
[2026-01-18T11:51:09.481Z] JWT Callback {"tokenSub":"cmk7e2c1r0001oqeum9zh3c1u","event":"Session","hasAccount":false}
[2026-01-18T11:51:09.567Z] JWT Callback {"tokenSub":"cmk7e2c1r0001oqeum9zh3c1u","event":"Session","hasAccount":false}
[2026-01-18T11:51:09.647Z] JWT Callback {"tokenSub":"cmk7e2c1r0001oqeum9zh3c1u","event":"Session","hasAccount":false}
[2026-01-18T11:51:09.739Z] JWT Callback {"tokenSub":"cmk7e2c1r0001oqeum9zh3c1u","event":"Session","hasAccount":false}
[2026-01-18T11:51:09.830Z] JWT Callback {"tokenSub":"cmk7e2c1r0001oqeum9zh3c1u","event":"Session","hasAccount":false}
[2026-01-18T11:51:09.947Z] JWT Callback {"tokenSub":"cmk7e2c1r0001oqeum9zh3c1u","event":"Session","hasAccount":false}
[2026-01-18T11:51:10.057Z] JWT Callback {"tokenSub":"cmk7e2c1r0001oqeum9zh3c1u","event":"Session","hasAccount":false}
[2026-01-18T11:51:10.149Z] JWT Callback {"tokenSub":"cmk7e2c1r0001oqeum9zh3c1u","event":"Session","hasAccount":false}
[2026-01-18T11:51:13.890Z] JWT Callback {"tokenSub":"cmk7e2c1r0001oqeum9zh3c1u","event":"Session","hasAccount":false}
[2026-01-18T11:51:17.827Z] JWT Callback {"tokenSub":"cmk7e2c1r0001oqeum9zh3c1u","event":"Session","hasAccount":false}
[2026-01-18T11:51:17.839Z] JWT Callback {"tokenSub":"cmk7e2c1r0001oqeum9zh3c1u","event":"Session","hasAccount":false}
[2026-01-18T11:51:17.843Z] JWT Callback {"tokenSub":"cmk7e2c1r0001oqeum9zh3c1u","event":"Session","hasAccount":false}
[2026-01-18T11:51:17.921Z] JWT Callback {"tokenSub":"cmk7e2c1r0001oqeum9zh3c1u","event":"Session","hasAccount":false}
[2026-01-18T11:51:17.934Z] JWT Callback {"tokenSub":"cmk7e2c1r0001oqeum9zh3c1u","event":"Session","hasAccount":false}
[2026-01-18T11:51:17.980Z] JWT Callback {"tokenSub":"cmk7e2c1r0001oqeum9zh3c1u","event":"Session","hasAccount":false}
[2026-01-18T11:51:44.058Z] JWT Callback {"tokenSub":"cmk7e2c1r0001oqeum9zh3c1u","event":"Session","hasAccount":false}
[2026-01-18T11:51:49.540Z] JWT Callback {"tokenSub":"cmk7e2c1r0001oqeum9zh3c1u","event":"Session","hasAccount":false}
[2026-01-18T11:51:51.321Z] JWT Callback {"tokenSub":"cmk7e2c1r0001oqeum9zh3c1u","event":"Session","hasAccount":false}
[2026-01-18T11:52:01.886Z] JWT Callback {"tokenSub":"cmk7e2c1r0001oqeum9zh3c1u","event":"Session","hasAccount":false}
[2026-01-18T11:52:02.072Z] JWT Callback {"tokenSub":"cmk7e2c1r0001oqeum9zh3c1u","event":"Session","hasAccount":false}
[2026-01-18T11:52:51.673Z] SignIn Callback {"userEmail":"jasonroycompany@gmail.com","provider":"google"}
[2026-01-18T11:52:51.692Z] User Login - Reset Workflow State {"userId":"cmk7e2c1r0001oqeum9zh3c1u"}
[2026-01-18T11:52:51.700Z] JWT Callback {"tokenSub":"cmk7e2c1r0001oqeum9zh3c1u","event":"SignIn","hasAccount":true}
[2026-01-18T11:52:52.182Z] JWT Callback {"tokenSub":"cmk7e2c1r0001oqeum9zh3c1u","event":"Session","hasAccount":false}
[2026-01-18T11:52:52.816Z] JWT Callback {"tokenSub":"cmk7e2c1r0001oqeum9zh3c1u","event":"Session","hasAccount":false}
[2026-01-18T11:52:52.896Z] JWT Callback {"tokenSub":"cmk7e2c1r0001oqeum9zh3c1u","event":"Session","hasAccount":false}
[2026-01-18T11:52:52.910Z] JWT Callback {"tokenSub":"cmk7e2c1r0001oqeum9zh3c1u","event":"Session","hasAccount":false}
[2026-01-18T11:52:52.925Z] JWT Callback {"tokenSub":"cmk7e2c1r0001oqeum9zh3c1u","event":"Session","hasAccount":false}
[2026-01-18T11:52:58.938Z] JWT Callback {"tokenSub":"cmk7e2c1r0001oqeum9zh3c1u","event":"Session","hasAccount":false}
[2026-01-18T11:53:00.929Z] JWT Callback {"tokenSub":"cmk7e2c1r0001oqeum9zh3c1u","event":"Session","hasAccount":false}
[2026-01-18T11:53:05.896Z] JWT Callback {"tokenSub":"cmk7e2c1r0001oqeum9zh3c1u","event":"Session","hasAccount":false}
[2026-01-18T11:53:09.432Z] JWT Callback {"tokenSub":"cmk7e2c1r0001oqeum9zh3c1u","event":"Session","hasAccount":false}
[2026-01-18T11:53:10.461Z] JWT Callback {"tokenSub":"cmk7e2c1r0001oqeum9zh3c1u","event":"Session","hasAccount":false}
[2026-01-18T11:53:16.684Z] JWT Callback {"tokenSub":"cmk7e2c1r0001oqeum9zh3c1u","event":"Session","hasAccount":false}
[2026-01-18T11:53:16.792Z] JWT Callback {"tokenSub":"cmk7e2c1r0001oqeum9zh3c1u","event":"Session","hasAccount":false}
[2026-01-18T11:53:17.371Z] JWT Callback {"tokenSub":"cmk7e2c1r0001oqeum9zh3c1u","event":"Session","hasAccount":false}
[2026-01-18T11:53:20.188Z] JWT Callback {"tokenSub":"cmk7e2c1r0001oqeum9zh3c1u","event":"Session","hasAccount":false}
[2026-01-18T11:53:20.276Z] JWT Callback {"tokenSub":"cmk7e2c1r0001oqeum9zh3c1u","event":"Session","hasAccount":false}
[2026-01-18T11:53:20.488Z] JWT Callback {"tokenSub":"cmk7e2c1r0001oqeum9zh3c1u","event":"Session","hasAccount":false}
[2026-01-18T11:53:20.509Z] JWT Callback {"tokenSub":"cmk7e2c1r0001oqeum9zh3c1u","event":"Session","hasAccount":false}
[2026-01-18T11:53:20.529Z] JWT Callback {"tokenSub":"cmk7e2c1r0001oqeum9zh3c1u","event":"Session","hasAccount":false}
[2026-01-18T11:53:20.578Z] JWT Callback {"tokenSub":"cmk7e2c1r0001oqeum9zh3c1u","event":"Session","hasAccount":false}
[2026-01-18T11:53:20.625Z] JWT Callback {"tokenSub":"cmk7e2c1r0001oqeum9zh3c1u","event":"Session","hasAccount":false}
[2026-01-18T11:53:20.636Z] JWT Callback {"tokenSub":"cmk7e2c1r0001oqeum9zh3c1u","event":"Session","hasAccount":false}
[2026-01-18T11:53:24.176Z] JWT Callback {"tokenSub":"cmk7e2c1r0001oqeum9zh3c1u","event":"Session","hasAccount":false}
[2026-01-18T11:53:27.304Z] JWT Callback {"tokenSub":"cmk7e2c1r0001oqeum9zh3c1u","event":"Session","hasAccount":false}
[2026-01-18T11:53:29.022Z] JWT Callback {"tokenSub":"cmk7e2c1r0001oqeum9zh3c1u","event":"Session","hasAccount":false}
[2026-01-18T11:53:29.868Z] JWT Callback {"tokenSub":"cmk7e2c1r0001oqeum9zh3c1u","event":"Session","hasAccount":false}
[2026-01-18T11:54:39.483Z] JWT Callback {"tokenSub":"cmk7e2c1r0001oqeum9zh3c1u","event":"Session","hasAccount":false}
[2026-01-18T11:54:43.595Z] JWT Callback {"tokenSub":"cmk7e2c1r0001oqeum9zh3c1u","event":"Session","hasAccount":false}
[2026-01-18T11:54:46.528Z] JWT Callback {"tokenSub":"cmk7e2c1r0001oqeum9zh3c1u","event":"Session","hasAccount":false}
[2026-01-18T11:54:46.539Z] JWT Callback {"tokenSub":"cmk7e2c1r0001oqeum9zh3c1u","event":"Session","hasAccount":false}
[2026-01-18T11:54:46.552Z] JWT Callback {"tokenSub":"cmk7e2c1r0001oqeum9zh3c1u","event":"Session","hasAccount":false}
[2026-01-18T11:54:46.615Z] JWT Callback {"tokenSub":"cmk7e2c1r0001oqeum9zh3c1u","event":"Session","hasAccount":false}
[2026-01-18T11:54:46.643Z] JWT Callback {"tokenSub":"cmk7e2c1r0001oqeum9zh3c1u","event":"Session","hasAccount":false}
[2026-01-18T11:54:46.657Z] JWT Callback {"tokenSub":"cmk7e2c1r0001oqeum9zh3c1u","event":"Session","hasAccount":false}
[2026-01-18T11:54:51.751Z] JWT Callback {"tokenSub":"cmk7e2c1r0001oqeum9zh3c1u","event":"Session","hasAccount":false}
[2026-01-18T11:54:52.385Z] JWT Callback {"tokenSub":"cmk7e2c1r0001oqeum9zh3c1u","event":"Session","hasAccount":false}
[2026-01-18T11:54:52.398Z] JWT Callback {"tokenSub":"cmk7e2c1r0001oqeum9zh3c1u","event":"Session","hasAccount":false}
[2026-01-18T11:54:52.408Z] JWT Callback {"tokenSub":"cmk7e2c1r0001oqeum9zh3c1u","event":"Session","hasAccount":false}
[2026-01-18T11:54:52.425Z] JWT Callback {"tokenSub":"cmk7e2c1r0001oqeum9zh3c1u","event":"Session","hasAccount":false}
[2026-01-18T11:55:01.012Z] JWT Callback {"tokenSub":"cmk7e2c1r0001oqeum9zh3c1u","event":"Session","hasAccount":false}
[2026-01-18T11:55:01.133Z] JWT Callback {"tokenSub":"cmk7e2c1r0001oqeum9zh3c1u","event":"Session","hasAccount":false}
[2026-01-18T11:55:01.140Z] JWT Callback {"tokenSub":"cmk7e2c1r0001oqeum9zh3c1u","event":"Session","hasAccount":false}
[2026-01-18T11:55:01.143Z] JWT Callback {"tokenSub":"cmk7e2c1r0001oqeum9zh3c1u","event":"Session","hasAccount":false}
[2026-01-18T11:55:04.908Z] JWT Callback {"tokenSub":"cmk7e2c1r0001oqeum9zh3c1u","event":"Session","hasAccount":false}
[2026-01-18T11:55:05.492Z] JWT Callback {"tokenSub":"cmk7e2c1r0001oqeum9zh3c1u","event":"Session","hasAccount":false}
[2026-01-18T11:55:05.505Z] JWT Callback {"tokenSub":"cmk7e2c1r0001oqeum9zh3c1u","event":"Session","hasAccount":false}
[2026-01-18T11:55:05.510Z] JWT Callback {"tokenSub":"cmk7e2c1r0001oqeum9zh3c1u","event":"Session","hasAccount":false}
[2026-01-18T11:55:12.312Z] JWT Callback {"tokenSub":"cmk7e2c1r0001oqeum9zh3c1u","event":"Session","hasAccount":false}
[2026-01-18T11:55:12.665Z] JWT Callback {"tokenSub":"cmk7e2c1r0001oqeum9zh3c1u","event":"Session","hasAccount":false}
[2026-01-18T11:55:12.669Z] JWT Callback {"tokenSub":"cmk7e2c1r0001oqeum9zh3c1u","event":"Session","hasAccount":false}
[2026-01-18T11:55:12.674Z] JWT Callback {"tokenSub":"cmk7e2c1r0001oqeum9zh3c1u","event":"Session","hasAccount":false}
[2026-01-18T11:55:12.785Z] JWT Callback {"tokenSub":"cmk7e2c1r0001oqeum9zh3c1u","event":"Session","hasAccount":false}
[2026-01-18T11:56:23.749Z] JWT Callback {"tokenSub":"cmk7e2c1r0001oqeum9zh3c1u","event":"Session","hasAccount":false}
[2026-01-18T11:56:24.223Z] JWT Callback {"tokenSub":"cmk7e2c1r0001oqeum9zh3c1u","event":"Session","hasAccount":false}
[2026-01-18T11:56:24.314Z] JWT Callback {"tokenSub":"cmk7e2c1r0001oqeum9zh3c1u","event":"Session","hasAccount":false}
[2026-01-18T11:56:24.336Z] JWT Callback {"tokenSub":"cmk7e2c1r0001oqeum9zh3c1u","event":"Session","hasAccount":false}
[2026-01-18T11:56:24.390Z] JWT Callback {"tokenSub":"cmk7e2c1r0001oqeum9zh3c1u","event":"Session","hasAccount":false}
[2026-01-18T11:56:24.605Z] JWT Callback {"tokenSub":"cmk7e2c1r0001oqeum9zh3c1u","event":"Session","hasAccount":false}
[2026-01-18T11:56:24.610Z] JWT Callback {"tokenSub":"cmk7e2c1r0001oqeum9zh3c1u","event":"Session","hasAccount":false}
[2026-01-18T11:56:24.617Z] JWT Callback {"tokenSub":"cmk7e2c1r0001oqeum9zh3c1u","event":"Session","hasAccount":false}
[2026-01-18T11:56:24.672Z] JWT Callback {"tokenSub":"cmk7e2c1r0001oqeum9zh3c1u","event":"Session","hasAccount":false}
[2026-01-18T11:56:24.697Z] JWT Callback {"tokenSub":"cmk7e2c1r0001oqeum9zh3c1u","event":"Session","hasAccount":false}
[2026-01-18T11:56:24.728Z] JWT Callback {"tokenSub":"cmk7e2c1r0001oqeum9zh3c1u","event":"Session","hasAccount":false}
[2026-01-18T11:56:36.050Z] JWT Callback {"tokenSub":"cmk7e2c1r0001oqeum9zh3c1u","event":"Session","hasAccount":false}
[2026-01-18T11:56:36.237Z] JWT Callback {"tokenSub":"cmk7e2c1r0001oqeum9zh3c1u","event":"Session","hasAccount":false}
[2026-01-18T11:56:36.412Z] JWT Callback {"tokenSub":"cmk7e2c1r0001oqeum9zh3c1u","event":"Session","hasAccount":false}
[2026-01-18T11:56:36.498Z] JWT Callback {"tokenSub":"cmk7e2c1r0001oqeum9zh3c1u","event":"Session","hasAccount":false}
[2026-01-18T11:56:36.635Z] JWT Callback {"tokenSub":"cmk7e2c1r0001oqeum9zh3c1u","event":"Session","hasAccount":false}
[2026-01-18T11:56:36.995Z] JWT Callback {"tokenSub":"cmk7e2c1r0001oqeum9zh3c1u","event":"Session","hasAccount":false}
[2026-01-18T11:56:36.999Z] JWT Callback {"tokenSub":"cmk7e2c1r0001oqeum9zh3c1u","event":"Session","hasAccount":false}
[2026-01-18T11:56:37.018Z] JWT Callback {"tokenSub":"cmk7e2c1r0001oqeum9zh3c1u","event":"Session","hasAccount":false}
[2026-01-18T11:56:37.096Z] JWT Callback {"tokenSub":"cmk7e2c1r0001oqeum9zh3c1u","event":"Session","hasAccount":false}
[2026-01-18T11:56:37.136Z] JWT Callback {"tokenSub":"cmk7e2c1r0001oqeum9zh3c1u","event":"Session","hasAccount":false}
[2026-01-18T11:56:37.181Z] JWT Callback {"tokenSub":"cmk7e2c1r0001oqeum9zh3c1u","event":"Session","hasAccount":false}
[2026-01-18T11:57:34.307Z] JWT Callback {"tokenSub":"cmk7e2c1r0001oqeum9zh3c1u","event":"Session","hasAccount":false}
[2026-01-18T11:57:34.507Z] JWT Callback {"tokenSub":"cmk7e2c1r0001oqeum9zh3c1u","event":"Session","hasAccount":false}
[2026-01-18T11:57:34.702Z] JWT Callback {"tokenSub":"cmk7e2c1r0001oqeum9zh3c1u","event":"Session","hasAccount":false}
[2026-01-18T11:57:34.732Z] JWT Callback {"tokenSub":"cmk7e2c1r0001oqeum9zh3c1u","event":"Session","hasAccount":false}
[2026-01-18T11:57:34.743Z] JWT Callback {"tokenSub":"cmk7e2c1r0001oqeum9zh3c1u","event":"Session","hasAccount":false}
[2026-01-18T11:57:34.861Z] JWT Callback {"tokenSub":"cmk7e2c1r0001oqeum9zh3c1u","event":"Session","hasAccount":false}
[2026-01-18T11:57:34.878Z] JWT Callback {"tokenSub":"cmk7e2c1r0001oqeum9zh3c1u","event":"Session","hasAccount":false}
[2026-01-18T11:57:34.906Z] JWT Callback {"tokenSub":"cmk7e2c1r0001oqeum9zh3c1u","event":"Session","hasAccount":false}
[2026-01-18T11:57:58.567Z] JWT Callback {"tokenSub":"cmk7e2c1r0001oqeum9zh3c1u","event":"Session","hasAccount":false}
[2026-01-18T11:57:58.730Z] JWT Callback {"tokenSub":"cmk7e2c1r0001oqeum9zh3c1u","event":"Session","hasAccount":false}
[2026-01-18T12:03:19.620Z] JWT Callback {"tokenSub":"cmk7e2c1r0001oqeum9zh3c1u","event":"Session","hasAccount":false}
[2026-01-18T12:03:49.100Z] JWT Callback {"tokenSub":"cmk7e2c1r0001oqeum9zh3c1u","event":"Session","hasAccount":false}
[2026-01-18T12:03:49.103Z] JWT Callback {"tokenSub":"cmk7e2c1r0001oqeum9zh3c1u","event":"Session","hasAccount":false}
[2026-01-18T12:03:49.108Z] JWT Callback {"tokenSub":"cmk7e2c1r0001oqeum9zh3c1u","event":"Session","hasAccount":false}
[2026-01-18T16:09:51.766Z] JWT Callback {"tokenSub":"cmk7e2c1r0001oqeum9zh3c1u","event":"Session","hasAccount":false}
[2026-01-18T16:09:54.247Z] JWT Callback {"tokenSub":"cmk7e2c1r0001oqeum9zh3c1u","event":"Session","hasAccount":false}
[2026-01-18T16:09:56.276Z] JWT Callback {"tokenSub":"cmk7e2c1r0001oqeum9zh3c1u","event":"Session","hasAccount":false}
[2026-01-18T16:09:56.285Z] JWT Callback {"tokenSub":"cmk7e2c1r0001oqeum9zh3c1u","event":"Session","hasAccount":false}
[2026-01-18T16:09:56.317Z] JWT Callback {"tokenSub":"cmk7e2c1r0001oqeum9zh3c1u","event":"Session","hasAccount":false}
[2026-01-18T16:10:00.442Z] JWT Callback {"tokenSub":"cmk7e2c1r0001oqeum9zh3c1u","event":"Session","hasAccount":false}
[2026-01-18T16:10:00.783Z] JWT Callback {"tokenSub":"cmk7e2c1r0001oqeum9zh3c1u","event":"Session","hasAccount":false}
[2026-01-18T16:10:05.774Z] JWT Callback {"tokenSub":"cmk7e2c1r0001oqeum9zh3c1u","event":"Session","hasAccount":false}
[2026-01-18T16:10:11.595Z] JWT Callback {"tokenSub":"cmk7e2c1r0001oqeum9zh3c1u","event":"Session","hasAccount":false}
[2026-01-18T16:10:17.826Z] JWT Callback {"tokenSub":"cmk7e2c1r0001oqeum9zh3c1u","event":"Session","hasAccount":false}
[2026-01-18T16:10:35.280Z] JWT Callback {"tokenSub":"cmk7e2c1r0001oqeum9zh3c1u","event":"Session","hasAccount":false}
[2026-01-18T16:10:49.110Z] JWT Callback {"tokenSub":"cmk7e2c1r0001oqeum9zh3c1u","event":"Session","hasAccount":false}
[2026-01-18T16:10:49.441Z] JWT Callback {"tokenSub":"cmk7e2c1r0001oqeum9zh3c1u","event":"Session","hasAccount":false}
[2026-01-18T16:11:21.996Z] JWT Callback {"tokenSub":"cmk7e2c1r0001oqeum9zh3c1u","event":"Session","hasAccount":false}
[2026-01-18T16:11:22.095Z] JWT Callback {"tokenSub":"cmk7e2c1r0001oqeum9zh3c1u","event":"Session","hasAccount":false}
[2026-01-18T16:11:24.129Z] JWT Callback {"tokenSub":"cmk7e2c1r0001oqeum9zh3c1u","event":"Session","hasAccount":false}
[2026-01-18T16:11:24.533Z] JWT Callback {"tokenSub":"cmk7e2c1r0001oqeum9zh3c1u","event":"Session","hasAccount":false}
[2026-01-18T16:11:24.784Z] JWT Callback {"tokenSub":"cmk7e2c1r0001oqeum9zh3c1u","event":"Session","hasAccount":false}
[2026-01-18T16:11:26.120Z] JWT Callback {"tokenSub":"cmk7e2c1r0001oqeum9zh3c1u","event":"Session","hasAccount":false}
[2026-01-18T16:11:30.268Z] JWT Callback {"tokenSub":"cmk7e2c1r0001oqeum9zh3c1u","event":"Session","hasAccount":false}
[2026-01-18T16:11:30.630Z] JWT Callback {"tokenSub":"cmk7e2c1r0001oqeum9zh3c1u","event":"Session","hasAccount":false}
[2026-01-18T16:11:42.440Z] JWT Callback {"tokenSub":"cmk7e2c1r0001oqeum9zh3c1u","event":"Session","hasAccount":false}
[2026-01-18T16:11:55.428Z] JWT Callback {"tokenSub":"cmk7e2c1r0001oqeum9zh3c1u","event":"Session","hasAccount":false}
[2026-01-18T16:12:59.287Z] JWT Callback {"tokenSub":"cmk7e2c1r0001oqeum9zh3c1u","event":"Session","hasAccount":false}
[2026-01-18T16:13:00.045Z] JWT Callback {"tokenSub":"cmk7e2c1r0001oqeum9zh3c1u","event":"Session","hasAccount":false}
[2026-01-18T16:13:00.103Z] JWT Callback {"tokenSub":"cmk7e2c1r0001oqeum9zh3c1u","event":"Session","hasAccount":false}
[2026-01-18T16:13:00.163Z] JWT Callback {"tokenSub":"cmk7e2c1r0001oqeum9zh3c1u","event":"Session","hasAccount":false}
[2026-01-18T16:13:00.226Z] JWT Callback {"tokenSub":"cmk7e2c1r0001oqeum9zh3c1u","event":"Session","hasAccount":false}
[2026-01-18T16:13:00.297Z] JWT Callback {"tokenSub":"cmk7e2c1r0001oqeum9zh3c1u","event":"Session","hasAccount":false}
[2026-01-18T16:13:00.349Z] JWT Callback {"tokenSub":"cmk7e2c1r0001oqeum9zh3c1u","event":"Session","hasAccount":false}
[2026-01-18T16:13:00.409Z] JWT Callback {"tokenSub":"cmk7e2c1r0001oqeum9zh3c1u","event":"Session","hasAccount":false}
[2026-01-18T16:13:00.461Z] JWT Callback {"tokenSub":"cmk7e2c1r0001oqeum9zh3c1u","event":"Session","hasAccount":false}
[2026-01-18T16:13:00.514Z] JWT Callback {"tokenSub":"cmk7e2c1r0001oqeum9zh3c1u","event":"Session","hasAccount":false}
[2026-01-18T16:13:00.572Z] JWT Callback {"tokenSub":"cmk7e2c1r0001oqeum9zh3c1u","event":"Session","hasAccount":false}
[2026-01-18T16:13:00.622Z] JWT Callback {"tokenSub":"cmk7e2c1r0001oqeum9zh3c1u","event":"Session","hasAccount":false}
[2026-01-18T16:13:00.681Z] JWT Callback {"tokenSub":"cmk7e2c1r0001oqeum9zh3c1u","event":"Session","hasAccount":false}
[2026-01-18T16:13:00.746Z] JWT Callback {"tokenSub":"cmk7e2c1r0001oqeum9zh3c1u","event":"Session","hasAccount":false}
[2026-01-18T16:13:00.817Z] JWT Callback {"tokenSub":"cmk7e2c1r0001oqeum9zh3c1u","event":"Session","hasAccount":false}
[2026-01-18T16:13:00.886Z] JWT Callback {"tokenSub":"cmk7e2c1r0001oqeum9zh3c1u","event":"Session","hasAccount":false}
[2026-01-18T16:13:00.940Z] JWT Callback {"tokenSub":"cmk7e2c1r0001oqeum9zh3c1u","event":"Session","hasAccount":false}
[2026-01-18T16:13:01.010Z] JWT Callback {"tokenSub":"cmk7e2c1r0001oqeum9zh3c1u","event":"Session","hasAccount":false}
[2026-01-18T16:13:01.068Z] JWT Callback {"tokenSub":"cmk7e2c1r0001oqeum9zh3c1u","event":"Session","hasAccount":false}
[2026-01-18T16:13:01.145Z] JWT Callback {"tokenSub":"cmk7e2c1r0001oqeum9zh3c1u","event":"Session","hasAccount":false}
[2026-01-18T16:13:01.220Z] JWT Callback {"tokenSub":"cmk7e2c1r0001oqeum9zh3c1u","event":"Session","hasAccount":false}
[2026-01-18T16:13:01.297Z] JWT Callback {"tokenSub":"cmk7e2c1r0001oqeum9zh3c1u","event":"Session","hasAccount":false}
[2026-01-18T16:13:01.364Z] JWT Callback {"tokenSub":"cmk7e2c1r0001oqeum9zh3c1u","event":"Session","hasAccount":false}
[2026-01-18T16:13:01.439Z] JWT Callback {"tokenSub":"cmk7e2c1r0001oqeum9zh3c1u","event":"Session","hasAccount":false}
[2026-01-18T16:13:01.515Z] JWT Callback {"tokenSub":"cmk7e2c1r0001oqeum9zh3c1u","event":"Session","hasAccount":false}
[2026-01-18T16:13:01.574Z] JWT Callback {"tokenSub":"cmk7e2c1r0001oqeum9zh3c1u","event":"Session","hasAccount":false}
[2026-01-18T16:13:01.634Z] JWT Callback {"tokenSub":"cmk7e2c1r0001oqeum9zh3c1u","event":"Session","hasAccount":false}
[2026-01-18T16:13:01.701Z] JWT Callback {"tokenSub":"cmk7e2c1r0001oqeum9zh3c1u","event":"Session","hasAccount":false}
[2026-01-18T16:13:01.762Z] JWT Callback {"tokenSub":"cmk7e2c1r0001oqeum9zh3c1u","event":"Session","hasAccount":false}
[2026-01-18T16:13:01.843Z] JWT Callback {"tokenSub":"cmk7e2c1r0001oqeum9zh3c1u","event":"Session","hasAccount":false}
[2026-01-18T16:13:01.910Z] JWT Callback {"tokenSub":"cmk7e2c1r0001oqeum9zh3c1u","event":"Session","hasAccount":false}
[2026-01-18T16:13:01.983Z] JWT Callback {"tokenSub":"cmk7e2c1r0001oqeum9zh3c1u","event":"Session","hasAccount":false}
[2026-01-18T16:13:02.037Z] JWT Callback {"tokenSub":"cmk7e2c1r0001oqeum9zh3c1u","event":"Session","hasAccount":false}
[2026-01-18T16:13:02.102Z] JWT Callback {"tokenSub":"cmk7e2c1r0001oqeum9zh3c1u","event":"Session","hasAccount":false}
[2026-01-18T16:13:02.161Z] JWT Callback {"tokenSub":"cmk7e2c1r0001oqeum9zh3c1u","event":"Session","hasAccount":false}
[2026-01-18T16:13:02.236Z] JWT Callback {"tokenSub":"cmk7e2c1r0001oqeum9zh3c1u","event":"Session","hasAccount":false}
[2026-01-18T16:13:02.293Z] JWT Callback {"tokenSub":"cmk7e2c1r0001oqeum9zh3c1u","event":"Session","hasAccount":false}
[2026-01-18T16:13:02.342Z] JWT Callback {"tokenSub":"cmk7e2c1r0001oqeum9zh3c1u","event":"Session","hasAccount":false}
[2026-01-18T16:13:02.396Z] JWT Callback {"tokenSub":"cmk7e2c1r0001oqeum9zh3c1u","event":"Session","hasAccount":false}
[2026-01-18T16:13:02.478Z] JWT Callback {"tokenSub":"cmk7e2c1r0001oqeum9zh3c1u","event":"Session","hasAccount":false}
[2026-01-18T16:13:02.538Z] JWT Callback {"tokenSub":"cmk7e2c1r0001oqeum9zh3c1u","event":"Session","hasAccount":false}
[2026-01-18T16:13:02.599Z] JWT Callback {"tokenSub":"cmk7e2c1r0001oqeum9zh3c1u","event":"Session","hasAccount":false}
[2026-01-18T16:13:02.667Z] JWT Callback {"tokenSub":"cmk7e2c1r0001oqeum9zh3c1u","event":"Session","hasAccount":false}
[2026-01-18T16:13:02.747Z] JWT Callback {"tokenSub":"cmk7e2c1r0001oqeum9zh3c1u","event":"Session","hasAccount":false}
[2026-01-18T16:13:02.813Z] JWT Callback {"tokenSub":"cmk7e2c1r0001oqeum9zh3c1u","event":"Session","hasAccount":false}
[2026-01-18T16:13:02.924Z] JWT Callback {"tokenSub":"cmk7e2c1r0001oqeum9zh3c1u","event":"Session","hasAccount":false}
[2026-01-18T16:13:02.990Z] JWT Callback {"tokenSub":"cmk7e2c1r0001oqeum9zh3c1u","event":"Session","hasAccount":false}
[2026-01-18T16:13:03.065Z] JWT Callback {"tokenSub":"cmk7e2c1r0001oqeum9zh3c1u","event":"Session","hasAccount":false}
[2026-01-18T16:13:03.134Z] JWT Callback {"tokenSub":"cmk7e2c1r0001oqeum9zh3c1u","event":"Session","hasAccount":false}
[2026-01-18T16:13:03.218Z] JWT Callback {"tokenSub":"cmk7e2c1r0001oqeum9zh3c1u","event":"Session","hasAccount":false}
[2026-01-18T16:13:03.267Z] JWT Callback {"tokenSub":"cmk7e2c1r0001oqeum9zh3c1u","event":"Session","hasAccount":false}
[2026-01-18T16:13:03.316Z] JWT Callback {"tokenSub":"cmk7e2c1r0001oqeum9zh3c1u","event":"Session","hasAccount":false}
[2026-01-18T16:13:03.361Z] JWT Callback {"tokenSub":"cmk7e2c1r0001oqeum9zh3c1u","event":"Session","hasAccount":false}
[2026-01-18T16:13:03.427Z] JWT Callback {"tokenSub":"cmk7e2c1r0001oqeum9zh3c1u","event":"Session","hasAccount":false}
[2026-01-18T16:13:03.478Z] JWT Callback {"tokenSub":"cmk7e2c1r0001oqeum9zh3c1u","event":"Session","hasAccount":false}
[2026-01-18T16:13:03.539Z] JWT Callback {"tokenSub":"cmk7e2c1r0001oqeum9zh3c1u","event":"Session","hasAccount":false}
[2026-01-18T16:13:03.586Z] JWT Callback {"tokenSub":"cmk7e2c1r0001oqeum9zh3c1u","event":"Session","hasAccount":false}
[2026-01-18T16:13:03.639Z] JWT Callback {"tokenSub":"cmk7e2c1r0001oqeum9zh3c1u","event":"Session","hasAccount":false}
[2026-01-18T16:13:03.692Z] JWT Callback {"tokenSub":"cmk7e2c1r0001oqeum9zh3c1u","event":"Session","hasAccount":false}
[2026-01-18T16:13:03.745Z] JWT Callback {"tokenSub":"cmk7e2c1r0001oqeum9zh3c1u","event":"Session","hasAccount":false}
[2026-01-18T16:13:03.796Z] JWT Callback {"tokenSub":"cmk7e2c1r0001oqeum9zh3c1u","event":"Session","hasAccount":false}
[2026-01-18T16:13:03.849Z] JWT Callback {"tokenSub":"cmk7e2c1r0001oqeum9zh3c1u","event":"Session","hasAccount":false}
[2026-01-18T16:13:03.909Z] JWT Callback {"tokenSub":"cmk7e2c1r0001oqeum9zh3c1u","event":"Session","hasAccount":false}
[2026-01-18T16:13:03.975Z] JWT Callback {"tokenSub":"cmk7e2c1r0001oqeum9zh3c1u","event":"Session","hasAccount":false}
[2026-01-18T16:13:04.030Z] JWT Callback {"tokenSub":"cmk7e2c1r0001oqeum9zh3c1u","event":"Session","hasAccount":false}
[2026-01-18T16:13:04.094Z] JWT Callback {"tokenSub":"cmk7e2c1r0001oqeum9zh3c1u","event":"Session","hasAccount":false}
[2026-01-18T16:13:04.143Z] JWT Callback {"tokenSub":"cmk7e2c1r0001oqeum9zh3c1u","event":"Session","hasAccount":false}
[2026-01-18T16:13:04.200Z] JWT Callback {"tokenSub":"cmk7e2c1r0001oqeum9zh3c1u","event":"Session","hasAccount":false}
[2026-01-18T16:13:04.246Z] JWT Callback {"tokenSub":"cmk7e2c1r0001oqeum9zh3c1u","event":"Session","hasAccount":false}
[2026-01-18T16:13:04.291Z] JWT Callback {"tokenSub":"cmk7e2c1r0001oqeum9zh3c1u","event":"Session","hasAccount":false}
[2026-01-18T16:13:04.385Z] JWT Callback {"tokenSub":"cmk7e2c1r0001oqeum9zh3c1u","event":"Session","hasAccount":false}
[2026-01-18T16:18:57.908Z] JWT Callback {"tokenSub":"cmk7e2c1r0001oqeum9zh3c1u","event":"Session","hasAccount":false}
[2026-01-18T16:19:08.391Z] JWT Callback {"tokenSub":"cmk7e2c1r0001oqeum9zh3c1u","event":"Session","hasAccount":false}
[2026-01-18T16:19:10.094Z] JWT Callback {"tokenSub":"cmk7e2c1r0001oqeum9zh3c1u","event":"Session","hasAccount":false}
[2026-01-18T16:19:10.345Z] JWT Callback {"tokenSub":"cmk7e2c1r0001oqeum9zh3c1u","event":"Session","hasAccount":false}
[2026-01-18T16:19:10.369Z] JWT Callback {"tokenSub":"cmk7e2c1r0001oqeum9zh3c1u","event":"Session","hasAccount":false}
[2026-01-18T16:19:10.395Z] JWT Callback {"tokenSub":"cmk7e2c1r0001oqeum9zh3c1u","event":"Session","hasAccount":false}
[2026-01-18T16:19:35.748Z] JWT Callback {"tokenSub":"cmk7e2c1r0001oqeum9zh3c1u","event":"Session","hasAccount":false}
[2026-01-18T16:19:53.244Z] JWT Callback {"tokenSub":"cmk7e2c1r0001oqeum9zh3c1u","event":"Session","hasAccount":false}
[2026-01-18T16:20:11.011Z] JWT Callback {"tokenSub":"cmk7e2c1r0001oqeum9zh3c1u","event":"Session","hasAccount":false}
[2026-01-18T16:20:11.054Z] JWT Callback {"tokenSub":"cmk7e2c1r0001oqeum9zh3c1u","event":"Session","hasAccount":false}
[2026-01-18T16:21:27.651Z] JWT Callback {"tokenSub":"cmk7e2c1r0001oqeum9zh3c1u","event":"Session","hasAccount":false}
[2026-01-18T16:21:51.433Z] JWT Callback {"tokenSub":"cmk7e2c1r0001oqeum9zh3c1u","event":"Session","hasAccount":false}
[2026-01-18T16:21:53.913Z] JWT Callback {"tokenSub":"cmk7e2c1r0001oqeum9zh3c1u","event":"Session","hasAccount":false}
[2026-01-18T16:21:56.637Z] JWT Callback {"tokenSub":"cmk7e2c1r0001oqeum9zh3c1u","event":"Session","hasAccount":false}
[2026-01-18T16:21:57.019Z] JWT Callback {"tokenSub":"cmk7e2c1r0001oqeum9zh3c1u","event":"Session","hasAccount":false}
[2026-01-18T16:21:57.339Z] JWT Callback {"tokenSub":"cmk7e2c1r0001oqeum9zh3c1u","event":"Session","hasAccount":false}
[2026-01-18T16:21:58.975Z] JWT Callback {"tokenSub":"cmk7e2c1r0001oqeum9zh3c1u","event":"Session","hasAccount":false}
[2026-01-18T16:22:07.491Z] JWT Callback {"tokenSub":"cmk7e2c1r0001oqeum9zh3c1u","event":"Session","hasAccount":false}
[2026-01-18T16:22:07.549Z] JWT Callback {"tokenSub":"cmk7e2c1r0001oqeum9zh3c1u","event":"Session","hasAccount":false}
[2026-01-18T16:22:20.478Z] JWT Callback {"tokenSub":"cmk7e2c1r0001oqeum9zh3c1u","event":"Session","hasAccount":false}
[2026-01-18T16:23:05.084Z] JWT Callback {"tokenSub":"cmk7e2c1r0001oqeum9zh3c1u","event":"Session","hasAccount":false}
[2026-01-19T16:17:38.555Z] JWT Callback {"tokenSub":"cmk7e2c1r0001oqeum9zh3c1u","event":"Session","hasAccount":false}
[2026-01-19T16:18:26.328Z] JWT Callback {"tokenSub":"cmk7e2c1r0001oqeum9zh3c1u","event":"Session","hasAccount":false}
[2026-01-19T16:18:26.911Z] JWT Callback {"tokenSub":"cmk7e2c1r0001oqeum9zh3c1u","event":"Session","hasAccount":false}
[2026-01-19T16:18:26.942Z] JWT Callback {"tokenSub":"cmk7e2c1r0001oqeum9zh3c1u","event":"Session","hasAccount":false}
[2026-01-19T16:18:26.956Z] JWT Callback {"tokenSub":"cmk7e2c1r0001oqeum9zh3c1u","event":"Session","hasAccount":false}
[2026-01-19T16:18:35.962Z] JWT Callback {"tokenSub":"cmk7e2c1r0001oqeum9zh3c1u","event":"Session","hasAccount":false}
[2026-01-19T16:18:37.857Z] JWT Callback {"tokenSub":"cmk7e2c1r0001oqeum9zh3c1u","event":"Session","hasAccount":false}
[2026-01-19T16:18:39.395Z] JWT Callback {"tokenSub":"cmk7e2c1r0001oqeum9zh3c1u","event":"Session","hasAccount":false}
[2026-01-19T16:18:40.778Z] JWT Callback {"tokenSub":"cmk7e2c1r0001oqeum9zh3c1u","event":"Session","hasAccount":false}
[2026-01-19T16:18:49.223Z] JWT Callback {"tokenSub":"cmk7e2c1r0001oqeum9zh3c1u","event":"Session","hasAccount":false}
[2026-01-19T16:18:49.868Z] JWT Callback {"tokenSub":"cmk7e2c1r0001oqeum9zh3c1u","event":"Session","hasAccount":false}
[2026-01-19T16:18:49.892Z] JWT Callback {"tokenSub":"cmk7e2c1r0001oqeum9zh3c1u","event":"Session","hasAccount":false}
[2026-01-19T16:18:49.902Z] JWT Callback {"tokenSub":"cmk7e2c1r0001oqeum9zh3c1u","event":"Session","hasAccount":false}
[2026-01-19T16:18:49.933Z] JWT Callback {"tokenSub":"cmk7e2c1r0001oqeum9zh3c1u","event":"Session","hasAccount":false}
[2026-01-19T16:18:58.938Z] JWT Callback {"tokenSub":"cmk7e2c1r0001oqeum9zh3c1u","event":"Session","hasAccount":false}
[2026-01-19T16:19:03.850Z] JWT Callback {"tokenSub":"cmk7e2c1r0001oqeum9zh3c1u","event":"Session","hasAccount":false}
[2026-01-19T16:19:09.540Z] JWT Callback {"tokenSub":"cmk7e2c1r0001oqeum9zh3c1u","event":"Session","hasAccount":false}
[2026-01-19T16:45:37.169Z] SignIn Callback {"userEmail":"jasonroycompany@gmail.com","provider":"google"}
[2026-01-19T16:45:44.327Z] User Login - Reset Workflow State {"userId":"cmkjshum60000z9d3uu7flexk"}
[2026-01-19T16:45:47.626Z] JWT Callback {"tokenSub":"cmkjshum60000z9d3uu7flexk","event":"SignIn","hasAccount":true}
[2026-01-19T16:45:48.950Z] JWT Callback {"tokenSub":"cmkjshum60000z9d3uu7flexk","event":"Session","hasAccount":false}
[2026-01-19T16:45:49.465Z] JWT Callback {"tokenSub":"cmkjshum60000z9d3uu7flexk","event":"Session","hasAccount":false}
[2026-01-19T16:45:49.741Z] JWT Callback {"tokenSub":"cmkjshum60000z9d3uu7flexk","event":"Session","hasAccount":false}
[2026-01-19T16:45:49.747Z] JWT Callback {"tokenSub":"cmkjshum60000z9d3uu7flexk","event":"Session","hasAccount":false}
[2026-01-19T16:45:49.752Z] JWT Callback {"tokenSub":"cmkjshum60000z9d3uu7flexk","event":"Session","hasAccount":false}
[2026-01-19T16:46:18.806Z] JWT Callback {"tokenSub":"cmkjshum60000z9d3uu7flexk","event":"Session","hasAccount":false}
[2026-01-19T16:46:26.885Z] JWT Callback {"tokenSub":"cmkjshum60000z9d3uu7flexk","event":"Session","hasAccount":false}
[2026-01-19T16:46:26.897Z] JWT Callback {"tokenSub":"cmkjshum60000z9d3uu7flexk","event":"Session","hasAccount":false}
[2026-01-19T16:46:26.913Z] JWT Callback {"tokenSub":"cmkjshum60000z9d3uu7flexk","event":"Session","hasAccount":false}
[2026-01-19T16:46:30.820Z] JWT Callback {"tokenSub":"cmkjshum60000z9d3uu7flexk","event":"Session","hasAccount":false}
[2026-01-19T16:52:00.067Z] JWT Callback {"tokenSub":"cmkjshum60000z9d3uu7flexk","event":"Session","hasAccount":false}
[2026-01-19T16:52:07.853Z] JWT Callback {"tokenSub":"cmkjshum60000z9d3uu7flexk","event":"Session","hasAccount":false}
[2026-01-19T16:58:29.180Z] JWT Callback {"tokenSub":"cmkjshum60000z9d3uu7flexk","event":"Session","hasAccount":false}
[2026-01-19T16:59:07.709Z] JWT Callback {"tokenSub":"cmkjshum60000z9d3uu7flexk","event":"Session","hasAccount":false}
[2026-01-19T16:59:49.847Z] JWT Callback {"tokenSub":"cmkjshum60000z9d3uu7flexk","event":"Session","hasAccount":false}
[2026-01-19T16:59:51.269Z] JWT Callback {"tokenSub":"cmkjshum60000z9d3uu7flexk","event":"Session","hasAccount":false}
[2026-01-19T17:00:04.415Z] JWT Callback {"tokenSub":"cmkjshum60000z9d3uu7flexk","event":"Session","hasAccount":false}
[2026-01-19T17:00:04.440Z] JWT Callback {"tokenSub":"cmkjshum60000z9d3uu7flexk","event":"Session","hasAccount":false}
[2026-01-19T17:00:04.450Z] JWT Callback {"tokenSub":"cmkjshum60000z9d3uu7flexk","event":"Session","hasAccount":false}
[2026-01-19T17:00:54.779Z] JWT Callback {"tokenSub":"cmkjshum60000z9d3uu7flexk","event":"Session","hasAccount":false}
[2026-01-19T17:02:32.525Z] JWT Callback {"tokenSub":"cmkjshum60000z9d3uu7flexk","event":"Session","hasAccount":false}
[2026-01-19T17:02:36.275Z] JWT Callback {"tokenSub":"cmkjshum60000z9d3uu7flexk","event":"Session","hasAccount":false}
[2026-01-19T17:05:26.326Z] JWT Callback {"tokenSub":"cmkjshum60000z9d3uu7flexk","event":"Session","hasAccount":false}
[2026-01-19T17:05:26.338Z] JWT Callback {"tokenSub":"cmkjshum60000z9d3uu7flexk","event":"Session","hasAccount":false}
[2026-01-19T17:05:53.050Z] JWT Callback {"tokenSub":"cmkjshum60000z9d3uu7flexk","event":"Session","hasAccount":false}
[2026-01-19T17:05:53.069Z] JWT Callback {"tokenSub":"cmkjshum60000z9d3uu7flexk","event":"Session","hasAccount":false}
[2026-01-19T17:10:25.165Z] JWT Callback {"tokenSub":"cmkjshum60000z9d3uu7flexk","event":"Session","hasAccount":false}
[2026-01-19T17:10:25.211Z] JWT Callback {"tokenSub":"cmkjshum60000z9d3uu7flexk","event":"Session","hasAccount":false}
[2026-01-19T17:10:29.989Z] JWT Callback {"tokenSub":"cmkjshum60000z9d3uu7flexk","event":"Session","hasAccount":false}
[2026-01-19T17:10:30.648Z] JWT Callback {"tokenSub":"cmkjshum60000z9d3uu7flexk","event":"Session","hasAccount":false}
[2026-01-19T17:10:30.842Z] JWT Callback {"tokenSub":"cmkjshum60000z9d3uu7flexk","event":"Session","hasAccount":false}
[2026-01-19T17:10:44.950Z] JWT Callback {"tokenSub":"cmkjshum60000z9d3uu7flexk","event":"Session","hasAccount":false}
[2026-01-19T17:10:46.741Z] JWT Callback {"tokenSub":"cmkjshum60000z9d3uu7flexk","event":"Session","hasAccount":false}
[2026-01-19T17:10:46.750Z] JWT Callback {"tokenSub":"cmkjshum60000z9d3uu7flexk","event":"Session","hasAccount":false}
[2026-01-19T17:10:47.117Z] JWT Callback {"tokenSub":"cmkjshum60000z9d3uu7flexk","event":"Session","hasAccount":false}
[2026-01-19T17:10:50.492Z] JWT Callback {"tokenSub":"cmkjshum60000z9d3uu7flexk","event":"Session","hasAccount":false}
[2026-01-19T17:10:57.409Z] JWT Callback {"tokenSub":"cmkjshum60000z9d3uu7flexk","event":"Session","hasAccount":false}
[2026-01-19T17:10:59.118Z] JWT Callback {"tokenSub":"cmkjshum60000z9d3uu7flexk","event":"Session","hasAccount":false}
[2026-01-19T17:10:59.586Z] JWT Callback {"tokenSub":"cmkjshum60000z9d3uu7flexk","event":"Session","hasAccount":false}
[2026-01-19T17:11:13.557Z] JWT Callback {"tokenSub":"cmkjshum60000z9d3uu7flexk","event":"Session","hasAccount":false}
[2026-01-19T17:15:33.256Z] JWT Callback {"tokenSub":"cmkjshum60000z9d3uu7flexk","event":"Session","hasAccount":false}
[2026-01-19T17:15:52.576Z] JWT Callback {"tokenSub":"cmkjshum60000z9d3uu7flexk","event":"Session","hasAccount":false}
[2026-01-19T17:16:21.404Z] JWT Callback {"tokenSub":"cmkjshum60000z9d3uu7flexk","event":"Session","hasAccount":false}
[2026-01-19T17:16:21.483Z] JWT Callback {"tokenSub":"cmkjshum60000z9d3uu7flexk","event":"Session","hasAccount":false}
[2026-01-19T17:16:21.574Z] JWT Callback {"tokenSub":"cmkjshum60000z9d3uu7flexk","event":"Session","hasAccount":false}
[2026-01-19T17:16:21.643Z] JWT Callback {"tokenSub":"cmkjshum60000z9d3uu7flexk","event":"Session","hasAccount":false}
[2026-01-19T17:16:21.738Z] JWT Callback {"tokenSub":"cmkjshum60000z9d3uu7flexk","event":"Session","hasAccount":false}
[2026-01-19T17:16:21.868Z] JWT Callback {"tokenSub":"cmkjshum60000z9d3uu7flexk","event":"Session","hasAccount":false}
[2026-01-19T17:16:22.005Z] JWT Callback {"tokenSub":"cmkjshum60000z9d3uu7flexk","event":"Session","hasAccount":false}
[2026-01-19T17:16:22.065Z] JWT Callback {"tokenSub":"cmkjshum60000z9d3uu7flexk","event":"Session","hasAccount":false}
[2026-01-19T17:16:22.159Z] JWT Callback {"tokenSub":"cmkjshum60000z9d3uu7flexk","event":"Session","hasAccount":false}
[2026-01-19T17:16:22.217Z] JWT Callback {"tokenSub":"cmkjshum60000z9d3uu7flexk","event":"Session","hasAccount":false}
[2026-01-19T17:16:22.303Z] JWT Callback {"tokenSub":"cmkjshum60000z9d3uu7flexk","event":"Session","hasAccount":false}
[2026-01-19T17:16:22.369Z] JWT Callback {"tokenSub":"cmkjshum60000z9d3uu7flexk","event":"Session","hasAccount":false}
[2026-01-19T17:16:22.469Z] JWT Callback {"tokenSub":"cmkjshum60000z9d3uu7flexk","event":"Session","hasAccount":false}
[2026-01-19T17:16:22.552Z] JWT Callback {"tokenSub":"cmkjshum60000z9d3uu7flexk","event":"Session","hasAccount":false}
[2026-01-19T17:16:22.610Z] JWT Callback {"tokenSub":"cmkjshum60000z9d3uu7flexk","event":"Session","hasAccount":false}
[2026-01-19T17:16:22.684Z] JWT Callback {"tokenSub":"cmkjshum60000z9d3uu7flexk","event":"Session","hasAccount":false}
[2026-01-19T17:16:22.778Z] JWT Callback {"tokenSub":"cmkjshum60000z9d3uu7flexk","event":"Session","hasAccount":false}
[2026-01-19T17:16:22.852Z] JWT Callback {"tokenSub":"cmkjshum60000z9d3uu7flexk","event":"Session","hasAccount":false}
[2026-01-19T17:16:22.930Z] JWT Callback {"tokenSub":"cmkjshum60000z9d3uu7flexk","event":"Session","hasAccount":false}
[2026-01-19T17:16:22.991Z] JWT Callback {"tokenSub":"cmkjshum60000z9d3uu7flexk","event":"Session","hasAccount":false}
[2026-01-19T17:16:23.066Z] JWT Callback {"tokenSub":"cmkjshum60000z9d3uu7flexk","event":"Session","hasAccount":false}
[2026-01-19T17:16:23.140Z] JWT Callback {"tokenSub":"cmkjshum60000z9d3uu7flexk","event":"Session","hasAccount":false}
[2026-01-19T17:16:23.202Z] JWT Callback {"tokenSub":"cmkjshum60000z9d3uu7flexk","event":"Session","hasAccount":false}
[2026-01-19T17:16:23.286Z] JWT Callback {"tokenSub":"cmkjshum60000z9d3uu7flexk","event":"Session","hasAccount":false}
[2026-01-19T17:16:23.362Z] JWT Callback {"tokenSub":"cmkjshum60000z9d3uu7flexk","event":"Session","hasAccount":false}
[2026-01-19T17:16:23.424Z] JWT Callback {"tokenSub":"cmkjshum60000z9d3uu7flexk","event":"Session","hasAccount":false}
[2026-01-19T17:16:23.520Z] JWT Callback {"tokenSub":"cmkjshum60000z9d3uu7flexk","event":"Session","hasAccount":false}
[2026-01-19T17:16:23.586Z] JWT Callback {"tokenSub":"cmkjshum60000z9d3uu7flexk","event":"Session","hasAccount":false}
[2026-01-19T17:16:23.665Z] JWT Callback {"tokenSub":"cmkjshum60000z9d3uu7flexk","event":"Session","hasAccount":false}
[2026-01-19T17:16:23.736Z] JWT Callback {"tokenSub":"cmkjshum60000z9d3uu7flexk","event":"Session","hasAccount":false}
[2026-01-19T17:16:23.792Z] JWT Callback {"tokenSub":"cmkjshum60000z9d3uu7flexk","event":"Session","hasAccount":false}
[2026-01-19T17:16:23.863Z] JWT Callback {"tokenSub":"cmkjshum60000z9d3uu7flexk","event":"Session","hasAccount":false}
[2026-01-19T17:16:23.927Z] JWT Callback {"tokenSub":"cmkjshum60000z9d3uu7flexk","event":"Session","hasAccount":false}
[2026-01-19T17:16:24.005Z] JWT Callback {"tokenSub":"cmkjshum60000z9d3uu7flexk","event":"Session","hasAccount":false}
[2026-01-19T17:16:24.084Z] JWT Callback {"tokenSub":"cmkjshum60000z9d3uu7flexk","event":"Session","hasAccount":false}
[2026-01-19T17:16:24.147Z] JWT Callback {"tokenSub":"cmkjshum60000z9d3uu7flexk","event":"Session","hasAccount":false}
[2026-01-19T17:16:24.217Z] JWT Callback {"tokenSub":"cmkjshum60000z9d3uu7flexk","event":"Session","hasAccount":false}
[2026-01-19T17:16:24.297Z] JWT Callback {"tokenSub":"cmkjshum60000z9d3uu7flexk","event":"Session","hasAccount":false}
[2026-01-19T17:16:24.361Z] JWT Callback {"tokenSub":"cmkjshum60000z9d3uu7flexk","event":"Session","hasAccount":false}
[2026-01-19T17:16:24.448Z] JWT Callback {"tokenSub":"cmkjshum60000z9d3uu7flexk","event":"Session","hasAccount":false}
[2026-01-19T17:16:24.509Z] JWT Callback {"tokenSub":"cmkjshum60000z9d3uu7flexk","event":"Session","hasAccount":false}
[2026-01-19T17:16:24.592Z] JWT Callback {"tokenSub":"cmkjshum60000z9d3uu7flexk","event":"Session","hasAccount":false}
[2026-01-19T17:16:24.667Z] JWT Callback {"tokenSub":"cmkjshum60000z9d3uu7flexk","event":"Session","hasAccount":false}
[2026-01-19T17:16:24.740Z] JWT Callback {"tokenSub":"cmkjshum60000z9d3uu7flexk","event":"Session","hasAccount":false}
[2026-01-19T17:16:24.795Z] JWT Callback {"tokenSub":"cmkjshum60000z9d3uu7flexk","event":"Session","hasAccount":false}
[2026-01-19T17:16:24.857Z] JWT Callback {"tokenSub":"cmkjshum60000z9d3uu7flexk","event":"Session","hasAccount":false}
[2026-01-19T17:16:24.894Z] JWT Callback {"tokenSub":"cmkjshum60000z9d3uu7flexk","event":"Session","hasAccount":false}
[2026-01-19T17:16:24.927Z] JWT Callback {"tokenSub":"cmkjshum60000z9d3uu7flexk","event":"Session","hasAccount":false}
[2026-01-19T17:16:24.969Z] JWT Callback {"tokenSub":"cmkjshum60000z9d3uu7flexk","event":"Session","hasAccount":false}
[2026-01-19T17:16:25.019Z] JWT Callback {"tokenSub":"cmkjshum60000z9d3uu7flexk","event":"Session","hasAccount":false}
[2026-01-19T17:16:25.076Z] JWT Callback {"tokenSub":"cmkjshum60000z9d3uu7flexk","event":"Session","hasAccount":false}
[2026-01-19T17:16:25.111Z] JWT Callback {"tokenSub":"cmkjshum60000z9d3uu7flexk","event":"Session","hasAccount":false}
[2026-01-19T17:16:25.144Z] JWT Callback {"tokenSub":"cmkjshum60000z9d3uu7flexk","event":"Session","hasAccount":false}
[2026-01-19T17:16:25.177Z] JWT Callback {"tokenSub":"cmkjshum60000z9d3uu7flexk","event":"Session","hasAccount":false}
[2026-01-19T17:16:25.219Z] JWT Callback {"tokenSub":"cmkjshum60000z9d3uu7flexk","event":"Session","hasAccount":false}
[2026-01-19T17:16:25.252Z] JWT Callback {"tokenSub":"cmkjshum60000z9d3uu7flexk","event":"Session","hasAccount":false}
[2026-01-19T17:16:25.285Z] JWT Callback {"tokenSub":"cmkjshum60000z9d3uu7flexk","event":"Session","hasAccount":false}
[2026-01-19T17:16:25.319Z] JWT Callback {"tokenSub":"cmkjshum60000z9d3uu7flexk","event":"Session","hasAccount":false}
[2026-01-19T17:16:25.359Z] JWT Callback {"tokenSub":"cmkjshum60000z9d3uu7flexk","event":"Session","hasAccount":false}
[2026-01-19T17:16:25.393Z] JWT Callback {"tokenSub":"cmkjshum60000z9d3uu7flexk","event":"Session","hasAccount":false}
[2026-01-19T17:16:25.426Z] JWT Callback {"tokenSub":"cmkjshum60000z9d3uu7flexk","event":"Session","hasAccount":false}
[2026-01-19T17:16:25.466Z] JWT Callback {"tokenSub":"cmkjshum60000z9d3uu7flexk","event":"Session","hasAccount":false}
[2026-01-19T17:16:25.500Z] JWT Callback {"tokenSub":"cmkjshum60000z9d3uu7flexk","event":"Session","hasAccount":false}
[2026-01-19T17:16:25.532Z] JWT Callback {"tokenSub":"cmkjshum60000z9d3uu7flexk","event":"Session","hasAccount":false}
[2026-01-19T17:16:25.576Z] JWT Callback {"tokenSub":"cmkjshum60000z9d3uu7flexk","event":"Session","hasAccount":false}
[2026-01-19T17:16:25.611Z] JWT Callback {"tokenSub":"cmkjshum60000z9d3uu7flexk","event":"Session","hasAccount":false}
[2026-01-19T17:16:25.645Z] JWT Callback {"tokenSub":"cmkjshum60000z9d3uu7flexk","event":"Session","hasAccount":false}
[2026-01-19T17:16:25.683Z] JWT Callback {"tokenSub":"cmkjshum60000z9d3uu7flexk","event":"Session","hasAccount":false}
[2026-01-19T17:16:25.716Z] JWT Callback {"tokenSub":"cmkjshum60000z9d3uu7flexk","event":"Session","hasAccount":false}
[2026-01-19T17:16:25.748Z] JWT Callback {"tokenSub":"cmkjshum60000z9d3uu7flexk","event":"Session","hasAccount":false}
[2026-01-19T17:16:25.783Z] JWT Callback {"tokenSub":"cmkjshum60000z9d3uu7flexk","event":"Session","hasAccount":false}
[2026-01-19T17:16:25.816Z] JWT Callback {"tokenSub":"cmkjshum60000z9d3uu7flexk","event":"Session","hasAccount":false}
[2026-01-19T17:16:25.851Z] JWT Callback {"tokenSub":"cmkjshum60000z9d3uu7flexk","event":"Session","hasAccount":false}
[2026-01-19T17:16:25.882Z] JWT Callback {"tokenSub":"cmkjshum60000z9d3uu7flexk","event":"Session","hasAccount":false}
[2026-01-19T17:17:09.475Z] JWT Callback {"tokenSub":"cmkjshum60000z9d3uu7flexk","event":"Session","hasAccount":false}
[2026-01-19T17:17:09.560Z] JWT Callback {"tokenSub":"cmkjshum60000z9d3uu7flexk","event":"Session","hasAccount":false}
[2026-01-19T17:17:09.740Z] JWT Callback {"tokenSub":"cmkjshum60000z9d3uu7flexk","event":"Session","hasAccount":false}
[2026-01-19T17:17:10.062Z] JWT Callback {"tokenSub":"cmkjshum60000z9d3uu7flexk","event":"Session","hasAccount":false}
[2026-01-19T17:17:10.818Z] JWT Callback {"tokenSub":"cmkjshum60000z9d3uu7flexk","event":"Session","hasAccount":false}
[2026-01-19T17:17:10.850Z] JWT Callback {"tokenSub":"cmkjshum60000z9d3uu7flexk","event":"Session","hasAccount":false}
[2026-01-19T17:17:10.858Z] JWT Callback {"tokenSub":"cmkjshum60000z9d3uu7flexk","event":"Session","hasAccount":false}
[2026-01-19T17:17:10.861Z] JWT Callback {"tokenSub":"cmkjshum60000z9d3uu7flexk","event":"Session","hasAccount":false}
[2026-01-19T17:17:10.940Z] JWT Callback {"tokenSub":"cmkjshum60000z9d3uu7flexk","event":"Session","hasAccount":false}
[2026-01-19T17:17:24.141Z] JWT Callback {"tokenSub":"cmkjshum60000z9d3uu7flexk","event":"Session","hasAccount":false}
[2026-01-19T17:17:24.324Z] JWT Callback {"tokenSub":"cmkjshum60000z9d3uu7flexk","event":"Session","hasAccount":false}
[2026-01-19T17:17:24.417Z] JWT Callback {"tokenSub":"cmkjshum60000z9d3uu7flexk","event":"Session","hasAccount":false}
[2026-01-19T17:17:24.962Z] JWT Callback {"tokenSub":"cmkjshum60000z9d3uu7flexk","event":"Session","hasAccount":false}
[2026-01-19T17:17:24.989Z] JWT Callback {"tokenSub":"cmkjshum60000z9d3uu7flexk","event":"Session","hasAccount":false}
[2026-01-19T17:17:24.997Z] JWT Callback {"tokenSub":"cmkjshum60000z9d3uu7flexk","event":"Session","hasAccount":false}
[2026-01-19T17:17:25.005Z] JWT Callback {"tokenSub":"cmkjshum60000z9d3uu7flexk","event":"Session","hasAccount":false}
[2026-01-19T17:17:25.072Z] JWT Callback {"tokenSub":"cmkjshum60000z9d3uu7flexk","event":"Session","hasAccount":false}
[2026-01-19T17:17:55.941Z] JWT Callback {"tokenSub":"cmkjshum60000z9d3uu7flexk","event":"Session","hasAccount":false}
[2026-01-19T17:18:24.712Z] JWT Callback {"tokenSub":"cmkjshum60000z9d3uu7flexk","event":"Session","hasAccount":false}
[2026-01-19T17:18:25.215Z] JWT Callback {"tokenSub":"cmkjshum60000z9d3uu7flexk","event":"Session","hasAccount":false}
[2026-01-19T17:18:25.220Z] JWT Callback {"tokenSub":"cmkjshum60000z9d3uu7flexk","event":"Session","hasAccount":false}
[2026-01-19T17:18:25.349Z] JWT Callback {"tokenSub":"cmkjshum60000z9d3uu7flexk","event":"Session","hasAccount":false}
[2026-01-19T17:18:26.122Z] JWT Callback {"tokenSub":"cmkjshum60000z9d3uu7flexk","event":"Session","hasAccount":false}
[2026-01-19T17:18:26.253Z] JWT Callback {"tokenSub":"cmkjshum60000z9d3uu7flexk","event":"Session","hasAccount":false}
[2026-01-19T17:18:26.256Z] JWT Callback {"tokenSub":"cmkjshum60000z9d3uu7flexk","event":"Session","hasAccount":false}
[2026-01-19T17:18:26.263Z] JWT Callback {"tokenSub":"cmkjshum60000z9d3uu7flexk","event":"Session","hasAccount":false}
[2026-01-19T17:20:28.788Z] JWT Callback {"tokenSub":"cmkjshum60000z9d3uu7flexk","event":"Session","hasAccount":false}
[2026-01-19T17:20:43.778Z] JWT Callback {"tokenSub":"cmkjshum60000z9d3uu7flexk","event":"Session","hasAccount":false}
[2026-01-19T17:20:44.016Z] JWT Callback {"tokenSub":"cmkjshum60000z9d3uu7flexk","event":"Session","hasAccount":false}
[2026-01-19T17:20:44.604Z] JWT Callback {"tokenSub":"cmkjshum60000z9d3uu7flexk","event":"Session","hasAccount":false}
[2026-01-19T17:20:44.630Z] JWT Callback {"tokenSub":"cmkjshum60000z9d3uu7flexk","event":"Session","hasAccount":false}
[2026-01-19T17:20:44.831Z] JWT Callback {"tokenSub":"cmkjshum60000z9d3uu7flexk","event":"Session","hasAccount":false}
[2026-01-19T17:20:45.510Z] JWT Callback {"tokenSub":"cmkjshum60000z9d3uu7flexk","event":"Session","hasAccount":false}
[2026-01-19T17:20:45.733Z] JWT Callback {"tokenSub":"cmkjshum60000z9d3uu7flexk","event":"Session","hasAccount":false}
[2026-01-19T17:20:45.740Z] JWT Callback {"tokenSub":"cmkjshum60000z9d3uu7flexk","event":"Session","hasAccount":false}
[2026-01-19T17:20:45.748Z] JWT Callback {"tokenSub":"cmkjshum60000z9d3uu7flexk","event":"Session","hasAccount":false}
[2026-01-19T17:21:02.405Z] JWT Callback {"tokenSub":"cmkjshum60000z9d3uu7flexk","event":"Session","hasAccount":false}
[2026-01-19T17:21:05.791Z] JWT Callback {"tokenSub":"cmkjshum60000z9d3uu7flexk","event":"Session","hasAccount":false}
[2026-01-19T17:21:20.380Z] JWT Callback {"tokenSub":"cmkjshum60000z9d3uu7flexk","event":"Session","hasAccount":false}
[2026-01-19T17:21:22.200Z] JWT Callback {"tokenSub":"cmkjshum60000z9d3uu7flexk","event":"Session","hasAccount":false}
[2026-01-19T17:22:57.074Z] JWT Callback {"tokenSub":"cmkjshum60000z9d3uu7flexk","event":"Session","hasAccount":false}
[2026-01-19T17:25:14.348Z] JWT Callback {"tokenSub":"cmkjshum60000z9d3uu7flexk","event":"Session","hasAccount":false}
[2026-01-19T17:25:14.402Z] JWT Callback {"tokenSub":"cmkjshum60000z9d3uu7flexk","event":"Session","hasAccount":false}
[2026-01-19T17:25:16.892Z] JWT Callback {"tokenSub":"cmkjshum60000z9d3uu7flexk","event":"Session","hasAccount":false}
[2026-01-19T17:25:16.905Z] JWT Callback {"tokenSub":"cmkjshum60000z9d3uu7flexk","event":"Session","hasAccount":false}
[2026-01-19T17:25:16.924Z] JWT Callback {"tokenSub":"cmkjshum60000z9d3uu7flexk","event":"Session","hasAccount":false}
[2026-01-19T17:25:20.354Z] JWT Callback {"tokenSub":"cmkjshum60000z9d3uu7flexk","event":"Session","hasAccount":false}
[2026-01-19T17:25:25.118Z] JWT Callback {"tokenSub":"cmkjshum60000z9d3uu7flexk","event":"Session","hasAccount":false}
[2026-01-19T17:25:29.650Z] JWT Callback {"tokenSub":"cmkjshum60000z9d3uu7flexk","event":"Session","hasAccount":false}
[2026-01-19T17:25:53.573Z] JWT Callback {"tokenSub":"cmkjshum60000z9d3uu7flexk","event":"Session","hasAccount":false}
[2026-01-19T17:25:53.652Z] JWT Callback {"tokenSub":"cmkjshum60000z9d3uu7flexk","event":"Session","hasAccount":false}
[2026-01-19T17:25:57.242Z] JWT Callback {"tokenSub":"cmkjshum60000z9d3uu7flexk","event":"Session","hasAccount":false}
[2026-01-19T17:26:04.977Z] JWT Callback {"tokenSub":"cmkjshum60000z9d3uu7flexk","event":"Session","hasAccount":false}
